"doi","openalex_id","title","year","type","authors","journal","cited_by","is_oa","queries","abstract_short"
"https://doi.org/10.1103/physrevlett.125.221301","https://openalex.org/W3108082055","New Extraction of the Cosmic Birefringence from the Planck 2018 Polarization Data","2020","article","Y. Minami; Eiichiro Komatsu","Physical Review Letters","290","True","q1_birefringence","We search for evidence of parity-violating physics in the Planck 2018 polarization data and report on a new measurement of the cosmic birefringence angle β. The previous measurements are limited by the systematic uncertainty in the absolute polarization angles of the Planck detectors. We mitigate this systematic uncertainty completely by simultaneously determining β and the angle miscalibration using the observed cross-correlation of the E- and B-mode polarization of the cosmic microwave backgro"
"https://doi.org/10.1088/1475-7516/2025/11/063","https://openalex.org/W7106028304","The Atacama Cosmology Telescope: DR6 constraints on extended cosmological models","2025","article","Erminia Calabrese; J. Colin Hill; Hidde T. Jense; Adrien La Posta; Irene Abril-Cabezas; Graeme E. Addison; Peter A.R. Ade; Simone Aiola; Tommy Alford; David Alonso; Mandana Amiri; Rui An; Zachary Atkins; Jason E. Austermann; Eleonora Barbavara; Nicola Barbieri; Nicholas Battaglia; Elia Stefano Battistelli; James A. Beall; Rachel Bean; Ali Beheshti; Benjamin Beringue; Tanay Bhandarkar; Emily Biermann; Boris Bolliet; J Richard Bond; Valentina Capalbo; Felipe Carrero; Shi-Fan Chen; Grace Chesmore; Hsiao-mei Cho; Steve K. Choi; Susan E. Clark; Nicholas F. Cothard; Kevin Coughlin; William Coulton; Devin Crichton; Kevin T. Crowley; Omar Darwish; Mark J. Devlin; Simon Dicker; Cody J. Duell; Shannon M. Duff; Adriaan J. Duivenvoorden; Jo Dunkley; Rolando Dunner; Carmen Embil Villagra; Max Fankhanel; Gerrit S. Farren; Simone Ferraro; Allen Foster; Rodrigo Freundt; Brittany Fuzia; Patricio A. Gallardo; Xavier Garrido; Martina Gerbino; Serena Giardiello; Ajay Gill; Jahmour Givans; Vera Gluscevic; Samuel Goldstein; Joseph E. Golec; Yulin Gong; Yilun Guan; Mark Halpern; Ian Harrison; Matthew Hasselfield; Adam He; Erin Healy; Shawn Henderson; Brandon Hensley; Carlos Hervías-Caimapo; Gene C. Hilton; Matt Hilton; Adam D. Hincks; Renée Hložek; Shuay-Pwu Patty Ho; John Hood; Erika Hornecker; Zachary B. Huber; Johannes Hubmayr; Kevin M. Huffenberger; John P. Hughes; Margaret Ikape; Kent Irwin; Giovanni Isopi; Neha Joshi; Ben Keller; Joshua Kim; Kenda Knowles; Brian J. Koopman; Arthur Kosowsky; Darby Kramer; Aleksandra Kusiak; Alex Laguë; Victoria Lakey; Massimiliano Lattanzi; Eunseong Lee; Yaqiong Li; Zack Li","Journal of Cosmology and Astroparticle Physics","179","True","q3_alps","Abstract We use new cosmic microwave background (CMB) primary temperature and polarization anisotropy measurements from the Atacama Cosmology Telescope (ACT) Data Release 6 (DR6) to test foundational assumptions of the standard cosmological model, ΛCDM, and set constraints on extensions to it. We derive constraints from the ACT DR6 power spectra alone, as well as in combination with legacy data from the Planck mission. To break geometric degeneracies, we include ACT and Planck CMB lensing data a"
"https://doi.org/10.1038/s42254-022-00452-4","https://openalex.org/W4280535916","New physics from the polarized light of the cosmic microwave background","2022","review","Eiichiro Komatsu","Nature Reviews Physics","172","False","q1_birefringence",""
"https://doi.org/10.1103/physrevlett.128.091302","https://openalex.org/W4214521858","Cosmic Birefringence from thePlanckData Release 4","2022","article","P. Diego-Palazuelos; J. R. Eskilt; Y. Minami; M. Tristram; R. M. Sullivan; A. J. Banday; R. B. Barreiro; H. K. Eriksen; K. M. Górski; R. Keskitalo; E. Komatsu; E. Martínez-González; D. Scott; P. Vielva; I. K. Wehus","Physical Review Letters","153","True","q1_birefringence","We search for the signature of parity-violating physics in the cosmic microwave background, called cosmic birefringence, using the Planck data release 4. We initially find a birefringence angle of $\ensuremath{\beta}=0.30\ifmmode^\circ\else\textdegree\fi{}\ifmmode\pm\else\textpm\fi{}0.11\ifmmode^\circ\else\textdegree\fi{}$ (68% C.L.) for nearly full-sky data. The values of $\ensuremath{\beta}$ decrease as we enlarge the Galactic mask, which can be interpreted as the effect of polarized foregroun"
"https://doi.org/10.1103/physrevd.106.063503","https://openalex.org/W4295861569","Improved constraints on cosmic birefringence from the WMAP and Planck cosmic microwave background polarization data","2022","article","Johannes R. Eskilt; Eiichiro Komatsu","Physical review. D/Physical review. D.","130","True","q1_birefringence","The observed pattern of linear polarization of the cosmic microwave background photons is a sensitive probe of physics violating parity symmetry under inversion of spatial coordinates. A new parity-violating interaction might have rotated the plane of linear polarization by an angle $\ensuremath{\beta}$ as the cosmic microwave background photons have been traveling for more than 13 billion years. This effect is known as ``cosmic birefringence.'' In this paper, we present new measurements of cosm"
"https://doi.org/10.1103/physrevd.101.083537","https://openalex.org/W2983035276","Thermal friction as a solution to the Hubble tension","2020","article","Kim V. Berghaus; Tanvi Karwal","Physical review. D/Physical review. D.","125","True","q3_alps","A new component added to the standard model of cosmology that behaves like a cosmological constant at early times and then dilutes away as radiation or faster can resolve the Hubble tension. We show that a rolling axion coupled to a non-Abelian gauge group exhibits the behavior of such an extra component at the background level and can present a natural particle-physics model solution to the Hubble tension. We compare the contribution of this bottom-up model to the phenomenological fluid approxi"
"https://doi.org/10.1103/physrevd.109.l121305","https://openalex.org/W4394673559","Quintessential interpretation of the evolving dark energy in light of DESI observations","2024","article","Yuichiro Tada; Takahiro Terada","Physical review. D/Physical review. D.","120","True","q1_birefringence","The recent result of the Dark Energy Spectroscopic Instrument (DESI) in combination with other cosmological data shows evidence of the evolving dark energy parametrized by the ${w}_{0}{w}_{a}\mathrm{CDM}$ model. We interpret this result in terms of a quintessential scalar field and demonstrate that it can explain the DESI result even though it becomes eventually phantom in the past. Relaxing the assumption on the functional form of the equation-of-state parameter $w=w(a)$, we also discuss a more"
"https://doi.org/10.1093/ptep/ptz079","https://openalex.org/W2968797455","Simultaneous determination of the cosmic birefringence and miscalibrated polarization angles from CMB experiments","2019","article","Y. Minami; Hiroki Ochi; Kiyotomo Ichiki; N. Katayama; Eiichiro Komatsu; T. Matsumura","Progress of Theoretical and Experimental Physics","89","True","q1_birefringence","Abstract We show that the cosmic birefringence and miscalibrated polarization angles can be determined simultaneously by cosmic microwave background (CMB) experiments using the cross-correlation between $E$- and $B$-mode polarization data. This is possible because the polarization angles of the CMB are rotated by both the cosmic birefringence and miscalibration effects, whereas those of the Galactic foreground emission are rotated only by the latter. Our method does not require prior knowledge o"
"https://doi.org/10.1103/physrevd.103.043509","https://openalex.org/W3106753625","Detection of isotropic cosmic birefringence and its implications for axionlike particles including dark energy","2021","article","Tomohiro Fujita; Kai Murai; Hiromasa Nakatsuka; Shinji Tsujikawa","Physical review. D/Physical review. D.","88","True","q1_birefringence","We investigate the possibility that axionlike particles (ALPs) with various potentials account for the isotropic birefringence recently reported by analyzing the Planck 2018 polarization data. For the quadratic and cosine potentials, we obtain lower bounds on the mass, coupling constant to photon $g$, abundance and equation of state of the ALP to produce the observed birefringence. Especially when the ALP is responsible for dark energy, it is possible to probe the tiny deviation of dark energy e"
"https://doi.org/10.1103/physrevd.101.083527","https://openalex.org/W3004029764","Atacama Cosmology Telescope: Constraints on cosmic birefringence","2020","article","Toshiya Namikawa; Yilun Guan; Omar Darwish; Blake D. Sherwin; Simone Aiola; Nicholas Battaglia; James A. Beall; Daniel Becker; J. Richard Bond; Erminia Calabrese; Grace E. Chesmore; Steve K. Choi; Mark J. Devlin; Joanna Dunkley; Rolando Dünner; Anna E. Fox; Patricio A. Gallardo; Vera Gluscevic; Dongwon Han; Matthew Hasselfield; Gene C Hilton; Adam D. Hincks; Renée Hložek; Johannes Hubmayr; Kevin M. Huffenberger; John P. Hughes; Brian J. Koopman; Arthur B. Kosowsky; Thibaut Louis; Marius Lungu; Amanda MacInnis; Mathew S. Madhavacheril; Maya Mallaby-Kay; Loïc Maurin; Jeffrey McMahon; Kavilan Moodley; Sigurd Næss; F. Nati; Laura B. Newburgh; John P. Nibarger; Michael D. Niemack; Lyman A. Page; Frank J. Qu; Naomi Robertson; A. Schillaci; Neelima Sehgal; Cristobál Sifón; Sara M. Simon; David N. Spergel; Suzanne T. Staggs; Emilie R. Storer; Alexander van Engelen; Jeff Van Lanen; Edward J. Wollack","Physical review. D/Physical review. D.","84","True","q1_birefringence","We present new constraints on anisotropic birefringence of the cosmic microwave background polarization using two seasons of data from the Atacama Cosmology Telescope covering 456 square degrees of sky. The birefringence power spectrum, measured using a curved-sky quadratic estimator, is consistent with zero. Our results provide the tightest current constraint on birefringence over a range of angular scales between 5 arc minutes and 9\ifmmode^\circ\else\textdegree\fi{}. We improve previous upper"
"https://doi.org/10.1088/1475-7516/2021/04/007","https://openalex.org/W3114442857","Kilobyte Cosmic Birefringence from ALP domain walls","2021","article","Fuminobu Takahashi; Wen Yin","Journal of Cosmology and Astroparticle Physics","83","True","q1_birefringence","Abstract ALP domain walls without strings may be formed in the early Universe. We point out that such ALP domain walls lead to both isotropic and anisotropic birefringence of cosmic microwave background (CMB) polarization, which reflects spatial configuration of the domain walls at the recombination. The polarization plane of the CMB photon coming from each domain is either not rotated at all or rotated by a fixed angle. For domain walls following the scaling solution, the cosmic birefringence o"
"https://doi.org/10.1051/0004-6361/202243269","https://openalex.org/W4221149438","Frequency-dependent constraints on cosmic birefringence from the LFI and HFI Planck Data Release 4","2022","article","Johannes R. Eskilt","Astronomy and Astrophysics","82","True","q1_birefringence","We present new constraints on the frequency dependence of the cosmic birefringence angle from the Planck Data Release 4 polarization maps. An axion field coupled to electromagnetism predicts a nearly frequency-independent birefringence angle, βν = β, while Faraday rotation from local magnetic fields and Lorentz violating theories predict a cosmic birefringence angle that is proportional to the frequency, ν, to the power of some integer n, βν ∝ νn. In this work, we first sampled βν individually f"
"https://doi.org/10.1093/mnras/stab1997","https://openalex.org/W3111523546","Spectral distortion constraints on photon injection from low-mass decaying particles","2021","article","Boris Bolliet; Jens Chluba; Richard A. Battye","Monthly Notices of the Royal Astronomical Society","77","True","q3_alps","ABSTRACT Spectral distortions (SDs) of the cosmic microwave background (CMB) provide a powerful tool for studying particle physics. Here we compute the distortion signals from decaying particles that convert directly into photons at different epochs during cosmic history, focusing on injection energies $E_\mathrm{inj}\lesssim 20\, \mathrm{keV}$. We deliver a comprehensive library of SD solutions, using CosmoTherm to compute the SD signals, including effects on the ionization history and opacitie"
"https://doi.org/10.1103/physrevd.102.083504","https://openalex.org/W3035054863","Searching for anisotropic cosmic birefringence with polarization data from SPTpol","2020","article","F. Bianchini; W. L. K. Wu; Peter A. R. Ade; Adam J. Anderson; Jason E. Austermann; J. S. Avva; L. Balkenhol; Eric J. Baxter; James A. Beall; A. N. Bender; Bradford A. Benson; Lindsey E. Bleem; J. E. Carlstrom; C. L. Chang; Prakrut Chaubal; H. C. Chiang; T.-L. Chou; R. Citron; C. Corbett Moran; T. M. Crawford; A. T. Crites; T. de Haan; M. Dobbs; Wendeline B. Everett; Jason R. Gallicchio; Elizabeth M. George; Adam Gilbert; N. Gupta; N. W. Halverson; J. W. Henning; Gene C Hilton; G. P. Holder; W. L. Holzapfel; J. D. Hrubes; N. Huang; Johannes Hubmayr; K. D. Irwin; L. Knox; A. T. Lee; D. Li; Amy E. Lowitz; A. Manzotti; J. J. McMahon; S. S. Meyer; M. Millea; L. M. Mocanu; J. Montgomery; A. Nadolski; T. Natoli; John P. Nibarger; Gavin I. Noble; V. Novosad; Y. Omori; S. Padin; S. Patil; Clement L. Pryke; Christian L. Reichardt; John E. Ruhl; Benjamin R. B. Saliwanchik; K. K. Schaffer; Charles A. Sievers; G. Simard; G. Smecher; Antony A. Stark; K. T. Story; Carole Tucker; K. Vanderlinde; Todd J. Veach; J. D. Vieira; Gang Wang; N. Whitehorn; Volodymyr G. Yefremenko","Physical review. D/Physical review. D.","71","True","q1_birefringence","The authors report on a search for cosmic birefringence in a region of the southern sky, with the South Pole Telescope. They reconstruct a map of cosmic polarization rotation anisotropies and measure the angular power spectrum of the map, finding it to be consistent with zero. This non detection is used to place constraints on the strength of primordial magnetic fields and of the coupling constant of the electromagnetic Chern-Simons term."
"https://doi.org/10.1103/physrevd.104.l101302","https://openalex.org/W3177410956","Cosmic birefringence and electroweak axion dark energy","2021","article","Gongjun Choi; Weikang Lin; Luca Visinelli; Tsutomu T. Yanagida","Physical review. D/Physical review. D.","70","True","q1_birefringence|q2_polarization","Taking the recently reported nonzero rotation angle of the cosmic microwave background (CMB) linear polarization $\ensuremath{\beta}=0.35\ifmmode\pm\else\textpm\fi{}0.14\text{ }\text{ }\mathrm{deg}$ as the hint for a pseudo--Nambu-Goldstone boson quintessence dark energy (DE), we study the electroweak (EW) axion quintessence DE model where the axion mass is generated by the EW instantons. We find that the observed value of $\ensuremath{\beta}$ implies a nontrivial $U(1)$ electromagnetic anomaly "
"https://doi.org/10.3847/1538-4357/ac0e35","https://openalex.org/W3159522911","The Origin of Parity Violation in Polarized Dust Emission and Implications for Cosmic Birefringence","2021","article","Susan E. Clark; Chang‐Goo Kim; James Colin Hill; Brandon S. Hensley","The Astrophysical Journal","70","True","q1_birefringence","Abstract Recent measurements of Galactic polarized dust emission have found a nonzero TB signal, a correlation between the total intensity and the B -mode polarization component. We present evidence that this parity-odd signal is driven by the relative geometry of the magnetic field and the filamentary interstellar medium in projection. Using neutral hydrogen morphology and Planck polarization data, we find that the angle between intensity structures and the plane-of-sky magnetic field orientati"
"https://doi.org/10.1038/s41563-022-01414-y","https://openalex.org/W4310496593","Topological steering of light by nematic vortices and analogy to cosmic strings","2022","article","Cuiling Meng; Jin-Sheng Wu; Ivan I. Smalyukh","Nature Materials","65","True","q1_birefringence",""
"https://doi.org/10.1103/physrevd.107.l041302","https://openalex.org/W4321446060","Isotropic cosmic birefringence from early dark energy","2023","article","Kai Murai; Fumihiro Naokawa; Toshiya Namikawa; Eiichiro Komatsu","Physical review. D/Physical review. D.","60","True","q1_birefringence","A tantalizing hint of isotropic cosmic birefringence has been found in the $EB$ cross-power spectrum of the cosmic microwave background (CMB) polarization data with a statistical significance of $3\ensuremath{\sigma}$. A pseudoscalar field coupled to the CMB photons via the Chern-Simons term can explain this observation. The same field may also be responsible for early dark energy (EDE), which alleviates the so-called Hubble tension. Since the EDE field evolves significantly during the recombina"
"https://doi.org/10.1093/mnras/stac1946","https://openalex.org/W3210343906","Fuzzy dark matter and the Dark Energy Survey Year 1 data","2022","article","Mona Dentler; David J. E. Marsh; Renée Hložek; Alex Laguë; Keir K. Rogers; Daniel Grin","Monthly Notices of the Royal Astronomical Society","60","True","q3_alps","ABSTRACT Gravitational weak lensing by dark matter haloes leads to a measurable imprint in the shear correlation function of galaxies. Fuzzy dark matter (FDM), composed of ultralight axion-like particles of mass m ∼ 10−22 eV, suppresses the matter power spectrum and shear correlation with respect to standard cold dark matter. We model the effect of FDM on cosmic shear using the optimized halo model HMCode, accounting for additional suppression of the mass function and halo concentration in FDM a"
"https://doi.org/10.1016/j.physletb.2023.137990","https://openalex.org/W4379231970","Stability of domain wall network with initial inflationary fluctuations and its implications for cosmic birefringence","2023","article","Diego Luis Gonzalez; Naoya Kitajima; Fuminobu Takahashi; Wen Yin","Physics Letters B","60","True","q1_birefringence|q3_alps","We study the formation and evolution of domain walls with initial inflationary fluctuations by numerical lattice calculations that, for the first time, correctly take into account correlations on superhorizon scales. We find that, contrary to the widely-held claim over the past few tens of years, the domain wall network exhibits remarkable stability even when the initial distribution is largely biased toward one of the minima. This is due to the fact that the domain wall network retains informat"
"https://doi.org/10.1103/physrevlett.131.121001","https://openalex.org/W4386829126","Constraints on Early Dark Energy from Isotropic Cosmic Birefringence","2023","article","Johannes R. Eskilt; Laura Herold; Eiichiro Komatsu; Kai Murai; Toshiya Namikawa; Fumihiro Naokawa","Physical Review Letters","57","True","q1_birefringence","Polarization of the cosmic microwave background (CMB) is sensitive to new physics violating parity symmetry, such as the presence of a pseudoscalar ""axionlike"" field. Such a field may be responsible for early dark energy (EDE), which is active prior to recombination and provides a solution to the so-called Hubble tension. The EDE field coupled to photons in a parity-violating manner would rotate the plane of linear polarization of the CMB and produce a cross-correlation power spectrum of E- and "
"https://doi.org/10.1103/physrevd.100.023507","https://openalex.org/W2939168179","Future CMB constraints on cosmic birefringence and implications for fundamental physics","2019","article","Levon Pogosian; Meir Shimon; Matthew Mewes; BRIAN G. KEATING","Physical review. D/Physical review. D.","57","True","q1_birefringence|q2_polarization|q3_alps","The primary scientific target of the ground- and space-based cosmic microwave background (CMB) polarization experiments currently being built and proposed is the detection of primordial tensor perturbations. As a byproduct, these instruments will significantly improve constraints on cosmic birefringence, or the rotation of the CMB polarization plane. If convincingly detected, cosmic birefringence would be a dramatic manifestation of physics beyond the standard models of particle physics and cosm"
"https://doi.org/10.1088/1475-7516/2022/09/021","https://openalex.org/W4297244131","Novel cosmological bounds on thermally-produced axion-like particles","2022","article","Luca Caloni; M. Gerbino; Massimiliano Lattanzi; Luca Visinelli","Journal of Cosmology and Astroparticle Physics","55","True","q3_alps","Abstract We constrain the coupling of thermally-produced axion-like particles (here axions) with photons and gluons, using data from the cosmic microwave background (CMB) spectra and baryon acoustic oscillations. The axion possesses an explicit soft breaking mass term and it is produced thermally in the early Universe from either axion-photon or axion-gluon processes, accounting for the recent progresses in the field. We derive the most stringent bounds on the axion-gluon coupling to date on the"
"https://doi.org/10.1103/physrevd.105.123509","https://openalex.org/W4221152390","Is cosmic birefringence due to dark energy or dark matter? A tomographic approach","2022","article","Hiromasa Nakatsuka; Toshiya Namikawa; Eiichiro Komatsu","Physical review. D/Physical review. D.","54","True","q1_birefringence","A pseudoscalar ``axionlike'' field, $\ensuremath{\phi}$, may explain the $3\ensuremath{\sigma}$ hint of cosmic birefringence observed in the $EB$ power spectrum of the cosmic microwave background polarization data. Is $\ensuremath{\phi}$ dark energy or dark matter? A tomographic approach can answer this question. The effective mass of dark energy field responsible for the accelerated expansion of the Universe today must be smaller than ${m}_{\ensuremath{\phi}}\ensuremath{\simeq}{10}^{\ensuremath"
"https://doi.org/10.1007/jhep07(2020)138","https://openalex.org/W2993614216","A CMB Millikan experiment with cosmic axiverse strings","2020","article","Prateek Agrawal; Anson Hook; Junwu Huang","Journal of High Energy Physics","52","True","q2_polarization","Abstract We study axion strings of hyperlight axions coupled to photons. Hyperlight axions — axions lighter than Hubble at recombination — are a generic prediction of the string axiverse. These axions strings produce a distinct quantized polarization rotation of CMB photons which is $$ \mathcal{O} $$ O (αem). As the CMB light passes many strings, this polarization rotation converts E-modes to B-modes and adds up like a random walk. Using numerical simulations we show that the expected size of th"
"https://doi.org/10.1088/1475-7516/2022/12/027","https://openalex.org/W4281638693","Cosmological constraints on decaying axion-like particles: a global analysis","2022","article","Csaba Balázs; Sanjay Bloor; Tomás E. Gonzalo; Will J. Handley; Sebastian Hoof; Felix Kahlhoefer; Marie Lecroq; David J. E. Marsh; Janina J. Renk; Pat Scott; Patrick Stöcker","Journal of Cosmology and Astroparticle Physics","51","True","q3_alps","Abstract Axion-like particles (ALPs) decaying into photons are known to affect a wide range of astrophysical and cosmological observables. In this study we focus on ALPs with masses in the keV–MeV range and lifetimes between 104 and 1013 seconds, corresponding to decays between the end of Big Bang Nucleosynthesis and the formation of the Cosmic Microwave Background (CMB). Using the CosmoBit module of the global fitting framework GAMBIT, we combine state-of-the-art calculations of the irreducible"
"https://doi.org/10.1007/jhep07(2019)095","https://openalex.org/W2962771718","ALP inflation and Big Bang on Earth","2019","article","Fuminobu Takahashi; Wen Yin","Journal of High Energy Physics","50","True","q3_alps","Abstract We study a hilltop inflation model where an axion-like particle (ALP) plays the role of the inflaton. We find that, for a broad class of potentials, the decay constant and the mass at the potential minimum satisfy the relation, m ϕ ∼ 10− 6 f, to explain the CMB normalization. The ALP is necessarily coupled to the standard model particles for successful reheating. The ALP with the above relation can be searched at beam dump experiments, e.g., the SHiP experiment, if the inflation scale i"
"https://doi.org/10.1088/1475-7516/2021/05/055","https://openalex.org/W3137623360","CMB birefringence from ultralight-axion string networks","2021","article","Mudit Jain; Andrew J. Long; Mustafa A. Amin","Journal of Cosmology and Astroparticle Physics","47","True","q1_birefringence","Abstract The polarization of Cosmic Microwave Background (CMB) photons is rotated as they pass through (ultralight-) axion string loops. Studying this birefringence can reveal valuable information about the axion-photon coupling and the structure of the string network. We develop an approximate analytic formalism and identify a kernel function that can be used to calculate the two-point correlation function for CMB birefringence induced by an arbitrary axion string network. Using this formalism,"
"https://doi.org/10.1093/ptep/ptaa130","https://openalex.org/W3081180934","Simultaneous determination of the cosmic birefringence and miscalibrated polarization angles II: Including cross-frequency spectra","2020","article","Y. Minami; Eiichiro Komatsu","Progress of Theoretical and Experimental Physics","47","True","q1_birefringence","Abstract We develop a strategy to determine the cosmic birefringence and miscalibrated polarization angles simultaneously using the observed $EB$ polarization power spectra of the cosmic microwave background and the Galactic foreground emission. We extend the methodology of Y. Minami et al. (Prog. Theor. Exp. Phys. 2019, 083E02, 2019), which was developed for auto-frequency power spectra, by including cross-frequency spectra. By fitting one global birefringence angle and independent miscalibrati"
"https://doi.org/10.1103/physrevd.103.063508","https://openalex.org/W3047166912","Probing axionlike particles via cosmic microwave background polarization","2021","article","Tomohiro Fujita; Y. Minami; Kai Murai; Hiromasa Nakatsuka","Physical review. D/Physical review. D.","47","True","q2_polarization","Axionlike particles (ALPs) rotate the linear polarization of photons through the ALP-photon coupling and convert the cosmic microwave background (CMB) $E$ mode to the $B$ mode. We derive the relation between the ALP dynamics and the rotation angle by assuming that the ALP $\ensuremath{\phi}$ has a quadratic potential, $V={m}^{2}{\ensuremath{\phi}}^{2}/2$. We compute the current and future sensitivities of CMB observations to the ALP-photon coupling $g$, which can reach $g=4\ifmmode\times\else\te"
"https://doi.org/10.1088/1475-7516/2021/03/090","https://openalex.org/W3111327980","Production of thermal axions across the electroweak phase transition","2021","article","Fernando Arias-Aragón; Francesco D'Eramo; Ricardo Z. Ferreira; Luca Merlo; Alessio Notari","Journal of Cosmology and Astroparticle Physics","47","True","q3_alps","Abstract Light axions can potentially leave a cosmic background, just like neutrinos. We complete the study of thermal axion production across the electroweak scale by providing a smooth and continuous treatment through the two phases. Focusing on both flavor conserving and violating couplings to third generation quarks, we compute the amount of axions produced via scatterings and decays of thermal bath particles. We perform a model independent analysis in terms of axion effective couplings, and"
"https://doi.org/10.1088/1475-7516/2023/02/031","https://openalex.org/W4320487486","Catastrogenesis: DM, GWs, and PBHs from ALP string-wall networks","2023","article","Graciela B. Gelmini; Anna Simpson; Edoardo Vitagliano","Journal of Cosmology and Astroparticle Physics","45","True","q3_alps","Abstract Axion-like particles (ALPs), a compelling candidate for dark matter (DM), are the pseudo Nambu-Goldstone bosons of a spontaneously and explicitly broken global U(1) symmetry. When the symmetry breaking happens after inflation, the ALP cosmology predicts the formation of a string-wall network which must annihilate early enough, producing gravitational waves (GWs) and primordial black holes (PBHs), as well as non-relativistic ALPs. We call this process catastrogenesis. We show that, under"
"https://doi.org/10.1088/1475-7516/2022/10/043","https://openalex.org/W4280606298","Power spectrum of domain-wall network, and its implications for isotropic and anisotropic cosmic birefringence","2022","article","Naoya Kitajima; Fumiaki Kozai; Fuminobu Takahashi; Wen Yin","Journal of Cosmology and Astroparticle Physics","44","True","q1_birefringence","Abstract Recently, based on a novel analysis of the Planck satellite data, a hint of a uniform rotation of the polarization of cosmic microwave background photons, called isotropic cosmic birefringence, has been reported. The suggested rotation angle of polarization of about 0.2–0.4 degrees is close to the fine-structure constant, α ≃ 1/137 rad ≃ 0.42 deg. Interestingly, this coincidence can be naturally explained over a very wide parameter range by the domain walls of axion-like particles. Furt"
"https://doi.org/10.1103/physrevlett.127.181103","https://openalex.org/W3211285900","Cosmic Birefringence Triggered by Dark Matter Domination.","2021","article","Shota Nakagawa; Fuminobu Takahashi; Masaki Yamada","PubMed","43","False","q1_birefringence|q1_birefringence","Cosmic birefringence is predicted if an axionlike particle (ALP) moves after the recombination. We show that this naturally happens if the ALP is coupled to the dark matter density because it then acquires a large effective mass after the matter-radiation equality. Our scenario applies to a broad range of the ALP mass m_{ϕ}≲10^{-28} eV, even smaller than the present Hubble constant. We give a simple model to realize this scenario, where dark matter is made of hidden monopoles, which give the ALP"
"https://doi.org/10.1103/physrevlett.131.181001","https://openalex.org/W4388304246","Do the CMB Temperature Fluctuations Conserve Parity?","2023","article","Oliver H. E. Philcox","Physical Review Letters","43","False","q2_polarization","Observations of the cosmic microwave background (CMB) have cemented the notion that the large-scale Universe is both statistically homogeneous and isotropic. But is it invariant also under reflections? To probe this we require parity-sensitive statistics: for scalar observables, the simplest is the trispectrum. We make the first measurements of the parity-odd scalar CMB, focusing on the large-scale (2<ℓ<510) temperature anisotropies measured by Planck. This is facilitated by new quasi-maximum-li"
"https://doi.org/10.1103/physrevd.101.123529","https://openalex.org/W2972395860","Cosmic birefringence test of the Hubble tension","2020","article","L.M. Capparelli; Robert R. Caldwell; ALESSANDRO MELCHIORRI","Physical review. D/Physical review. D.","41","True","q1_birefringence","A cosmic pseudo-Nambu-Goldstone boson has been proposed to resolve the four-sigma discrepancy between precision measurements of the expansion rate of the universe. We show this solution may also produce a cosmic birefringence (CB) signal in the polarization of the cosmic microwave background (CMB); observations of the CB power spectrum and cross-correlation with the CMB can independently confirm the presence of this new boson. We find significant new contributions to the CB signal, and show that"
"https://doi.org/10.1088/1475-7516/2021/04/040","https://openalex.org/W3153470967","Synthetic Gravitational Waves from a Rolling Axion Monodromy","2021","article","Ogan Özsoy","Journal of Cosmology and Astroparticle Physics","40","True","q3_alps","Abstract In string theory inspired models of axion-like fields, sub-leading non-perturbative effects, if sufficiently large, can introduce steep cliffs and gentle plateaus onto the underlying scalar potential. During inflation, the motion of a spectator axion σ on this potential becomes temporarily fast, leading to localized amplification of one helicity state of gauge fields. In this model, the tensor and scalar correlators sourced by the vector fields exhibit localized peak(s) in momentum spac"
"https://doi.org/10.1088/1475-7516/2022/09/062","https://openalex.org/W4297143325","Implications of the cosmic birefringence measurement for the axion dark matter search","2022","article","Ippei Obata","Journal of Cosmology and Astroparticle Physics","39","True","q1_birefringence","Abstract We show that a recent constraint on the cosmic birefringence effect due to dark energy can be related to the constraints on the coupling of axion dark matter to photon, by relying on a simple model of two-axion alignment mechanism with periodic potentials. Owing to the alignment of the potentials, one linear combination of two fields provides a nearly flat direction and acts as dark energy, whereas the other combination provides a steep direction and acts as dark matter. This scenario s"
"https://doi.org/10.48550/arxiv.2203.05728","https://openalex.org/W4224003029","Snowmass2021 CMB-HD White Paper","2022","preprint","The CMB-HD Collaboration; Simone Aiola; Y. Akrami; Kaustuv Basu; Michael Boylan-Kolchin; Thejs Brinckmann; Sean Bryan; Caitlin M. Casey; Jens Chluba; Sébastien Clesse; Francis-Yan Cyr-Racine; Luca Di Mascolo; Simon Dicker; Thomas Essinger-Hileman; Gerrit S. Farren; Michael A. Fedderke; Simone Ferraro; George M. Fuller; Nicholas B. Galitzki; Vera Gluscevic; Daniel Grin; Dongwon Han; Matthew Hasselfield; Renée Hložek; Gilbert P Holder; Selim C. Hotinli; Bhuvnesh Jain; Bradley R. Johnson; Matthew Johnson; Pamela Klaassen; Amanda MacInnis; Mathew S. Madhavacheril; Sayan Mandal; Philip D. Mauskopf; Meerburg, Daan; Joel Meyers; Vivian Miranda; Tony K. Mroczkowski; Suvodip Mukherjee; Moritz Münchmeyer; Julián B. Muñoz; Sigurd Næss; Daisuke Nagai; Toshiya Namikawa; Laura B. Newburgh; Hồ Nam Nguyễn; Michael D. Niemack; Benjamin D. Oppenheimer; Elena Pierpaoli; S. Raghunathan; Emmanuel Schaan; Neelima Sehgal; Blake D. Sherwin; Sara M. Simon; Anže Slosar; Kendrick M. Smith; David N. Spergel; Eric R. Switzer; Pranjal Trivedi; Yu-Dai Tsai; Alexander van Engelen; Benjamin D. Wandelt; Edward J. Wollack; Kimmy Wu","arXiv (Cornell University)","39","True","q3_alps","CMB-HD is a proposed millimeter-wave survey over half the sky that would be ultra-deep (0.5 uK-arcmin) and have unprecedented resolution (15 arcseconds at 150 GHz). Such a survey would answer many outstanding questions about the fundamental physics of the Universe. Major advances would be 1.) the use of gravitational lensing of the primordial microwave background to map the distribution of matter on small scales (k~10 h Mpc^(-1)), which probes dark matter particle properties. It will also allow "
"https://doi.org/10.1007/jhep04(2022)157","https://openalex.org/W3134971314","Axion isocurvature collider","2022","article","Shiyun Lu","Journal of High Energy Physics","38","True","q3_alps","Abstract Cosmological colliders can preserve information from interactions at very high energy scale, and imprint them on cosmological observables. Taking the squeezed limit of cosmological perturbation bispectrum, information of the intermediate particle can be directly extracted from observations such as cosmological microwave background (CMB). Thus cosmological colliders can be powerful and promising tools to test theoretical models. In this paper, we study extremely light axions (including Q"
"https://doi.org/10.1088/1475-7516/2020/11/066","https://openalex.org/W3080807768","Planck 2018 constraints on anisotropic birefringence and its cross-correlation with CMB anisotropy","2020","article","ALESSANDRO GRUPPUSO; D. Molinari; P. Natoli; L. Pagano","Journal of Cosmology and Astroparticle Physics","38","True","q1_birefringence","Parity-violating extensions of standard electromagnetism produce cosmic birefringence, the in vacuo rotation of the linear polarisation direction of a photon during propagation. We employ Planck 2018 CMB polarised data to constrain anisotropic birefringence, modeled by its angular power spectrum C ℓ α α , and the cross-correlation with CMB temperature maps, C ℓ α T , at scales larger than ∼15 degrees. We present joint limits on the scale invariant quantity, A α α ≡ ℓ (ℓ +1) C ℓ α α / 2 π, and on"
"https://doi.org/10.1088/1475-7516/2022/08/025","https://openalex.org/W4221144684","Cosmic birefringence from monodromic axion dark energy","2022","article","Silvia Gasparotto; Ippei Obata","Journal of Cosmology and Astroparticle Physics","38","True","q1_birefringence|q4_tomography","Abstract The recently reported non-zero isotropic birefringence angle in Planck 2018 polarization data provides a tantalizing hint for new physics of axions. In this paper, we explain this by a string theory motivated axion with a monodromy potential that plays the role of dark energy. Upon using the birefringence measurement and the constraint on the equation of state for dark energy in this scenario, we find an upper bound on the axion decay constant as fa ≲ 1016 GeV. This naturally gives an e"
"https://doi.org/10.1088/1475-7516/2022/10/090","https://openalex.org/W4307719811","Searching for axion-like particles through CMB birefringence from string-wall networks","2022","article","Mudit Jain; Ray Hagimoto; Andrew J. Long; Mustafa A. Amin","Journal of Cosmology and Astroparticle Physics","37","True","q1_birefringence|q3_alps","Abstract Axion-like particles (ALPs) can form a network of cosmic strings and domain walls that survives after recombination and leads to anisotropic birefringence of the cosmic microwave background (CMB). In addition to studying cosmic strings, we clarify and emphasize how the formation of ALP-field domain walls impacts the cosmic birefringence signal; these observations provide a unique way of probing ALPs with masses in the range 3H 0 ≲ ma ≲ 3H cmb. Using measurements of CMB birefringence fro"
"https://doi.org/10.1103/physrevd.107.083529","https://openalex.org/W4367323157","Redshift evolution of cosmic birefringence in CMB anisotropies","2023","article","Matteo Galaverni; Fabio Finelli; D. Paoletti","Physical review. D/Physical review. D.","36","False","q1_birefringence|q2_polarization","We study the imprints of a cosmological redshift-dependent pseudoscalar field $\ensuremath{\phi}$ on the rotation of cosmic microwave background (CMB) linear polarization generated by a coupling $\ensuremath{\phi}{F}^{\ensuremath{\mu}\ensuremath{\nu}}{\stackrel{\texttildelow{}}{F}}_{\ensuremath{\mu}\ensuremath{\nu}}$. We show how either phenomenological or theoretically motivated redshift dependence of the pseudoscalar field, such as those in models of early dark energy, quintessence, or axionli"
"https://doi.org/10.1088/1475-7516/2023/01/044","https://openalex.org/W4318070669","Robustness of cosmic birefringence measurement against Galactic foreground emission and instrumental systematics","2023","article","P. Diego-Palazuelos; Enrique Martínez-González; Patricio Vielva; R. Belén Barreiro; M. Tristram; E. de la Hoz; Johannes R. Eskilt; Y. Minami; Raelyn Marguerite Sullivan; Anthony J. Banday; Krzysztof M. Gorski; Reijo Keskitalo; Eiichiro Komatsu; Douglas Scott","Journal of Cosmology and Astroparticle Physics","36","True","q1_birefringence|q1_birefringence|q2_polarization","Abstract The polarization of the cosmic microwave background (CMB) can be used to search for parity-violating processes like that predicted by a Chern-Simons coupling to a light pseudoscalar field. Such an interaction rotates E modes into E modes in the observed CMB signal through an effect known as cosmic birefringence. Even though isotropic birefringence can be confused with the rotation produced by a miscalibration of the detectors' polarization angles, the degeneracy between both effects is "
"https://doi.org/10.3847/1538-4357/acc85c","https://openalex.org/W4306814920","BICEP/Keck. XVII. Line-of-sight Distortion Analysis: Estimates of Gravitational Lensing, Anisotropic Cosmic Birefringence, Patchy Reionization, and Systematic Errors","2023","article","Peter A. R. Ade; Zeeshan Ahmed; Mandana Amiri; D. Barkats; R. Basu Thakur; C. A. Bischoff; D. Beck; J. J. Bock; H. Boenish; E. Bullock; V. Buza; James R. Cheshire; J. Connors; James Cornelison; M. Crumrine; Ari Jozef Cukierman; E. V. Denison; M. Dierickx; L. Duband; M. Eiben; S. Fatigoni; J. P. Filippini; S. Fliescher; C. Giannakopoulos; Neil Goeckner-Wald; D. C. Goldfinger; James A. Grayson; Paul Grimes; G. Hall; George Halal; M. Halpern; E. Hand; Samuel A. Harrison; S. Henderson; Sergi R. Hildebrandt; Johannes Hubmayr; H. Hui; K. D. Irwin; J. Kang; K. S. Karkare; E. Karpel; S. Kefeli; S. A. Kernasovskiy; John M. Kovac; C. L. Kuo; K. Lau; E. M. Leitch; A. Lennox; Koko G. Megerian; Lorenzo Minutolo; Lorenzo Moncelsi; Y. Nakato; Toshiya Namikawa; H. T. Nguyen; R. O’Brient; R. W. Ogburn; S. Palladino; Matthew A. Petroff; T. Prouvé; Clement L. Pryke; B. Racine; C. D. Reintsema; S. Richter; A. Schillaci; R. Schwarz; Bernd Schmitt; Christopher D. Sheehy; Baibhav Singari; A. Soliman; T. St. Germaine; B. Steinbach; Rashmikant V. Sudiwala; G. P. Teply; Keith L. Thompson; James E. Tolan; Carole Tucker; A. D. Turner; C. Umiltà; C. Vergès; Abigail G. Vieregg; A. Wandui; A. C. Weber; D. V. Wiebe; J. Willmert; C. L. Wong; W. L. K. Wu; Huan Yang; K. W. Yoon; E. Young; Cyndia Yu; Lingzhen Zeng; C. Zhang; Silvia Zhang","The Astrophysical Journal","36","True","q1_birefringence","Abstract We present estimates of line-of-sight distortion fields derived from the 95 and 150 GHz data taken by BICEP2, BICEP3, and the Keck Array up to the 2018 observing season, leading to cosmological constraints and a study of instrumental and astrophysical systematics. Cosmological constraints are derived from three of the distortion fields concerning gravitational lensing from large-scale structure, polarization rotation from magnetic fields or an axion-like field, and the screening effect "
"https://doi.org/10.1088/1475-7516/2022/09/075","https://openalex.org/W4283204599","Planck constraints on cross-correlations between anisotropic cosmic birefringence and CMB polarization","2022","article","M. Bortolami; M. Billi; ALESSANDRO GRUPPUSO; P. Natoli; L. Pagano","Journal of Cosmology and Astroparticle Physics","32","True","q1_birefringence|q2_polarization","Abstract Cosmic Birefringence (CB) is the in-vacuo rotation of the linear polarization direction of photons during propagation, caused by parity-violating extensions of Maxwell electromagnetism. We build low resolution CB angle maps using Planck Legacy and NPIPE products and provide for the first time estimates of the cross-correlation spectra CL αE and CL αB between the CB and the CMB polarization fields. We also provide updated CB auto-correlation spectra CL αα as well as the cross-correlation"
"https://doi.org/10.1093/mnras/stac3146","https://openalex.org/W3194234556","Cosmic birefringence tomography and calibration independence with reionization signals in the CMB","2023","article","Blake D. Sherwin; Toshiya Namikawa","Monthly Notices of the Royal Astronomical Society","32","True","q1_birefringence|q2_polarization|q3_alps|q4_tomography","ABSTRACT The search for cosmic polarization rotation or birefringence in the cosmic microwave background (CMB) is well motivated because it can provide powerful constraints on parity-violating new physics, such as axion-like particles. In this paper, we point out that since the CMB polarization is produced at two very different redshifts – it is generated at both reionization and recombination – new parity-violating physics can generically rotate the polarization signals from these different sou"
"https://doi.org/10.1088/1475-7516/2024/05/066","https://openalex.org/W4396857580","Axionic defects in the CMB: birefringence and gravitational waves","2024","article","Ricardo Z. Ferreira; Silvia Gasparotto; Takashi Hiramatsu; Ippei Obata; Oriol Pujolàs","Journal of Cosmology and Astroparticle Physics","32","True","q1_birefringence","Abstract The evidence for a non-vanishing isotropic cosmic birefringence in recent analyses of the CMB data provides a tantalizing hint for new physics. Domain wall (DW) networks have recently been shown to generate an isotropic birefringence signal in the ballpark of the measured value when coupled to photons. In this work, we explore the axionic defects hypothesis in more detail and extending previous results to annihilating and late-forming networks, and by pointing out other smoking-gun sign"
"https://doi.org/10.1007/s10909-020-02511-5","https://openalex.org/W3137725754","GroundBIRD: A CMB Polarization Experiment with MKID Arrays","2020","article","Kyungmin Lee; Jihoon Choi; R. Génova-Santos; M. Hattori; M. Hazumi; S. Honda; Takuji Ikemitsu; H. Ishida; H. Ishitsuka; Yonggil Jo; K. Karatsu; K. Kiuchi; Junta Komine; Ryo Koyano; Hiroki Kutsuma; S. Mima; M. Minowa; Joonhyeok Moon; M. Nagai; Taketo Nagasaki; Masato Naruse; S. Oguri; Chiko Otani; Michael W. Peel; Rafael Rebolo; José Alberto Rubiño-Martín; Yutaro Sekímoto; Junya Suzuki; Tohru Taino; O. Tajima; Naohito Tomita; Takashi Uchida; Eunil Won; M. Yoshida","Journal of Low Temperature Physics","31","True","q2_polarization",""
"https://doi.org/10.1103/physrevd.106.083518","https://openalex.org/W4307169366","Probing cosmic birefringence with polarized Sunyaev-Zel’dovich tomography","2022","article","Nanoom Lee; Selim C. Hotinli; Marc Kamionkowski","Physical review. D/Physical review. D.","30","False","q1_birefringence|q2_polarization|q4_tomography","If the physics behind dark energy and/or dark matter violates the parity symmetry assumed in the standard cosmological paradigm, the linear polarization of the cosmic microwave background (CMB) photons can rotate due to their coupling to the dark sector. Recent $3\ensuremath{\sigma}$ hints of this ``cosmic birefringence'' in the $EB$ spectrum of the CMB polarization motivates us to pursue new directions to independently validate and characterize the signal. Here, we explore the prospects to prob"
"https://doi.org/10.1051/0004-6361/202243913","https://openalex.org/W4229011167","High precision modeling of polarized signals: Moment expansion method generalized to spin-2 fields","2022","article","L. Vacher; Jens Chluba; J. Aumont; Aditya Rotti; Ludovic Montier","Astronomy and Astrophysics","29","True","q2_polarization","The modeling and removal of foregrounds poses a major challenge to searches for signals from inflation using the cosmic microwave background (CMB). In particular, the modeling of CMB foregrounds including various spatial averaging effects introduces multiple complications that will have to be accounted for in upcoming analyses. In this work, we introduce the generalization of the intensity moment expansion to the spin-2 field of linear polarization: the spin-moment expansion. Within this framewo"
"https://doi.org/10.1103/physrevd.106.042011","https://openalex.org/W4293463221","Searching for axionlike time-dependent cosmic birefringence with data from SPT-3G","2022","article","K. R. Ferguson; Adam J. Anderson; N. Whitehorn; Peter A. R. Ade; M. Archipley; Jessica S. Avva; L. Balkenhol; K. Benabed; A. N. Bender; Bradford A. Benson; F. Bianchini; Lindsey E. Bleem; François R. Bouchet; L. Bryant; E. Camphuis; J. E. Carlstrom; T. Cecil; C. L. Chang; P. Chaubal; P. M. Chichura; T.-L. Chou; T. M. Crawford; A. Cukierman; C. Daley; T. de Haan; K. R. Dibert; M. Dobbs; Alexandre Doussot; D. Dutcher; Wendeline B. Everett; Chang Qing Feng; A. Foster; S. Galli; Anne E. Gambrel; Robert W. Gardner; N. Goeckner-Wald; R. Gualtieri; F. Guidi; S. Guns; N. W. Halverson; E. Hivon; Gilbert P Holder; W. L. Holzapfel; John C. Hood; N. Huang; L. Knox; Milo Korman; C. L. Kuo; A. T. Lee; Amy E. Lowitz; Chunyu Lu; M. Millea; J. Montgomery; Tyler Natoli; Gavin I. Noble; V. Novosad; Y. Omori; S. Padin; Z. Pan; P. Paschos; K. Prabhu; Wei Quan; Alexandra S. Rahlin; Christian L. Reichardt; M. Rouble; John E. Ruhl; E. Schiappucci; G. Smecher; J. A. Sobrin; J. L. Stephen; A. Suzuki; C. Tandoi; K. L. Thompson; Ben Thorne; Carole Tucker; C. Umiltà; Joaquin D. Vieira; G. Wang; W. L. K. Wu; Volodymyr G. Yefremenko; Matthew R. Young","Physical review. D/Physical review. D.","29","True","q1_birefringence","Ultralight axionlike particles (ALPs) are compelling dark matter candidates because of their potential to resolve small-scale discrepancies between $\mathrm{\ensuremath{\Lambda}}\mathrm{CDM}$ predictions and cosmological observations. Axion-photon coupling induces a polarization rotation in linearly polarized photons traveling through an ALP field; thus, as the local ALP dark matter field oscillates in time, distant static polarized sources will appear to oscillate with a frequency proportional "
"https://doi.org/10.1088/1475-7516/2022/03/050","https://openalex.org/W4221104558","Cosmic birefrigence: cross-spectra and cross-bispectra with CMB anisotropies","2022","article","Alessandro Greco; Nicola Bartolo; ALESSANDRO GRUPPUSO","Journal of Cosmology and Astroparticle Physics","29","True","q1_birefringence|q2_polarization","Abstract Parity-violating extensions of Maxwell electromagnetism induce a rotation of the linear polarization plane of photons during propagation. This effect, known as cosmic birefringence, impacts on the Cosmic Microwave Background (CMB) observations producing a mixing ofEandBpolarization modes which is otherwise null in the standard scenario. Such an effect is naturally parametrized by a rotation angle which can be written as the sum of an isotropic componentα0and an anisotropic oneδα(n̂). In"
"https://doi.org/10.1088/1475-7516/2022/09/069","https://openalex.org/W2924363291","Measuring the inflaton coupling in the CMB","2022","article","Marco Drewes","Journal of Cosmology and Astroparticle Physics","28","True","q3_alps","Abstract We study the perspectives to extract information about the microphysical parameters that governed the reheating process after cosmic inflation from CMB data. We identify conditions under which the inflaton coupling to other fields can be constrained for a given model of inflation without having to specify the details of the particle physics theory within which this model is realised. This is possible when the effective potential during reheating is approximately parabolic, and when the "
"https://doi.org/10.21468/scipostphys.11.1.001","https://openalex.org/W3116451165","Gravitational waves from an axion-dark photon system: A lattice study","2021","article","Wolfram Ratzinger; Pedro Schwaller; Benjamin Stefanek","SciPost Physics","28","True","q3_alps","In this work, we present a lattice study of an axion - dark photon system in the early Universe and show that the stochastic gravitational wave (GW) background produced by this system may be probed by future GW experiments across a vast range of frequencies. The numerical simulation on the lattice allows us to take into account non-linear backreaction effects and enables us to accurately predict the final relic abundance of the axion or axion-like particle (ALP) as well as its inhomogeneities, a"
"https://doi.org/10.1088/1475-7516/2023/06/060","https://openalex.org/W4382542298","CMB and Lyman-α constraints on dark matter decays to photons","2023","article","Francesco Capozzi; Ricardo Z. Ferreira; Laura Lopez-Honorez; Olga Mena","Journal of Cosmology and Astroparticle Physics","28","True","q3_alps","Abstract Dark matter energy injection in the early universe modifies both the ionization history and the temperature of the intergalactic medium. In this work, we improve the CMB bounds on sub-keV dark matter and extend previous bounds from Lyman-α observations to the same mass range, resulting in new and competitive constraints on axion-like particles (ALPs) decaying into two photons. The limits depend on the underlying reionization history, here accounted self-consistently by our modified vers"
"https://doi.org/10.1103/physrevd.105.022006","https://openalex.org/W4210435305","BICEP/ Keck XIV: Improved constraints on axionlike polarization oscillations in the cosmic microwave background","2022","article","Peter A. R. Ade; Zeeshan Ahmed; Mandana Amiri; D. Barkats; R. Basu Thakur; C. A. Bischoff; D. Beck; J. J. Bock; H. Boenish; Eric Bullock; V. Buza; James R. Cheshire; Jake Connors; J. Cornelison; M. Crumrine; Ari Jozef Cukierman; E. V. Denison; M. Dierickx; L. Duband; M. Eiben; S. Fatigoni; J. P. Filippini; S. Fliescher; N. Goeckner-Wald; D. C. Goldfinger; J. Grayson; Paul Grimes; G. Hall; George Halal; Mark I. Halpern; E. Hand; Sam A. Harrison; S. Henderson; Sergi R. Hildebrandt; Gene C. Hilton; Johannes Hubmayr; H. Hui; K. D. Irwin; J. Kang; K. S. Karkare; E. Karpel; S. Kefeli; S. A. Kernasovskiy; John M. Kovac; C. L. Kuo; K. Lau; Erik M. Leitch; A. Lennox; Koko G. Megerian; Lorenzo Minutolo; Lorenzo Moncelsi; Y. Nakato; Toshiya Namikawa; H. T. Nguyen; R. O’Brient; R. W. Ogburn; S. Palladino; T. Prouvé; Clement L. Pryke; B. Racine; C. D. Reintsema; S. Richter; A. Schillaci; R. Schwarz; Bernd Schmitt; Christopher D. Sheehy; A. Soliman; T. St. Germaine; B. Steinbach; R. V. Sudiwala; G. P. Teply; K. L. Thompson; James E. Tolan; Carole Tucker; Anthony Turner; C. Umiltà; C. Vergès; Abigail G. Vieregg; A. Wandui; A. C. Weber; Donald V. Wiebe; J. Willmert; C. L. Wong; W. L. K. Wu; Huan Yang; K. W. Yoon; E. Young; Cyndia Yu; Lingzhen Zeng; C. Zhang; S. Zhang","Physical review. D/Physical review. D.","27","True","q1_birefringence|q2_polarization","We present an improved search for axionlike polarization oscillations in the cosmic microwave background (CMB) with observations from the Keck Array. An all-sky, temporally sinusoidal rotation of CMB polarization, equivalent to a time-variable cosmic birefringence, is an observable manifestation of a local axion field and potentially allows a CMB polarimeter to detect axionlike dark matter directly. We describe improvements to the method presented in previous work, and we demonstrate the updated"
"https://doi.org/10.1103/physrevd.99.043501","https://openalex.org/W2900918771","Circular polarization of the cosmic microwave background from vector and tensor perturbations","2019","article","Keisuke Inomata; Marc Kamionkowski","Physical review. D/Physical review. D.","25","True","q1_birefringence","Circular polarization of the cosmic microwave background (CMB) can be induced by Faraday conversion of the primordial linearly polarized radiation as it propagates through a birefringent medium. Recent work has shown that the dominant source of birefringence from primordial density perturbations is the anisotropic background CMB. Here, we extend prior work to allow for the additional birefringence that may arise from primordial vector and tensor perturbations. We derive the formulas for the powe"
"https://doi.org/10.1088/1475-7516/2019/05/021","https://openalex.org/W2952454599","Isocurvature bounds on axion-like particle dark matter in the post-inflationary scenario","2019","article","M. Feix; J. Frank; A. Pargner; R. Reischke; B.M. Schäfer; T. Schwetz","Journal of Cosmology and Astroparticle Physics","24","True","q3_alps","We assume that dark matter is comprised of axion-like particles (ALPs) generated by the realignment mechanism in the post-inflationary scenario. This leads to isocurvature fluctuations with an amplitude of order one for scales comparable to the horizon at the time when the ALP field starts oscillating. The power spectrum of these fluctuations is flat for small wave numbers, extending to scales relevant for cosmological observables. Denoting the relative isocurvature amplitude at k * = 0.05 Mpc −"
"https://doi.org/10.1088/1475-7516/2021/05/070","https://openalex.org/W3044306232","Hidden photon dark matter interacting via axion-like particles","2021","article","Paola Arias; Ariel Arza; Joerg Jaeckel; Diego Vargas-Arancibia","Journal of Cosmology and Astroparticle Physics","23","True","q3_alps","Abstract We investigate a scenario where the dark matter of the Universe is made from very light hidden photons transforming under a Z 2-symmetry. In contrast to the usual situation, kinetic mixing is forbidden by the symmetry and the dark photon interacts with the Standard Model photon only via an axion-like particle acting as a “messenger”. Focusing on signatures involving the ordinary photon, our survey of the phenomenology includes limits from cosmological stability, CMB distortions, astroph"
"https://doi.org/10.1088/1475-7516/2024/02/039","https://openalex.org/W4392100483","Primordial gravitational waves in non-minimally coupled chromo-natural inflation","2024","article","Emanuela Dimastrogiovanni; Matteo Fasiello; Martino Michelotti; Lucas Pinol","Journal of Cosmology and Astroparticle Physics","23","True","q3_alps","Abstract We consider inflation driven by an axion-like particle coupled to an SU(2) gauge sector via a Chern-Simons term. Known as chromo-natural inflation, this scenario is in tension with CMB observations. In order to remedy this fact and preserve both the symmetries and the intriguing gravitational wave phenomenology exhibited by the model, we explore the non-minimal coupling of the axion-inflaton to the Einstein tensor. We identify regions of parameter space corresponding to a viable cosmolo"
"https://doi.org/10.1088/1475-7516/2020/02/032","https://openalex.org/W2969559322","A new probe of axion-like particles: CMB polarization distortions due to cluster magnetic fields","2020","article","Suvodip Mukherjee; David N. Spergel; Rishi Khatri; Benjamin D. Wandelt","Journal of Cosmology and Astroparticle Physics","23","True","q3_alps","We propose using the upcoming Cosmic Microwave Background (CMB) ground based experiments to detect the signal of ALPs (Axion like particles) interacting with magnetic fields in galaxy clusters. The conversion between CMB photons and ALPs in the presence of the cluster magnetic field can cause a polarized spectral distortion in the CMB around a galaxy cluster. The strength of the signal depends upon the redshift of the galaxy cluster and will exhibit a distinctive spatial profile around it depend"
"https://doi.org/10.1103/physrevd.108.083510","https://openalex.org/W4387461677","Cosmic birefringence tomography with polarized Sunyaev-Zel’dovich effect","2023","article","Toshiya Namikawa; Ippei Obata","Physical review. D/Physical review. D.","22","False","q1_birefringence|q4_tomography","We consider the polarized Sunyaev-Zel'dovich (pSZ) effect for a tomographic probe of cosmic birefringence, including all relevant terms of the pSZ effect in the cosmic microwave background (CMB) observables, some of which were ignored in the previous works. The pSZ effect produces late-time polarization signals from the scattering of the local temperature quadrupole seen by an electron. We forecast the expected constraints on cosmic birefringence at the late time of the universe with the pSZ eff"
"https://doi.org/10.1007/jhep09(2021)207","https://openalex.org/W3153759899","The stochastic axiverse","2021","article","Mario Reig","Journal of High Energy Physics","22","True","q2_polarization","Abstract In addition to spectacular signatures such as black hole superradiance and the rotation of CMB polarization, the plenitude of axions appearing in the string axiverse may have potentially dangerous implications. An example is the cosmological overproduction of relic axions and moduli by the misalignment mechanism, more pronounced in regions where the signals mentioned above may be observable, that is for large axion decay constant. In this work, we study the minimal requirements to softe"
"https://doi.org/10.1088/1475-7516/2025/03/015","https://openalex.org/W4408226755","Kick it like DESI: PNGB quintessence with a dynamically generated initial velocity","2025","article","Maximilian Berbig","Journal of Cosmology and Astroparticle Physics","21","True","q3_alps","Abstract Motivated by the hint for time-dependent dynamical dark energy from an analysis of the DESI Baryon Accoustic Oscillation (BAO) data together with information from the Cosmic Microwave Background (CMB) and Supernovae (SN), we relax the assumption of a vanishing initial velocity for a quintessence field. In particular we focus on pseudo-Nambu-Goldstone-Boson (PNGB) quintessence in the form of an axion like particle, that can arise as the phase of a complex scalar and could possess derivat"
"https://doi.org/10.1103/physrevd.106.103529","https://openalex.org/W4310159667","Can primordial parity violation explain the observed cosmic birefringence?","2022","article","Tomohiro Fujita; Y. Minami; Maresuke Shiraishi; Shuichiro Yokoyama","Physical review. D/Physical review. D.","21","False","q1_birefringence","Recently, the cross-correlation between $E$- and $B$-mode polarization of the cosmic microwave background, which is well explained by cosmic birefringence with rotation angle $\ensuremath{\beta}\ensuremath{\approx}0.3\text{ }\text{ }\mathrm{deg}$, has been found in cosmic microwave background polarization data. We carefully investigate the possibility of explaining the observed $EB$ correlation by the primordial chiral gravitational waves, which can be generated in the parity-violating theories "
"https://doi.org/10.1088/1475-7516/2023/05/026","https://openalex.org/W4376278062","Probing axions through tomography of anisotropic cosmic birefringence","2023","article","Alessandro Greco; Nicola Bartolo; ALESSANDRO GRUPPUSO","Journal of Cosmology and Astroparticle Physics","21","True","q1_birefringence|q2_polarization|q4_tomography","Abstract Cosmic birefringence is the in-vacuo rotation of the linear polarization plane experienced by photons of the Cosmic Microwave Background (CMB) radiation when theoretically well-motivated parity-violating extensions of Maxwell electromagnetism are considered. If the angle parametrizing such a rotation is dependent on the photon's direction, then this phenomenon is called Anisotropic Cosmic Birefringence (ACB). In this paper, we perform for the first time a tomographic treatment of the AC"
"https://doi.org/10.1103/physrevd.108.063525","https://openalex.org/W4387096108","Gravitational lensing effect on cosmic birefringence","2023","article","Fumihiro Naokawa; Toshiya Namikawa","Physical review. D/Physical review. D.","20","False","q1_birefringence|q2_polarization|q3_alps","This paper takes into account the effect of Cosmic Microwave Background (CMB) gravitational lensing on the Cosmic Birefringence linear polarization rotation angle. It thus paves the way to more accurate interpretation of future-mission data that will seek signatures of Axion-like Particles."
"https://doi.org/10.1088/1475-7516/2020/11/046","https://openalex.org/W3015585885","Post-inflationary axion isocurvature perturbations facing CMB and large-scale structure","2020","article","Martin Feix; S. Hagstotz; Andreas Pargner; Robert Reischke; B Schäfer; T. Schwetz","Journal of Cosmology and Astroparticle Physics","20","True","q3_alps","Dark matter comprised of axion-like particles (ALPs) generated by the realignment mechanism in the post-inflationary scenario leads to primordial isocurvature fluctuations. The power spectrum of these fluctuations is flat for small wave numbers, extending to scales accessible with cosmological surveys. We use the latest measurements of Cosmic Microwave Background (CMB) primary anisotropies (temperature, polarization) together with CMB lensing, Baryonic Acoustic Oscillations (BAO) and Sunyaev Zel"
"https://doi.org/10.1103/physrevd.109.055005","https://openalex.org/W4392454899","Signatures of primordial energy injection from axion strings","2024","article","Joshua N. Benabou; Malte Buschmann; Soubhik Kumar; Yujin Park; Benjamin R. Safdi","Physical review. D/Physical review. D.","20","True","q2_polarization|q3_alps","Axion strings are horizon-size topological defects that may be produced in the early Universe. Ultralight axion-like particles may form strings that persist to temperatures below that of big bang nucleosynthesis. Such strings have been considered previously as sources of gravitational waves and cosmic microwave background (CMB) polarization rotation. In this work we show, through analytic arguments and dedicated adaptive mesh refinement cosmological simulations, that axion strings deposit a subd"
"https://doi.org/10.1088/1475-7516/2023/10/007","https://openalex.org/W4387366527","Is cosmic birefringence model-dependent?","2023","article","Lu Yin; Joby P. Kochappan; Tuhin Ghosh; Bum-Hoon Lee","Journal of Cosmology and Astroparticle Physics","19","False","q1_birefringence","Abstract Exciting clues to isotropic cosmic birefringence have recently been detected in the EB cross-power spectra of the polarization data of the cosmic microwave background (CMB). Early Dark Energy (EDE) models with a pseudoscalar field coupled to photons via a Chern-Simons term can be used to explain this phenomenon, and can also potentially be used to simultaneously resolve the H 0 tension. In this work we incorporate an early dark energy scalar field, including a Chern-Simons coupling, int"
"https://doi.org/10.1088/1475-7516/2024/05/034","https://openalex.org/W4396610010","Planck constraints on cosmic birefringence and its cross-correlation with the CMB","2024","article","G. Zagatti; M. Bortolami; ALESSANDRO GRUPPUSO; P. Natoli; L. Pagano; Giulio Fabbian","Journal of Cosmology and Astroparticle Physics","19","True","q1_birefringence|q2_polarization","Abstract Cosmic birefringence is the in-vacuo, frequency independent rotation of the polarization plane of linearly polarized radiation, induced by a parity-violating term in the electromagnetic Lagrangian. We implement a harmonic estimator for the birefringence field that only relies on the CMB E to B mode cross-correlation, thus suppressing the effect of cosmic variance from the temperature field. We derive constraints fromPlanckpublic releases 3 and 4, revealing a cosmic birefringence power s"
"https://doi.org/10.1103/physrevd.107.l021302","https://openalex.org/W4318225180","Consistency of the string inspired electroweak axion with cosmic birefringence","2023","article","Weikang Lin; Tsutomu T. Yanagida","Physical review. D/Physical review. D.","19","True","q1_birefringence","We revisit the constraint from the recently reported cosmic birefringence on axionlike particles with a general decay constant. Particular attention is paid to the naturalness of the model parameter space, which has been overlooked in the literature. We show that the observed cosmic birefringence is naturally explained by the electroweak axion with a string-theory inspired decay constant ${F}_{A}\ensuremath{\simeq}{10}^{16}\text{ }\text{ }\mathrm{GeV}$."
"https://doi.org/10.1103/physrevd.108.043017","https://openalex.org/W4327670374","Constraints on axionlike polarization oscillations in the cosmic microwave background with POLARBEAR","2023","article","S. Adachi; Tylor Adkins; Kam Arnold; C. Baccigalupi; Darcy R. Barron; K. Cheung; Y. Chinone; Kevin T. Crowley; Josquin Errard; Giulio Fabbian; Chang Qing Feng; Raphael Flauger; T. Fujino; Daniel Green; M. Hasegawa; M. Hazumi; Daisuke Kaneko; Nobuhiko Katayama; BRIAN G. KEATING; A. Kusaka; Adrian T. Lee; Y. Minami; Haruki Nishino; Christian L. Reichardt; P. Siritanasak; Jacob Spisak; O. Tajima; S. Takakura; Sayuri Takatori; G. P. Teply; Kyohei Yamada","Physical review. D/Physical review. D.","19","True","q1_birefringence","Very light pseudoscalar fields, often referred to as axions, are compelling dark matter candidates and can potentially be detected through their coupling to the electromagnetic field. Recently a novel detection technique using the cosmic microwave background (CMB) was proposed, which relies on the fact that the axion field oscillates at a frequency equal to its mass in appropriate units, leading to a time-dependent birefringence. For appropriate oscillation periods this allows the axion field at"
"https://doi.org/10.1103/physrevd.103.042002","https://openalex.org/W3099024569","BICEP / K e c k XII: Constraints on axionlike polarization oscillations in the cosmic microwave background","2021","article","Peter A. R. Ade; Zeeshan Ahmed; Mandana Amiri; D. Barkats; R. Basu Thakur; C. A. Bischoff; J. Böck; H. Boenish; Eric Bullock; V. Buza; James R. Cheshire; J. Connors; J. Cornelison; M. Crumrine; Ari Jozef Cukierman; M. Dierickx; L. Duband; S. Fatigoni; J. P. Filippini; S. Fliescher; N. Goeckner-Wald; J. Grayson; G. Hall; Mark I. Halpern; Sam A. Harrison; S. Henderson; Sergi R. Hildebrandt; Gene C. Hilton; Johannes Hubmayr; H. Hui; K. D. Irwin; J. Kang; K. S. Karkare; E. Karpel; BRIAN G. KEATING; S. Kefeli; S. A. Kernasovskiy; John M. Kovac; C. L. Kuo; K. Lau; E. M. Leitch; Koko G. Megerian; Lorenzo Moncelsi; Toshiya Namikawa; C. B. Netterfield; H. T. Nguyen; R. O’Brient; R. W. Ogburn; S. Palladino; T. Prouvé; Clement L. Pryke; B. Racine; Carl D. Reintsema; S. Richter; A. Schillaci; Bernd Schmitt; R. Schwarz; Christopher D. Sheehy; A. Soliman; T. St. Germaine; B. Steinbach; Rashmi V. Sudiwala; G. P. Teply; K. L. Thompson; James E. Tolan; Carole Tucker; A. D. Turner; C. Umilta; Abigail G. Vieregg; A. Wandui; A. C. Weber; Donald V. Wiebe; J. Willmert; C. L. Wong; W. L. K. Wu; Huan Yang; K. W. Yoon; E. Young; Cyndia Yu; Lingzhen Zeng; C. Zhang","Physical review. D/Physical review. D.","18","True","q2_polarization","We present a search for axionlike polarization oscillations in the cosmic microwave background (CMB) with observations from the Keck Array. A local axion field induces an all-sky, temporally sinusoidal rotation of CMB polarization. A CMB polarimeter can thus function as a direct-detection experiment for axionlike dark matter. We develop techniques to extract an oscillation signal. Many elements of the method are generic to CMB polarimetry experiments and can be adapted for other datasets. As a f"
"https://doi.org/10.1088/1475-7516/2022/06/033","https://openalex.org/W3216687916","Probing cosmic strings by reconstructing polarization rotation of the cosmic microwave background","2022","article","Weichen Winston Yin; Liang Dai; Simone Ferraro","Journal of Cosmology and Astroparticle Physics","18","True","q1_birefringence|q2_polarization|q3_alps","Abstract Cosmic birefringence — the rotation of the polarization of the cosmic microwave background (CMB) photons as they travel to the Earth — is a smoking gun for axion-like particles (ALPs) that interact with the photon. It has recently been suggested that topological defects in the ALP field called cosmic strings can cause polarization rotation in quantized amounts that are proportional to the electromagnetic chiral anomaly coefficient 𝒜, which holds direct information about physics at very"
"https://doi.org/10.1103/physrevd.108.082005","https://openalex.org/W4311730247","Characterizing cosmic birefringence in the presence of Galactic foregrounds and instrumental systematic effects","2023","article","Baptiste Jost; Josquin Errard; Radek Stompor","Physical review. D/Physical review. D.","17","True","q1_birefringence","The authors propose a new analysis framework to account simultaneously for Galactic foregrounds and instrumental effects, in order to break the degeneracy between Cosmic Birefringence (CB) angle and Cosmic Microwave Background detector effects. They thus pave the way for Simons Observatory-like Small Aperture Telescopes to test claims for CB detection."
"https://doi.org/10.1093/mnras/stac126","https://openalex.org/W4206545283","Cosmological forecasts on thermal axions, relic neutrinos and light elements","2021","preprint","William Giarè; Fabrizio Renzi; ALESSANDRO MELCHIORRI; Olga Mena; Eleonora Di Valentino","arXiv (Cornell University)","17","True","q3_alps|q3_alps","One of the targets of future Cosmic Microwave Background and Baryon Acoustic Oscillation measurements is to improve the current accuracy in the neutrino sector and reach a much better sensitivity on extra dark radiation in the Early Universe. In this paper we study how these improvements can be translated into constraining power for well motivated extensions of the Standard Model of elementary particles that involve axions thermalized before the quantum chromodynamics (QCD) phase transition by s"
"https://doi.org/10.1088/1475-7516/2022/03/032","https://openalex.org/W3208191582","Determination of polarization angles in CMB experiments and application to CMB component separation analyses","2022","article","E. de la Hoz; P. Diego-Palazuelos; Enrique Martínez-González; Patricio Vielva; R. Belén Barreiro; J.D. Bilbao-Ahedo","Journal of Cosmology and Astroparticle Physics","17","True","q2_polarization","Abstract The new generation of CMB polarization experiments will reach limits of sensitivity never achieved before in order to detect the elusive primordialB-mode signal. However, all these efforts will be futile if we lack a tight control of systematics. Here, we focus on the systematic that arises from the uncertainty on the calibration of polarization angles. Miscalibrated polarization angles induce a mixing ofE- andB-modes that obscures the primordialB-mode signal. We introduce an iterative "
"https://doi.org/10.1093/mnras/stab1796","https://openalex.org/W3161787744","CMB mode coupling with isotropic polarization rotation","2021","article","Toshiya Namikawa","Monthly Notices of the Royal Astronomical Society","17","True","q2_polarization|q3_alps","ABSTRACT We provide a new analysis technique to measure the effect of the isotropic polarization rotation, induced by e.g. the isotropic cosmic birefringence from axion-like particles and a miscalibration of cosmic microwave background (CMB) polarization angle, via mode coupling in the CMB. Several secondary effects such as gravitational lensing and CMB optical-depth anisotropies lead to mode coupling in observed CMB anisotropies, i.e. non-zero off-diagonal elements in the observed CMB covarianc"
"https://doi.org/10.1007/jhep01(2024)057","https://openalex.org/W4390787430","Can we explain cosmic birefringence without a new light field beyond Standard Model?","2024","article","Yuichiro Nakai; Ryo Namba; Ippei Obata; Yu-Cheng Qiu; Ryo Saito","Journal of High Energy Physics","17","True","q1_birefringence","A bstract The recent analysis of the Planck 2018 polarization data shows a nonzero isotropic cosmic birefringence (ICB) that is not explained within the ΛCDM paradigm. We then explore the question of whether the nonzero ICB is interpreted by the framework of the Standard Model Effective Field Theory (SMEFT), or at the energy scales of the cosmic microwave background, the low-energy EFT (LEFT) whose dynamical degrees of freedom are five SM quarks and all neutral and charged leptons. Our systemati"
"https://doi.org/10.1088/1475-7516/2019/06/031","https://openalex.org/W2902157774","Constraints on non-resonant photon-axion conversion from the Planck satellite data","2019","article","Suvodip Mukherjee; Rishi Khatri; Benjamin D. Wandelt","Journal of Cosmology and Astroparticle Physics","17","True","q3_alps","The non-resonant conversion of Cosmic Microwave Background (CMB) photons into scalar as well as light pseudoscalar particles such as axion-like particles (ALPs) in the presence of turbulent magnetic fields can cause a unique, spatially fluctuating spectral distortion in the CMB. We use the publicly available Planck temperature maps for the frequency channels (70–545 GHz) to obtain the first ALP distortion map using 45% clean part of the sky. The 95 th percentile upper limit on the RMS fluctuatio"
"https://doi.org/10.1088/1475-7516/2025/10/023","https://openalex.org/W4414893014","Testing quintessence axion dark energy with recent cosmological results","2025","article","Weikang Lin; Luca Visinelli; Tsutomu T. Yanagida","Journal of Cosmology and Astroparticle Physics","17","True","q2_polarization","Abstract We investigate a quintessence axion model for dynamical dark energy, motivated in part by recent results from the Baryon Acoustic Oscillation (BAO) measurements of the Dark Energy Spectroscopic Instrument (DESI) combined with the cosmic microwave background anisotropies and the latest Type Ia supernovae (SNe Ia) data. By carefully treating the initial conditions and parameter sampling, we identify a preferred parameter space featuring a sub-Planckian axion decay constant and a relativel"
"https://doi.org/10.1103/physrevd.109.124003","https://openalex.org/W4399288080","Birefringence tests of gravity with multimessenger binaries","2024","article","Macarena Lagos; Leah Jenks; M. Isi; Kenta Hotokezaka; Brian D. Metzger; Eric A. Burns; Will M. Farr; Scott Perkins; Kaze W. K. Wong; Nicolás Yunes","Physical review. D/Physical review. D.","16","True","q1_birefringence","Extensions to general relativity allow the polarization of gravitational waves (GW) from astrophysical sources to suffer from amplitude and velocity birefringence, which respectively induce changes in the ellipticity and orientation of the polarization tensor. We introduce a multimessenger approach to test this polarization behavior of GWs during their cosmological propagation using binary sources, for which the initial polarization is determined by the inclination and orientation angles of the "
"https://doi.org/10.1088/1475-7516/2023/03/034","https://openalex.org/W4324138148","Impact of half-wave plate systematics on the measurement of cosmic birefringence from CMB polarization","2023","article","M. Monelli; Eiichiro Komatsu; Alexandre Adler; M. Billi; P. Campeti; Nadia Dachlythra; Adriaan J. Duivenvoorden; Jon E. Gudmundsson; Martin Reinecke","Journal of Cosmology and Astroparticle Physics","16","True","q1_birefringence","Abstract Polarization of the cosmic microwave background (CMB) can probe new parity-violating physics such as cosmic birefringence (CB), which requires exquisite control over instrumental systematics. The non-idealities of the half-wave plate (HWP) represent a source of systematics when used as a polarization modulator. We study their impact on the CMB angular power spectra, which is partially degenerate with CB and miscalibration of the polarization angle. We use full-sky beam convolution simul"
"https://doi.org/10.1088/1475-7516/2024/10/028","https://openalex.org/W4403224558","A new solution for the observed isotropic cosmic birefringence angle and its implications for the anisotropic counterpart through a Boltzmann approach","2024","article","Alessandro Greco; Nicola Bartolo; ALESSANDRO GRUPPUSO","Journal of Cosmology and Astroparticle Physics","16","True","q1_birefringence","Abstract Cosmic Birefringence (CB) is a phenomenon in which the polarization of the Cosmic Microwave Background (CMB) radiation is rotated as it travels through space due to the coupling between photons and an axion-like field. We look for a solution able to explain the result obtained from the Planck Public Release 4 (PR4), which has provided a hint of detection of the CB angle, α = (0.30 ± 0.11)∘. In addition to the solutions, already present in the literature, which need a non-negligible evol"
"https://doi.org/10.1088/1475-7516/2023/11/017","https://openalex.org/W4388453798","Cosmic birefringence from the Axiverse","2023","article","Silvia Gasparotto; Evangelos I. Sfakianakis","Journal of Cosmology and Astroparticle Physics","15","True","q1_birefringence|q4_tomography","Abstract We revisit the evidence for CMB birefringence in the context of a rich Axiverse. Using probability density functions (PDFs) for various axion parameters, such as the mass and axion decay constant, we construct the PDF for the cosmic birefringence angle and investigate its properties. By relating the observed value of the birefringence angle to the mean or standard deviation of the constructed PDF, we constrain the shape of the input PDFs, providing insights into the statistical distribu"
"https://doi.org/10.1103/physrevd.100.043508","https://openalex.org/W2947392748","Rotation of the CMB polarization by foreground lensing","2019","article","Enea Di Dio; Ruth Durrer; Giuseppe Fanizza; Giovanni Marozzi","Physical review. D/Physical review. D.","15","True","q2_polarization","We investigate the weak lensing corrections to the CMB polarization anisotropies. We concentrate on the effect of rotation and show that the rotation of polarization is a true physical effect which has to be taken into account at second order in perturbation theory. We clarify inconsistencies on the treatment of this rotation in the recent literature. We also show that at first order in perturbation theory there is no rotation of polarization also for vector and tensor modes."
"https://doi.org/10.1016/j.physletb.2021.136752","https://openalex.org/W3167676389","Constraints on global symmetry breaking in quantum gravity from cosmic birefringence measurements","2021","article","James Alvey; Miguel Escudero","Physics Letters B","14","True","q1_birefringence","All global symmetries are expected to be explicitly broken by quantum gravitational effects, and yet may play an important role in Particle Physics and Cosmology. As such, any evidence for a well-preserved global symmetry would give insight into an important feature of gravity. We argue that a recently reported 2.4σ detection of cosmic birefringence in the Cosmic Microwave Background could be the first observational indication of a well-preserved (although spontaneously broken) global symmetry i"
"https://doi.org/10.1140/epjc/s10052-020-08482-x","https://openalex.org/W2997551478","Gravitational theory of cosmology, galaxies and galaxy clusters","2020","article","J. W. Moffat","The European Physical Journal C","14","True","q2_polarization","Abstract A modified gravitational theory explains early universe and late time cosmology, galaxy and galaxy cluster dynamics. The modified gravity (MOG) theory extends general relativity (GR) by three extra degrees of freedom: a scalar field G, enhancing the strength of the Newtonian gravitational constant $$G_N$$ G N , a gravitational, spin 1 vector graviton field $$\phi _\mu $$ ϕ μ , and the effective mass $$\mu $$ μ of the ultralight spin 1 graviton. For $$t < t_\mathrm{rec}$$ t < t rec , whe"
"https://doi.org/10.1016/j.physletb.2025.139774","https://openalex.org/W4412862865","Interpreting cosmic birefringence and DESI data with evolving axion in ΛCDM","2025","article","Shota Nakagawa; Yuichiro Nakai; Yu-Cheng Qiu; Masaki Yamada","Physics Letters B","14","True","q1_birefringence|q2_polarization","Recent cosmological observations have revealed growing tensions with the standard ΛCDM model, including indications of isotropic cosmic birefringence and deviations from w = − 1 in the dark energy equation of state, as suggested by DESI and supernova measurements. In this paper, we point out that such deviations can arise even from a subdominant energy density component. We then propose a unified framework based on a dynamical axion field that simultaneously accounts for both anomalies, providin"
"https://doi.org/10.48550/arxiv.2503.14454","https://openalex.org/W4415025020","The Atacama Cosmology Telescope: DR6 Constraints on Extended Cosmological Models","2025","preprint","Erminia Calabrese; J. Colin Hill; Hidde T. Jense; Adrien La Posta; Irene Abril-Cabezas; Graeme E. Addison; Peter A. R. Ade; Simone Aiola; Tommy Alford; David Alonso; Mandana Amiri; Rui An; Zachary Atkins; Jason E. Austermann; Eleonora Barbavara; Nicola Barbieri; Nicholas Battaglia; E. S. Battistelli; James A. Beall; Rachel Bean; Ali Beheshti; Benjamin Beringue; Tanay Bhandarkar; Emily Biermann; Boris Bolliet; J. Richard Bond; Valentina Capalbo; Felipe Carrero; Chen, Shi-Fan; Grace Chesmore; Hsiao-Mei Cho; Steve K. Choi; Susan E. Clark; Nicholas F. Cothard; Kevin W Coughlin; William R. Coulton; Devin Crichton; Kevin T. Crowley; Omar Darwish; Mark J. Devlin; Simon Dicker; Cody J. Duell; Shannon M. Duff; Adriaan J. Duivenvoorden; J. Dunkley; Rolando Dünner; Carmen Embil Villagra; Max Fankhanel; Gerrit S. Farren; Simone Ferraro; A. Foster; Rodrigo Freundt; Brittany Fuzia; Patricio A. Gallardo; X. Garrido; M. Gerbino; S. Giardiello; Ajay Gill; Jahmour J. Givans; Jessica R. Lu; Samuel Goldstein; Joseph E. Golec; Yulin Gong; Yilun Guan; Mark I. Halpern; Ian Harrison; Matthew Hasselfield; Adam He; Erin E. Healy; Shawn Henderson; Brandon S. Hensley; Carlos Hervías-Caimapo; Gene C Hilton; Matt Hilton; Adam D. Hincks; Renée Hložek; Shuay-Pwu Patty Ho; John C. Hood; Erika Hornecker; Zachary B. Huber; Johannes Hubmayr; Kevin M. Huffenberger; John P. Hughes; Margaret Ikape; K. D. Irwin; Giovanni Isopi; Neha Joshi; Ben Keller; Joshua Kim; Kenda Knowles; Brian J. Koopman; Arthur B. Kosowsky; Darby Kramer; Aleksandra Kusiak; Alex Laguë; Victoria Lakey; Massimiliano Lattanzi; Eunseong Lee; Yaqiong Li; Zack Li","arXiv (Cornell University)","14","True","q3_alps","We use new cosmic microwave background (CMB) primary temperature and polarization anisotropy measurements from the Atacama Cosmology Telescope (ACT) Data Release 6 (DR6) to test foundational assumptions of the standard cosmological model and set constraints on extensions to it. We derive constraints from the ACT DR6 power spectra alone, as well as in combination with legacy data from Planck. To break geometric degeneracies, we include ACT and Planck CMB lensing data and baryon acoustic oscillati"
"https://doi.org/10.1088/1475-7516/2020/12/051","https://openalex.org/W3033157794","The effects on CMB power spectra and bispectra from the polarization rotation and its correlations with temperature and E-polarization","2020","article","Hua Zhai; Siyu Li; Mingzhe Li; Hong Li; Xinmin Zhang.","Journal of Cosmology and Astroparticle Physics","14","True","q2_polarization","The Chern-Simons term, through which the cosmic Axion-like field couples to the electromagnetic field, has the effect to rotate CMB polarization directions and to break the CPT symmetry. This rotation will change the CMB power spectra, no matter isotropic or anisotropic the rotation angle is. In this paper we revisit this issue by further considering the correlations between the anisotropic rotation angle α and the CMB temperature and CMB E polarization fields. These correlations could be genera"
"https://doi.org/10.1088/1475-7516/2023/08/048","https://openalex.org/W4385972787","How to detect lensing rotation","2023","article","Mathew Robertson; Antony Lewis","Journal of Cosmology and Astroparticle Physics","13","True","q2_polarization","Abstract Gravitational lensing rotation of images is predicted to be negligible at linear order in density perturbations, but can be produced by the post-Born lens-lens coupling at second order. This rotation is somewhat enhanced for Cosmic Microwave Background (CMB) lensing due to the large source path length, but remains small and very challenging to detect directly by CMB lensing reconstruction alone. We show the rotation may be detectable at high significance as a cross-correlation signal be"
"https://doi.org/10.1088/1475-7516/2022/01/030","https://openalex.org/W3201461873","Reconstructing cosmic polarization rotation with ResUNet-CMB","2022","article","Eric Guzman; Joel Meyers","Journal of Cosmology and Astroparticle Physics","13","True","q2_polarization","Abstract Cosmic polarization rotation, which may result from parity-violating new physics or the presence of primordial magnetic fields, converts E-mode polarization of the cosmic microwave background (CMB) into B-mode polarization. Anisotropic cosmic polarization rotation leads to statistical anisotropy in CMB polarization and can be reconstructed with quadratic estimator techniques similar to those designed for gravitational lensing of the CMB. At the sensitivity of upcoming CMB surveys, lensi"
"https://doi.org/10.1088/1475-7516/2019/01/045","https://openalex.org/W2887907264","Real-space computation of E / B -mode maps. Part I. Formalism, compact kernels, and polarized filaments","2019","article","Aditya Rotti; Kevin M. Huffenberger","Journal of Cosmology and Astroparticle Physics","13","True","q2_polarization","We derive full-sky, real-space operators that convert between polarization Stokes Q / U parameters and the coordinate-independent scalar E / B modes that are widely used in Cosmic Microwave Background (CMB) and cosmic shear analysis. We also derive real space operators that decompose the measured Stokes parameters into those corresponding to E -modes and B -modes respectively, without ever evaluating the scalar fields themselves. We cast the standard CMB polarization analysis operators in a matr"
"https://doi.org/10.48550/arxiv.1904.12440","https://openalex.org/W2941889716","Simultaneous determination of the cosmic birefringence and miscalibrated polarisation angles from CMB experiments","2019","preprint","Y. Minami; Hiroki Ochi; Kiyotomo Ichiki; N. Katayama; Eiichiro Komatsu; T. Matsumura","arXiv (Cornell University)","12","True","q1_birefringence","We show that the cosmic birefringence and miscalibrated polarisation angles can be determined simultaneously by cosmic microwave background (CMB) experiments using the cross-correlation between $E$- and $B$-mode polarisation data. This is possible because polarisation angles of the CMB are rotated by both the cosmic birefringence and miscalibration effects,whereas those of the Galactic foreground emission only by the latter. Our method does not require prior knowledge of the $E$- and $B$-mode po"
"https://doi.org/10.1063/1.5095160","https://openalex.org/W2990770414","The POLARBEAR Fourier transform spectrometer calibrator and spectroscopic characterization of the POLARBEAR instrument","2019","article","F. Matsuda; L. Lowry; A. Suzuki; M. Aguilar Fáundez; K. Arnold; D. Barron; F. Bianchini; K. Cheung; Y. Chinone; T. Elleflot; G. Fabbian; N. Goeckner-Wald; M. Hasegawa; D. Kaneko; N. Katayama; B. Keating; A. T. Lee; M. Navaroli; H. Nishino; H. Paar; G. Puglisi; P. L. Richards; J. Seibert; P. Siritanasak; O. Tajima; S. Takatori; C. Tsai; B. Westbrook","Review of Scientific Instruments","12","True","q2_polarization","We describe the Fourier Transform Spectrometer (FTS) used for in-field testing of the POLARBEAR receiver, an experiment located in the Atacama Desert of Chile which measures the cosmic microwave background (CMB) polarization. The POLARBEAR-FTS (PB-FTS) is a Martin-Puplett interferometer designed to couple to the Huan Tran Telescope (HTT) on which the POLARBEAR receiver is installed. The PB-FTS measured the spectral response of the POLARBEAR receiver with signal-to-noise ratio >20 for ∼69% of the"
"https://doi.org/10.1088/1475-7516/2024/07/086","https://openalex.org/W4401174181","LiteBIRD science goals and forecasts: primordial magnetic fields","2024","article","D. Paoletti; José Alberto Rubiño-Martín; Maresuke Shiraishi; D. Molinari; Jens Chluba; Fabio Finelli; C. Baccigalupi; Josquin Errard; ALESSANDRO GRUPPUSO; A.I. Lonappan; A. Tartari; Erwan Allys; Ashish Prabhu Anand; J. Aumont; M. Ballardini; A. J. Banday; R. Belén Barreiro; N. Bartolo; M. Bersanelli; M. Bortolami; Thejs Brinckmann; E. Calabrese; P. Campeti; A. Carones; F. J. Casas; K. Cheung; L. Clermont; F. Columbro; G. Conenna; A. Coppolecchia; F. Cuttaia; G. D’Alessandro; P. de Bernardis; S. Della Torre; P. Diego-Palazuelos; H. K. Eriksen; U. Fuskeland; G. Galloni; M. Galloway; M. Gerbino; M. Gervasi; T. Ghigna; S. Giardiello; C. Gimeno-Amo; E. Gjerløw; Frank U. Grupp; M. Hazumi; Sophie Henrot-Versillé; L. T. Hergt; E. Hivon; Kiyotomo Ichiki; H. Ishino; Kazunori Kohri; Eiichiro Komatsu; N. Krachmalnicoff; L. Lamagna; Massimiliano Lattanzi; M Lembo; F. Levrier; M. López-Caniego; G. Luzzi; Enrique Martínez-González; S. Masi; S. Matarrese; S. Micheli; M. Migliaccio; M. Monelli; L. Montier; Gianluca Morgante; L. Mousset; Ryo Nagata; Toshiya Namikawa; P. Natoli; A. Novelli; Ippei Obata; A. Occhiuzzi; Kimihide Odagiri; L. Pagano; A. Paiella; G. Pascual-Cisneros; F. Piacentini; G. Piccirilli; Mathieu Remazeilles; A. Ritacco; Miguel Ruiz-Granda; Y. Sakurai; Douglas Scott; Samantha L. Stever; Raelyn Marguerite Sullivan; Yusuke Takase; Konstantinos Tassis; L. Terenzi; M. Tristram; L. Vacher; B. van Tent; Patricio Vielva; Ingunn Kathrine Wehus; G. Weymann-Despres; M. Zannoni; Ying Zhou","Journal of Cosmology and Astroparticle Physics","12","True","q2_polarization","Abstract We present detailed forecasts for the constraints on the characteristics of primordial magnetic fields (PMFs) generated prior to recombination that will be obtained with the LiteBIRD satellite. The constraints are driven by some of the main physical effects of PMFs on the CMB anisotropies: the gravitational effects of magnetically-induced perturbations; the effects on the thermal and ionization history of the Universe; the Faraday rotation imprint on the CMB polarization spectra; and th"
"https://doi.org/10.1103/physrevlett.127.011301","https://openalex.org/W3180245401","Cosmic Microwave Background Polarization as a Tool to Constrain the Optical Properties of the Universe","2021","article","M Lembo; Massimiliano Lattanzi; L. Pagano; ALESSANDRO GRUPPUSO; P. Natoli; Francesco Forastieri","Physical Review Letters","12","True","q1_birefringence|q2_polarization","We present a novel formalism to describe the in vacuo conversion between polarization states of propagating radiation, also known as generalized Faraday effect (GFE), in a cosmological context. Thinking of GFE as a potential tracer of new, isotropy- and/or parity-violating physics, we apply our formalism to the cosmic microwave background (CMB) polarized anisotropy power spectra, providing a simple framework to easily compute their observed modifications. In so doing, we re-interpret previously "
"https://doi.org/10.1088/1475-7516/2022/04/039","https://openalex.org/W4224219816","QUBIC VI: Cryogenic half wave plate rotator, design and performance","2022","article","G. D’Alessandro; L. Mele; F. Columbro; G. Amico; E. S. Battistelli; P. de Bernardis; A. Coppolecchia; M. De Petris; L. Grandsire; J.–Ch. Hamilton; L. Lamagna; S. Marnieros; S. Masi; ANIELLO MENNELLA; C. O’Sullivan; A. Paiella; F. Piacentini; M. Piat; G. Pisano; G. Presta; A. Tartari; Steve A. Torchinsky; F. Voisin; M. Zannoni; Peter A. R. Ade; J.G. Alberro; Alejandro Almela; Horacio Arnaldi; D. Auguste; J. Aumont; S. Azzoni; Stefano Banfi; A. Baù; B. Bélier; David G. Bennett; L. Bergé; J.-P. Bernard; M. Bersanelli; M.-A. Bigot-Sazy; J. Bonaparte; J. Bonis; Emory F. Bunn; David P. Burke; Daniele Buzi; Federica Cavaliere; P. Chanial; Claude Chapron; R. Charlassier; Agustín Cobos Cerutti; G. de Gasperis; M. De Leo; Stéphane Dheilly; C. Duca; L. Dumoulin; A. Etchegoyen; A. Fasciszewski; L.P. Ferreyro; D. Fracchia; C. Franceschet; M.M. Gamboa Lerena; Ken M. Ganga; Beatriz Eugenia Silva y Rodríguez García; Manuel Elías García Redondo; Michel Gaspard; Donnacha Gayer; M. Gervasi; M. Giard; V. Gilles; Yannick Giraud-Héraud; Mariano Gómez Berisso; Manuel González; Marcin Gradziel; Matías Rolf Hampel; D.D. Harari; Sophie Henrot-Versillé; Federico Incardona; E. Jules; J. Kaplan; C. Kristukat; S. Loucatos; Thibaut Louis; Bruno Maffei; W. Marty; A. Mattei; A. May; M. McCulloch; Daniel Nogueira Barreto de Melo; L. Montier; L. Mousset; L.M. Mundo; J. Anthony Murphy; James D. Murphy; F. Nati; E. Olivieri; C. Oriol; F. Pajot; Andrea Passerini; H. Pastoriza; A. Pelosi; Camille Perbost","Journal of Cosmology and Astroparticle Physics","12","True","q2_polarization","Abstract Setting an upper limit or detection of B-mode polarization imprinted by gravitational waves from Inflation is one goal of modern large angular scale cosmic microwave background (CMB) experiments around the world. A great effort is being made in the deployment of many ground-based, balloon-borne and satellite experiments, using different methods to separate this faint polarized component from the incoming radiation. QUBIC exploits one of the most widely-used techniques to extract the inp"
"https://doi.org/10.1103/pjf4-sn4v","https://openalex.org/W4413780488","Isotropic cosmic birefringence from string axion domain walls without cosmic strings and DESI results","2025","article","Junseok Lee; Kai Murai; Fuminobu Takahashi; Wen Yin","Physical review. D/Physical review. D.","12","True","q1_birefringence","Recently, results from the Atacama Cosmology Telescope (ACT) DR6 have shown a preference for isotropic cosmic birefringence, consistent with previous analyses based on Planck and WMAP data. Separately, the Dark Energy Spectroscopic Instrument (DESI) DR2 results suggest that dark energy evolves over cosmic history, pointing to new physics in the late-time universe. In this paper, we propose that domain walls associated with the string axion can naturally explain the isotropic cosmic birefringence"
"https://doi.org/10.1140/epjc/s10052-019-6713-8","https://openalex.org/W2897290373","On the CMB circular polarization: I. The Cotton–Mouton effect","2019","article","Damian Ejlli","The European Physical Journal C","11","True","q2_polarization","Generation of cosmic microwave background (CMB) elliptic polarization due to the Cotton–Mouton (CM) effect in a cosmic magnetic field is studied. We concentrate on the generation of CMB circular polarization and on the rotation angle of the CMB polarization plane from the decoupling time until at present. For the first time, a rather detailed analysis of the CM effect for an arbitrary direction of the cosmic magnetic field with respect to photon direction of propagation is done. Considering the "
"https://doi.org/10.1103/physrevlett.134.161001","https://openalex.org/W4409660849","New Probe of Cosmic Birefringence Using Galaxy Polarization and Shapes","2025","article","Weichen Winston Yin; Liang Dai; Junwu Huang; Lingyuan Ji; Simone Ferraro","Physical Review Letters","11","True","q1_birefringence|q2_polarization","We propose a novel statistical method to measure cosmic birefringence and demonstrate its power in probing parity violation due to axions. Exploiting an empirical correlation between the integrated radio polarization direction of a spiral galaxy and its apparent shape, we devise an unbiased minimum-variance estimator for the rotation angle, which should achieve an uncertainty of 5°-15° per galaxy. Large galaxy samples from the forthcoming SKA continuum surveys, together with optical shape catalo"
"https://doi.org/10.1103/physrevd.111.083532","https://openalex.org/W4409477234","Modeling parity-violating spectra in Galactic dust polarization with filaments and its applications to cosmic birefringence searches","2025","article","Carlos Hervías-Caimapo; Ari Jozef Cukierman; P. Diego-Palazuelos; Kevin M. Huffenberger; Susan E. Clark","Physical review. D/Physical review. D.","11","False","q1_birefringence|q2_polarization","The detection of rotation of linearly polarized cosmic microwave background photons, which is called cosmic birefringence, may suggest new parity-violating physics. However, scattering by dust can also mimic this same effect. In this paper, the authors extends a pre-existing dust filament model to compute this effect to make a forecast for future CMB experiments and assess the effect of this dust on present isotropic measurements of cosmic birefringence."
,"https://openalex.org/W3099203891","The POLARBEAR Fourier transform spectrometer calibrator and spectroscopic characterization of the POLARBEAR instrument","2019","article","Matsuda, F; Lowry, L; Suzuki, A; Aguilar Fáundez, M; Arnold, K; Barron, D; Bianchini, F; Cheung, K; Chinone, Y; Elleflot, T; Fabbian, G; Goeckner-Wald, N; Hasegawa, M; Kaneko, D; Katayama, N; Keating, B; Lee, AT; Navaroli, M; Nishino, H; Paar, H; Puglisi, G; Richards, PL; Seibert, J; Siritanasak, P; Tajima, O; Takatori, S; Tsai, C; Westbrook, B","Sussex Research Online (University of Sussex)","11","True","q2_polarization","We describe the Fourier Transform Spectrometer (FTS) used for in-field testing of the POLARBEAR receiver, an experiment located in the Atacama Desert of Chile which measures the cosmic microwave background (CMB) polarization. The POLARBEAR-FTS (PB-FTS) is a Martin-Puplett interferometer designed to couple to the Huan Tran Telescope (HTT) on which the POLARBEAR receiver is installed. The PB-FTS measured the spectral response of the POLARBEAR receiver with signal-to-noise ratio >20 for ~69% of the"
"https://doi.org/10.1103/physrevd.107.043513","https://openalex.org/W4319787661","Impact of anisotropic birefringence on measuring cosmic microwave background lensing","2023","article","Hongbo Cai; Yilun Guan; Toshiya Namikawa; Arthur B. Kosowsky","Physical review. D/Physical review. D.","11","False","q1_birefringence|q2_polarization","The power spectrum of cosmic microwave background lensing is a powerful tool for constraining fundamental physics such as the sum of neutrino masses and the dark energy equation of state. Current lensing measurements primarily come from distortions to the microwave background temperature field, but the polarization lensing signal will dominate upcoming experiments with greater sensitivity. Cosmic birefringence refers to the rotation of the linear polarization direction of microwave photons propa"
"https://doi.org/10.1088/1475-7516/2025/07/083","https://openalex.org/W4412908767","LiteBIRD science goals and forecasts: constraining isotropic cosmic birefringence","2025","article","E. de la Hoz; P. Diego-Palazuelos; Josquin Errard; ALESSANDRO GRUPPUSO; Baptiste Jost; Raelyn Marguerite Sullivan; M. Bortolami; Y. Chinone; L. T. Hergt; Eiichiro Komatsu; Y. Minami; Ippei Obata; D. Paoletti; Douglas Scott; Patricio Vielva; Debabrata Adak; R. Akizawa; Ashish Prabhu Anand; J. Aumont; C. Baccigalupi; A.J. Banday; R. Belén Barreiro; N. Bartolo; S. Basak; A. Basyrov; M. Bersanelli; Thejs Brinckmann; F. Cacciotti; E. Calabrese; P. Campeti; Emile Carinos; A. Carones; F. Carralot; F. J. Casas; Michele Citran; Lionel Clermont; F. Columbro; Gabriele Coppi; A. Coppolecchia; F. Cuttaia; P. de Bernardis; Mario de Lucia; M. De Petris; S. Della Torre; E. Di Giorgi; H. K. Eriksen; Evandro Maia Ferreira; F Finelli; C. Franceschet; U. Fuskeland; G. Galloni; M. Galloway; M. Gerbino; M. Gervasi; R.T Génova-Santos; T. Ghigna; S. Giardiello; C. Gimeno-Amo; E. Gjerløw; M. Hazumi; Sophie Henrot-Versillé; E. Hivon; H. Ishino; Kazunori Kohri; L. Lamagna; Massimiliano Lattanzi; C. Leloup; M Lembo; François Levrier; M. López-Caniego; G. Luzzi; Enrique Martínez-González; S. Masi; S. Matarrese; S. Micheli; M. Migliaccio; M. Monelli; L. Montier; G Morgante; Ryo Nagata; Toshiya Namikawa; P. Natoli; A. Occhiuzzi; L. Pagano; A Paiella; G. Pascual-Cisneros; Vasiliki Pavlidou; Vincent Pelgrims; F. Piacentini; G. Piccirilli; Gianluca Polenta; L. Porcelli; N. Raffuzzi; Mathieu Remazeilles; A. Ritacco; A. Rizzieri; J.A Rubiño-Martín; Miguel Ruiz-Granda; Y. Sakurai; Jagesh V. Sanghavi","Journal of Cosmology and Astroparticle Physics","11","True","q1_birefringence","Abstract Cosmic birefringence (CB) is the rotation of the photons' linear polarisation plane during propagation. Such an effect is a tracer of parity-violating extensions of standard electromagnetism and would probe the existence of a new cosmological field acting as dark matter or dark energy. It has become customary to employ cosmic microwave background (CMB) polarised data to probe such a phenomenon. Recent analyses on Planck and WMAP data provide a hint of detection of the isotropic CB angle"
"https://doi.org/10.1088/1475-7516/2019/09/038","https://openalex.org/W2946121109","The Different Regimes of Axion Gauge Field Inflation","2019","article","Valerie Domcke; Stefan Sandner","Journal of Cosmology and Astroparticle Physics","10","True","q3_alps","In axion gauge field inflation an axion-like particle driving cosmic inflation is coupled to the Chern-Simons density of an Abelian or non-Abelian gauge group. In the case of a non-Abelian gauge group, this can lead to the formation of a stable, homogeneous and isotropic gauge field background. We study the dynamics of the inflaton and gauge fields in terms of the two effective coupling parameters: the gauge coupling and the axion decay constant. Starting from the Bunch-Davies vacuum in the far "
"https://doi.org/10.1103/physrevd.109.123521","https://openalex.org/W4399486030","Exact CMB B -mode power spectrum from anisotropic cosmic birefringence","2024","article","Toshiya Namikawa","Physical review. D/Physical review. D.","10","False","q1_birefringence","We calculate the cosmic microwave background $B$-mode power spectrum resulting from anisotropic cosmic birefringence, without relying on the thin approximation of the last scattering surface. Specifically, we consider the influence of anisotropic cosmic birefringence arising from massless axionlike particles. Comparing our results to those obtained using the thin approximation, we observe a suppression in the amplitude of the $B$-mode power spectrum by approximately an order of magnitude at larg"
"https://doi.org/10.1051/0004-6361/201834495","https://openalex.org/W2950504402","Systematic effects induced by half-wave plate precession into measurements of the cosmic microwave background polarization","2019","article","G. D’Alessandro; L. Mele; F. Columbro; L. Pagano; F. Piacentini; P. de Bernardis; S. Masi","Astronomy and Astrophysics","10","True","q2_polarization","Context. The primordial B-mode signal in the cosmic microwave background (CMB) represents the smoking gun of cosmic inflation, and measuring it is the main goal of current experimental effort. The most accessible method for measuring polarization features of the CMB radiation is a Stokes polarimeter based on the rotation of a half-wave plate (HWP). Aims. Current observational cosmology is starting to be limited by systematic effects. A Stokes polarimeter with a rotating HWP has the advantage of "
"https://doi.org/10.1117/12.2620212","https://openalex.org/W4288032681","Improved polarization calibration of the BICEP3 CMB polarimeter at the South Pole","2022","conference-paper","James Cornelison; C. Vergès; Peter A. R. Ade; Zeeshan Ahmed; Mandana Amiri; D. Barkats; R. Basu Thakur; D. Beck; Colin A. Bischoff; J. J. Bock; V. Buza; James R. Cheshire; Jake Connors; Michael Crumrine; Michael Crumrine; Ari Jozef Cukierman; Edward Denison; M. Dierickx; L. Duband; Miranda Eiben; S. Fatigoni; Jeff P. Filippini; Christos Giannakopoulos; Neil Goeckner-Wald; D. C. Goldfinger; J. Grayson; Paul Grimes; Grantland Hall; George Halal; Mark Halpern; E. Hand; Sam A. Harrison; Shawn Henderson; Sergi R. Hildebrandt; Gene C Hilton; Johannes Hubmayr; H. Hui; K. D. Irwin; J. Kang; Kirit S. Karkare; Sinan Kefeli; John M. Kovac; C. L. Kuo; K. Lau; Erik M. Leitch; Amber R. Lennox; Tongtian Liu; Karsten Look; K. G. Megerian; Lorenzo Minutolo; Lorenzo Moncelsi; Yuka Nakato; Toshiya Namikawa; H. T. Nguyen; Roger O'brient; S. Palladino; Matthew A. Petroff; Thomas Prouvé; Clement L. Pryke; B. Racine; Carl D. Reintsema; Maria Salatino; A. Schillaci; Benjamin L. Schmitt; Baibhav Singari; Ahmed Soliman; T. St. Germaine; Bryan Steinbach; Rashmi Sudiwala; Keith L. Thompson; Calvin Tsai; Carole Tucker; Anthony D. Turner; Caterina Umiltà; Abigail G. Vieregg; A. Wandui; Alexis C. Weber; Don Wiebe; J. Willmert; Wai Ling K. Wu; Hung-I Yang; Ki Won Yoon; Edward Young; Cyndia Yu; Lingzhen Zeng; Cheng Zhang; Silvia Zhang","Millimeter, Submillimeter, and Far-Infrared Detectors and Instrumentation for Astronomy XI","9","True","q2_polarization","The BICEP3 Polarimeter is a small aperture, refracting telescope, dedicated to the observation of the Cosmic Microwave Background (CMB) at 95GHz. It is designed to target degree angular scale polarization patterns, in particular the very-much-sought-after primordial B-mode signal, which is a unique signature of cosmic inflation. The polarized signal from the sky is reconstructed by differencing co-localized, orthogonally polarized superconducting Transition Edge Sensor (TES) bolometers. In this "
"https://doi.org/10.48550/arxiv.2110.13602","https://openalex.org/W4286894111","Evaporating primordial black holes, the string axiverse, and hot dark radiation","2021","preprint","Marco Calzà; John March-Russell; João G. Rosa","arXiv (Cornell University)","9","True","q3_alps","We show that primordial black holes (PBHs) develop non-negligible spins through Hawking emission of the large number of axion-like particles generically present in string theory compactifications. This is because scalars can be emitted in the monopole mode ($l=0$), where no angular momentum is removed from the BH, so a sufficiently large number of scalars can compensate for the spin-down produced by fermion, gauge boson, and graviton emission. The resulting characteristic spin distributions for "
"https://doi.org/10.1103/x1qj-t4jz","https://openalex.org/W4414606400","Observational evidence for early dark energy as a unified explanation for cosmic birefringence and the Hubble tension","2025","article","Joby P. Kochappan; Lu Yin; Bum-Hoon Lee; Tuhin Ghosh","Physical review. D/Physical review. D.","9","False","q1_birefringence",""
"https://doi.org/10.1103/physrevd.111.063505","https://openalex.org/W4408108416","BICEP/ Keck XVIII: Measurement of BICEP3 polarization angles and consequences for constraining cosmic birefringence and inflation","2025","article","Peter A. R. Ade; Zeeshan Ahmed; Marwen Amiri; D. Barkats; R. Basu Thakur; C. A. Bischoff; D. Beck; J. J. Bock; H. Boenish; V. Buza; J. R. Cheshire; J. Connors; James Cornelison; M. Crumrine; A. J. Cukierman; E. V. Denison; L. Duband; M. Eiben; Benjamin D. Elwood; S. Fatigoni; J. P. Filippini; Marcos Fraga Fortes; M. Gao; C. Giannakopoulos; N. Goeckner-Wald; D. C. Goldfinger; J. Grayson; Amy Greathouse; P. K. Grimes; G. Hall; George Halal; M. Halpern; E. Hand; S. A. Harrison; Shawn W. Henderson; J. Hubmayr; H. Hui; K. D. Irwin; Ji‐hyun Kang; K. S. Karkare; S. Kefeli; John M. Kovac; C.-L. Kuo; K. Lau; Margaret Lautzenhiser; A. Lennox; Tingting Liu; K. G. Megerian; L. Minutolo; L. Moncelsi; Y. Nakato; H. T. Nguyen; Roger C. O'Brient; Arpit R. Patel; M. A. Petroff; Annie Polish; T. Prouvé; C. Pryke; Carl D. Reintsema; T. Romand; Maria Salatino; A. Schillaci; Bernd Schmitt; Baibhav Singari; Kurt Sjoberg; A. Soliman; T. St Germaine; A. Steiger; B. Steinbach; R. Sudiwala; Kristen L. Thompson; C. Tsai; Carole Tucker; A. D. Turner; C. Vergès; A. G. Vieregg; A. Wandui; A. C. Weber; J. Willmert; W. L. K. Wu; Haixuan Yang; Cong Yu; Lingzhen Zeng; C. Zhang; Silvia Zhang","Physical review. D/Physical review. D.","9","False","q1_birefringence","We use a custom-made calibrator to measure individual detectors' polarization angles of BICEP3, a small aperture telescope observing the cosmic microwave background (CMB) at 95 GHz from the South Pole. We describe our calibration strategy and the statistical and systematic uncertainties associated with the measurement. We reach an unprecedented precision for such measurement on a CMB experiment, with a repeatability for each detector pair of 0.02\ifmmode^\circ\else\textdegree\fi{}. We show that "
"https://doi.org/10.48550/arxiv.2108.09287","https://openalex.org/W4287022614","Cosmic birefringence tomography and calibration-independence with reionization signals in the CMB","2021","preprint","Blake D. Sherwin; Toshiya Namikawa","arXiv (Cornell University)","9","True","q1_birefringence|q2_polarization|q3_alps|q4_tomography","The search for cosmic polarization rotation or birefringence in the CMB is well-motivated because it can provide powerful constraints on parity-violating new physics, such as axion-like particles. In this paper we point out that since the CMB polarization is produced at two very different redshifts - it is generated at both reionization and recombination - new parity-violating physics can generically rotate the polarization signals from these different sources by different amounts. We explore tw"
"https://doi.org/10.1088/1475-7516/2025/06/025","https://openalex.org/W4411368406","Planck PR4 (NPIPE) map-space cosmic birefringence","2025","article","Raelyn Marguerite Sullivan; Arefe Abghari; P. Diego-Palazuelos; L. T. Hergt; Douglas Scott","Journal of Cosmology and Astroparticle Physics","9","True","q1_birefringence","Abstract Cosmic birefringence is an effect where the plane of polarisation of the cosmic microwave background (CMB) is rotated by an angle β through coupling to a hypothetical parity-violating field. We analyse the Planck Public Release 4 (PR4 or NPIPE) data using a map-space analysis method and find β= 0.46° ± 0.04°(stat.) ± 0.28°(syst.) for SEVEM CMB maps and β = 0.48° ± 0.04°(stat.) ± 0.28°(syst.) for Commander CMB maps. These values are slightly higher than previously published results, whic"
"https://doi.org/10.48550/arxiv.2108.13317","https://openalex.org/W3198164902","Interacting dark energy axions in light of the Hubble tension","2021","preprint","Ennis Mawas; Lauren Street; Richard Gass; L. C. R. Wijewardhana","arXiv (Cornell University)","8","True","q3_alps","A current problem within the ΛCDM framework is the tension between late and early time measurements of the Hubble parameter today, H0. We entertain the possibility that dark energy modeled as multiple interacting axion-like-particle species can alleviate the current Hubble tension. We then test these parameters against the milder tension between the CMB and large scale structure (LSS) observations of σ8 to ensure that these models do not exacerbate the tension. We find that there exist parameter"
"https://doi.org/10.1093/mnras/stz1637","https://openalex.org/W2951936645","CMB foreground measurements through broad-band radio spectro-polarimetry: prospects of the SKA-MPG telescope","2019","article","Aritra Basu; Dominik J. Schwarz; H.-R. Klöckner; Sebastian von Hausegger; Michael J. Kramer; G. Wieching; Blakesley Burkhart","Monthly Notices of the Royal Astronomical Society","8","True","q2_polarization","ABSTRACT Precise measurement of the foreground synchrotron emission, which contaminates the faint polarized cosmic microwave background (CMB) radiation, is a major challenge for the next-generation of CMB experiments. To address this, dedicated foreground measurement experiments are being undertaken at radio frequencies between 2 and 40 GHz. Foreground polarized synchrotron emission measurements are particularly challenging, primarily due to the complicated frequency dependence in the presence o"
,"https://openalex.org/W3104613109","The Different Regimes of Axion Gauge Field Inflation","2019","article","Valerie Domcke; Stefan Sandner","DESY (CERN, DESY, Fermilab, IHEP, and SLAC)","8","True","q3_alps","In axion gauge field inflation an axion-like particle driving cosmic inflation is coupled to the Chern-Simons density of an Abelian or non-Abelian gauge group. In the case of a non-Abelian gauge group, this can lead to the formation of a stable, homogeneous and isotropic gauge field background. We study the dynamics of the inflaton and gauge fields in terms of the two effective coupling parameters: the gauge coupling and the axion decay constant. Starting from the Bunch-Davies vacuum in the far "
"https://doi.org/10.1088/1475-7516/2025/07/023","https://openalex.org/W4412148967","A minimal axio-dilaton dark sector","2025","article","Adam Smith; Maria Mylova; Philippe Brax; Carsten van de Bruck; Cliff P Burgess; Anne-Christine Davis","Journal of Cosmology and Astroparticle Physics","8","True","q3_alps","Abstract In scalar-tensor theories it is the two-derivative sigma-model interactions that like to compete at low energies with the two-derivative interactions of General Relativity (GR) — at least once the dangerous zero-derivative terms of the scalar potential are suppressed (such as by a shift symmetry). But nontrivial two-derivative interactions require at least two scalars to exist and so never arise in the single-scalar models most commonly explored. Axio-dilaton models provide a well-motiv"
"https://doi.org/10.1103/qgnn-6hsf","https://openalex.org/W4415223519","Resolving the Negative Effective Neutrino Mass Parameter with Cosmic Birefringence","2025","article","Toshiya Namikawa","Physical Review Letters","8","True","q1_birefringence|q2_polarization","The recent measurement of baryonic acoustic oscillations by the Dark Energy Spectroscopic Instrument reveals a mild tension with observations of the cosmic microwave background (CMB) within the standard Λ cold dark matter (ΛCDM) cosmological model. This discrepancy leads to a preference for a total neutrino mass that is lower than the minimum value inferred from neutrino oscillation experiments. Alternatively, this tension can be eased within ΛCDM by assuming a higher optical depth (τ≃0.09), but"
"https://doi.org/10.1088/1475-7516/2022/11/045","https://openalex.org/W4309376600","Primordial black holes induced stochastic axion-photon oscillations in primordial magnetic field","2022","article","Haijun Li","Journal of Cosmology and Astroparticle Physics","8","True","q3_alps","Abstract Primordial black holes (PBHs) can be produced in the very early Universe due to the large density fluctuations. The cosmic background of axion-like particles (ALPs) could be non-thermally generated by PBHs. In this paper, we investigate the ALPs emitted by ultra-light PBHs with the mass range 10g ≲ M PBH ≲ 109 g, in which PBHs would have completely evaporated before the start of Big Bang Nucleosynthesis (BBN) and can therefore not be directly constrained. In this case, the minimal scena"
"https://doi.org/10.1088/1475-7516/2024/09/037","https://openalex.org/W4402602714","A power spectrum approach to the search for axion-like particles from resolved galaxy clusters using CMB as a backlight","2024","article","Harsh Mehta; Suvodip Mukherjee","Journal of Cosmology and Astroparticle Physics","8","False","q3_alps","Abstract Axions or axion-like particles (ALPs) are hypothetical particles predicted by beyond standard model theories, which make one of the dark matter candidates. These particles can convert into photons and vice-versa in the presence of a magnetic field, with a probability decided by its coupling strength gaγ. One of the ways to detect these particles is by using the Cosmic Microwave Background (CMB) as a backlight. As the CMB photons pass through a galaxy cluster, they can get converted into"
"https://doi.org/10.1088/1475-7516/2021/10/029","https://openalex.org/W3138838062","Unified approach to secondary effects on the CMB B-mode polarization","2021","article","Toshiya Namikawa; Atsushi Naruko; Ryo Saito; Atsushi Taruya; Daisuke Yamauchi","Journal of Cosmology and Astroparticle Physics","8","True","q2_polarization","We develop a systematic and unified approach to estimate all possible secondary (i.e. non-primordial) nonlinear effects to the cosmic microwave background (CMB) polarization, named curve-of-sight integration approach. In this approach, the Boltzmann equation for polarized photons is rewritten in a line-of-sight integral along an exact geodesic in the perturbed universe, rather than a geodesic in the background universe used in the linear-order CMB calculation. This approach resolves the difficul"
,"https://openalex.org/W3027193734","Gravitational Waves from a Rolling Axion Monodromy","2020","preprint","Ogan Özsoy","arXiv (Cornell University)","8","True","q3_alps","In string theory inspired models of axion-like fields, sub-leading non-perturbative effects, if sufficiently large, can introduce steep cliffs and gentle plateaus onto the underlying scalar potential. During inflation, the motion of a spectator axion $\sigma$ in this potential becomes temporarily fast, leading to exponential amplification of one helicity state of gauge fields. In this model, the axion-gauge field sector interacts gravitationally with the inflaton, therefore the resulting sourced"
"https://doi.org/10.1103/physrevd.110.103525","https://openalex.org/W4404414503","Constraining ultralight ALP dark matter in light of cosmic birefringence","2024","article","Dongdong Zhang; Elisa G. M. Ferreira; Ippei Obata; Toshiya Namikawa","Physical review. D/Physical review. D.","8","False","q1_birefringence|q2_polarization|q3_alps","Cosmic birefringence, the observed rotation of the polarization plane of the cosmic microwave background (CMB), serves as a compelling probe for parity-violating physics beyond the Standard Model. This study explores the potential of ultralight axion-like particle (ALP) dark matter to explain the observed cosmic birefringence in the CMB. We focus on the previously understudied mass range of ${10}^{\ensuremath{-}25}$ to ${10}^{\ensuremath{-}23}\text{ }\text{ }\mathrm{eV}$, where ALPs start to und"
"https://doi.org/10.1103/physrevd.105.063536","https://openalex.org/W3216426175","Computing microwave background polarization power spectra from cosmic birefringence","2022","article","Hongbo Cai; Yilun Guan","Physical review. D/Physical review. D.","8","True","q1_birefringence","We present a new publicly available code, class_rot, which modifies class to enable fast nonperturbative calculation of cosmic microwave background polarization power spectra due to both isotropic and anisotropic polarization rotation from cosmic birefringence. Cosmic birefringence can arise from new parity-violating physics such as axion dark matter with a Chern-Simons coupling to photons or Faraday rotation due to a primordial magnetic field. Constraints on these effects can be obtained by com"
"https://doi.org/10.1088/1475-7516/2023/07/053","https://openalex.org/W4385198700","Cosmic birefringence from neutrino and dark matter asymmetries","2023","article","Ren-Peng Zhou; Da Huang; Chao-Qiang Geng","Journal of Cosmology and Astroparticle Physics","8","True","q1_birefringence|q2_polarization","Abstract In light of the recent measurement of the nonzero Cosmic Microwave Background (CMB) polarization rotation angle from the Planck 2018 data, we explore the possibility that such a cosmic birefringence effect is induced by coupling a fermionic current with photons via a Chern-Simons-like term. We begin our discussion by rederiving the general formulae of the cosmic birefringence angle with correcting a mistake in the previous study. We then identify the fermions in the current as the left-"
"https://doi.org/10.1088/1475-7516/2024/07/084","https://openalex.org/W4396986633","A diffused background from axion-like particles in the microwave sky","2024","article","Harsh Mehta; Suvodip Mukherjee","Journal of Cosmology and Astroparticle Physics","7","True","q3_alps","Abstract The nature of dark matter is an unsolved cosmological problem and axions are one of the weakly interacting cold dark matter candidates. Axions or ALPs (Axion-like particles) are pseudo-scalar bosons predicted by beyond-standard model theories. The weak coupling of ALPs with photons leads to the conversion of CMB photons to ALPs in the presence of a transverse magnetic field. If they have the same mass as the effective mass of a photon in a plasma, the resonant conversion would cause a p"
"https://doi.org/10.1117/12.2560918","https://openalex.org/W3112336262","On-site performance of GroundBIRD, a CMB polarization telescope for large angular scale observations","2020","conference-paper","S. Honda; Jihoon Choi; R. Génova-Santos; M. Hattori; M. Hazumi; Takuji Ikemitsu; Hidesato Ishida; H. Ishitsuka; Yonggil Jo; K. Karatsu; Kenji Kiuchi; Junta Komine; Ryo Koyano; Hiroki Kutsuma; Kyungmin Lee; S. Mima; M. Minowa; Joonhyeok Moon; M. Nagai; Takeo Nagasaki; Masato Naruse; S. Oguri; Chiko Otani; Michael W. Peel; Rafael Rebolo; José Alberto Rubiño-Martín; Yutaro Sekímoto; Yoshinori Sueno; Junya Suzuki; Tohru Taino; O. Tajima; Nozomu Tomita; Yuta Tsuji; Tomohisa Uchida; Eunil Won; Mitsuhiro Yoshida",,"7","False","q2_polarization","GroundBIRD is a millimeter-wave telescope to observe the polarization patterns of the cosmic microwave background (CMB). The target science topics are primordial gravitational waves from cosmic inflation and reionization optical depth. Therefore, this telescope is designed to achieve the highest sensitivity at large angular scales, ℓ = 6 - 300. For wide sky observations (~40% full-sky), scanning at a high rotation speed (120°/s) is important to remove atmospheric fluctuations. Microwave kinetic "
"https://doi.org/10.1088/1475-7516/2023/09/024","https://openalex.org/W4386693918","Measures of non-Gaussianity in axion-string-induced CMB birefringence","2023","article","Ray Hagimoto; Andrew J. Long","Journal of Cosmology and Astroparticle Physics","7","False","q1_birefringence|q2_polarization","Abstract The presence of axion strings in the Universe after recombination can leave an imprint on the polarization pattern of the cosmic microwave background radiation through the phenomenon of axion-string-induced birefringence via the hyperlight axion-like particle's coupling to electromagnetism. Across the sky, the polarization rotation angle is expected to display a patchwork of uniform regions with sharp boundaries that arise as the `shadow' of axion string loops. The statistics of such a "
"https://doi.org/10.1088/1475-7516/2024/04/074","https://openalex.org/W4395684581","Effect of instrumental polarization with a half-wave plate on the B-mode signal: prediction and correction","2024","article","G. Patanchon; Hiroaki Imada; H. Ishino; T. Matsumura","Journal of Cosmology and Astroparticle Physics","7","False","q2_polarization","Abstract We study the effect of incident unpolarized signal converted to polarized light produced by a realistic half-wave plate (HWP) and evaluate the impact of the effect in the measurement of Cosmic Microwave Background (CMB) B-mode polarization signal targeting to probe the tensor-to-scalar ratio r. The HWP is modeled with the Mueller formalism, and coefficients are decomposed for any incident angle into harmonics of the HWP rotation frequency due to azimuthal angle dependence. Although we u"
"https://doi.org/10.1088/1475-7516/2020/04/055","https://openalex.org/W2989627335","Probing a cosmic axion-like particle background within the jets of active galactic nuclei","2020","article","Ahmed Ayad; Geoff Beck","Journal of Cosmology and Astroparticle Physics","7","True","q3_alps","Axions or more generally axion-like particles (ALPs) are pseudo-scalar particles predicted by many extensions of the Standard Model of particle physics (SM) and considered as viable candidates for dark matter (DM) in the universe. If they really exist in nature, they are expected to couple with photons in the presence of an external electromagnetic field through a form of the Primakoff effect. In addition, many string theory models of the early universe motivate the existence of a homogeneous Co"
"https://doi.org/10.1103/physrevd.111.023501","https://openalex.org/W4405990416","Tomographic constraint on anisotropic cosmic birefringence","2025","article","Toshiya Namikawa","Physical review. D/Physical review. D.","6","True","q1_birefringence","We constrain anisotropic cosmic birefringence generated at reionization using Planck PR4 polarization data for the first time. Several recent analyses of WMAP and Planck polarization data have found a tantalizing hint of isotropic cosmic birefringence. Ongoing and future cosmic microwave background (CMB) experiments will test isotropic cosmic birefringence by improving the absolute angle calibration and understanding the intrinsic parity-odd power spectrum of the galactic foregrounds. Alternativ"
"https://doi.org/10.1093/mnras/stz2607","https://openalex.org/W2947193999","Controlling systematics in ground-based CMB surveys with partial boresight rotation","2019","article","Daniel B. Thomas; Nialh McCallum; Michael L Brown","Monthly Notices of the Royal Astronomical Society","6","True","q2_polarization","ABSTRACT Future CMB experiments will require exquisite control of systematics in order to constrain the B-mode polarization power spectrum. One class of systematics that requires careful study is instrumental systematics. The potential impact of such systematics is most readily understood by considering analysis pipelines based on pair differencing. In this case, any differential gain, pointing or beam ellipticity between the two detectors in a pair can result in intensity leakage into the B-mod"
"https://doi.org/10.1103/physrevd.111.043514","https://openalex.org/W4407321151","Isotropic cosmic birefringence from an oscillating axionlike field","2025","article","Kai Murai","Physical review. D/Physical review. D.","6","True","q1_birefringence","We propose a new mechanism for isotropic cosmic birefringence with an axionlike field that rapidly oscillates during the recombination epoch. In conventional models, the field oscillation during the recombination epoch leads to a cancellation of the birefringence effect and significantly suppresses the EB spectrum of the cosmic microwave background (CMB) polarization. By introducing an asymmetric potential to the axion, this cancellation becomes incomplete, and a substantial EB spectrum can be p"
"https://doi.org/10.1117/12.2630636","https://openalex.org/W4285585792","Heat dissipation of rotation mechanism of polarization modulator unit for LiteBIRD low-frequency telescope","2022","conference-paper","Takashi Hasebe; T. Ghigna; Thuong D. Hoang; Yurika Hoshino; Teruhito Iida; N. Katayama; T. Matsumura; Hiroyuki Ohsaki; Y. Sakurai; Shinya Sugiyama; Ryota Takaku; Yutaka Terao","Space Telescopes and Instrumentation 2022: Optical, Infrared, and Millimeter Wave","6","False","q2_polarization","LiteBIRD is a future space mission designed to observe the polarization of the cosmic microwave background (CMB) radiation. LiteBIRD employs polarization modulator units (PMUs) at telescope apertures to mitigate 1/f noise and systematic uncertainties. The PMU employed in the Low-Frequency Telescope (LFT) consists of a broadband achromatic half-wave plate (HWP) and a cryogenic rotation mechanism. A superconducting magnetic bearing, which is a rotor levitation type bearing, is used to eliminate ph"
"https://doi.org/10.1088/1475-7516/2023/06/044","https://openalex.org/W3198407513","Cross-correlation power spectra and cosmic birefringence of the CMB via photon-neutrino interaction","2023","article","Roohollah Mohammadi; Jafar Khodagholizadeh; Mahdi Sadegh; Ali Vahedi; She-Sheng Xue","Journal of Cosmology and Astroparticle Physics","6","True","q1_birefringence|q2_polarization","Abstract In the context of the standard model of particles, the weak interaction of cosmic microwave background (CMB) and cosmic neutrino background (CνB), can generate non-vanishing TB and EB power spectra in the order of one loop forward scattering, in the presence of scalar perturbation, which is in contrast with the standard scenario cosmology. Comparing our results with the current experimental data may provide, significant information about the nature of CνB, including CMB-CνB forward scat"
"https://doi.org/10.1088/1475-7516/2023/07/052","https://openalex.org/W4385077444","Testing charge quantization with axion string-induced cosmic birefringence","2023","article","Weichen Winston Yin; Liang Dai; Simone Ferraro","Journal of Cosmology and Astroparticle Physics","6","False","q1_birefringence|q2_polarization","Abstract We demonstrate that the Peccei-Quinn-electromagnetic anomaly coefficient 𝒜 can be directly measured from axion string-induced cosmic birefringence by applying scattering transform to the anisotropic polarization rotation of the cosmic microwave background. This breaks the degeneracy between 𝒜 and the effective number of string loops in traditional inference analyses that are solely based on the spatial power spectrum of polarization rotation. Carrying out likelihood-based parameter in"
"https://doi.org/10.1103/physrevd.100.063506","https://openalex.org/W2972281144","Cross-correlation between 21-cm radiation and CMB B modes from the cosmic birefringence in the presence of a light scalar field","2019","article","Kenji Kadota; Junpei Ooba; Hiroyuki Tashiro; Kiyotomo Ichiki; Guo-Chin Liu","Physical review. D/Physical review. D.","6","False","q1_birefringence","We study the cross-correlation between the 21-cm and cosmic microwave background (CMB) $B$ mode fluctuations which are induced by the cosmic birefringence when the nonconstant scalar field couples to the electromagnetic field strength. Such multiwavelength signals can potentially probe the reionization history of the Universe and also explore the nature of fundamental physics such as the parity violation and the scalar field dynamics in the early Universe. We illustrate the feasibility to detect"
"https://doi.org/10.1088/1475-7516/2022/08/033","https://openalex.org/W4221144280","Constraints on cosmic birefringence using E-mode polarisation","2022","article","Arefe Abghari; Raelyn Marguerite Sullivan; L. T. Hergt; Douglas Scott","Journal of Cosmology and Astroparticle Physics","6","True","q1_birefringence","Abstract A birefringent universe could show itself through a rotation of the plane of polarisation of the cosmic microwave background photons. This is usually investigated using polarisation B modes. Here we point out an independent method for extracting the birefringence angle using only temperature and E-mode signals. We forecast that, with an ideal cosmic-variance-limited experiment, we could constrain a birefringence angle of 0.3° with 3σ statistical significance, which is close to the curre"
,"https://openalex.org/W4287776820","Synthetic Gravitational Waves from a Rolling Axion Monodromy","2020","preprint","Ogan Özsoy","arXiv (Cornell University)","6","True","q3_alps","In string theory inspired models of axion-like fields, sub-leading non-perturbative effects, if sufficiently large, can introduce steep cliffs and gentle plateaus onto the underlying scalar potential. During inflation, the motion of a spectator axion $\sigma$ on this potential becomes temporarily fast, leading to localized amplification of one helicity state of gauge fields. In this model, the tensor and scalar correlators sourced by the vector fields exhibit localized peak(s) in momentum space "
"https://doi.org/10.1088/1475-7516/2025/12/013","https://openalex.org/W4417161972","Field-level constraints on cosmic birefringence from hybrid ILC maps combining E- and B-mode channels","2025","article","Mathieu Remazeilles","Journal of Cosmology and Astroparticle Physics","5","False","q1_birefringence|q3_alps","Abstract Cosmic birefringence, arising from a potential parity-violating interaction between cosmic microwave background (CMB) photons and evolving pseudo-scalar fields such as axion-like particles, can rotate the CMB polarization plane and induce an effective correlation between the CMB E - and B -mode polarization. In this work, we introduce a hybrid internal linear combination (ILC) method that combines both E - and B -mode frequency maps into the component separation pipeline, enabling the d"
"https://doi.org/10.1088/1742-6596/1293/1/012083","https://openalex.org/W2980997000","Development of a contact-less cryogenic rotation mechanism employed for a polarization modulator unit in cosmic microwave background polarization experiments","2019","conference-paper","Y. Sakurai; T. Matsumura; N. Katayama; Teruhito Iida; Kunimoto Komatsu; Hajime Sugai; Hiroyuki Ohsaki; Yutaka Terao; Yukimasa Hirota; Hisashi Enokida","Journal of Physics Conference Series","5","True","q2_polarization","Abstract We present the design and the performance of a contact-less cryogenic rotation mechanism used in cosmic microwave background (CMB) experiments. A precise measurement of the CMB polarization is possible to verify the cosmic inflation theory that describes the very beginning (10−38 seconds) of the early universe. The polarization modulator, that rotates a half wave plate continuously at the aperture of the telescope, is one of the key instruments in the experiments. In order to reduce noi"
"https://doi.org/10.1103/pbc3-t52s","https://openalex.org/W7138908133","Cosmic birefringence from the Atacama Cosmology Telescope Data Release 6","2026","article","P. Diego-Palazuelos; Eiichiro Komatsu","Physical review. D/Physical review. D.","5","True","q1_birefringence","The polarized light of the cosmic microwave background is sensitive to new physics that violates parity symmetry. For example, the interaction of photons with the fields of elusive dark matter and dark energy could cause a uniform rotation of the plane of linear polarization across the sky, an effect known as cosmic birefringence. We extract the cosmological rotation angle, β , using Bayesian analysis of parity-violating correlations, E B and T B , of polarization data from the Atacama Cosmology"
"https://doi.org/10.48550/arxiv.2005.10280","https://openalex.org/W3156683942","Synthetic Gravitational Waves from a Rolling Axion Monodromy","2020","preprint","Ogan Özsoy","arXiv (Cornell University)","5","True","q3_alps","In string theory inspired models of axion-like fields, sub-leading non-perturbative effects, if sufficiently large, can introduce steep cliffs and gentle plateaus onto the underlying scalar potential. During inflation, the motion of a spectator axion $σ$ on this potential becomes temporarily fast, leading to localized amplification of one helicity state of gauge fields. In this model, the tensor and scalar correlators sourced by the vector fields exhibit localized peak(s) in momentum space corre"
"https://doi.org/10.48550/arxiv.2008.10667","https://openalex.org/W3080713139","QUBIC VI: cryogenic half wave plate rotator, design and performances","2020","preprint","G. D’Alessandro; L. Mele; F. Columbro; Giovanni D’Amico; E. S. Battistelli; P. de Bernardis; A. Coppolecchia; M. De Petris; L. Grandsire; J.–Ch. Hamilton; L. Lamagna; S. Marnieros; S. Masi; ANIELLO MENNELLA; O'Sullivan, C.; A. Paiella; F. Piacentini; M. Piat; G. Pisano; G. Presta; A. Tartari; Torchinsky, S. A.; Voisin, F.; M. Zannoni; Peter A. R. Ade; J.G. Alberro; Almela, A.; Horacio Arnaldi; Auguste, D.; J. Aumont; S. Azzoni; Stefano Banfi; B. Bélier; Baù, A.; David G. Bennett; Bergé, L.; Bernard, J. -Ph.; Bersanelli, M.; Bigot-Sazy, M. -A.; J. Bonaparte; Bonis, J.; Emory F. Bunn; David Burke; Daniele Buzi; Francesco Cavaliere; P. Chanial; Claude Chapron; R. Charlassier; Agustín Cobos Cerutti; De Gasperis, G.; M. De Leo; Stéphane Dheilly; C. Duca; Dumoulin, L.; Alberto Etchegoyen; Fasciszewski, A.; L.P. Ferreyro; D. Fracchia; C. Franceschet; M.M. Gamboa Lerena; Ken M. Ganga; Beatriz Eugenia Silva y Rodríguez García; Manuel Elías García Redondo; Gaspard, M.; Donnacha Gayer; M. Gervasi; Giard, M.; V. Gilles; Giraud-Heraud, Y.; Mariano Gómez Berisso; González, M.; Marcin L. Gradziel; Matías Rolf Hampel; Harari, D.; Sophie Henrot-Versillé; Federico Incardona; Jules, E.; Kaplan, J.; Christian Kristukat; Loucatos, S.; Thibaut Louis; Maffei, B.; W. Marty; Mattei, A.; Andrew May; M. McCulloch; Melo, D.; Montier, L.; L. Mousset; Mundo, L. M.; J. Anthony Murphy; James D. Murphy; F. Nati; Olivieri, E.; Oriol, C.; Pajot, F.; Passerini, A.; H. Pastoriza; Pelosi, A.; Camille Perbost","arXiv (Cornell University)","5","True","q2_polarization","Inflation Gravity Waves B-Modes polarization detection is the ultimate goal of modern large angular scale cosmic microwave background (CMB) experiments around the world. A big effort is undergoing with the deployment of many ground-based, balloon-borne and satellite experiments using different methods to separate this faint polarized component from the incoming radiation. One of the largely used technique is the Stokes Polarimetry that uses a rotating half-wave plate (HWP) and a linear polarizer"
"https://doi.org/10.1088/1475-7516/2024/10/101","https://openalex.org/W4403886083","Conversations in the dark: cross-correlating birefringence and LSS to constrain axions","2024","article","S. Arcari; Nicola Bartolo; Alessandro Greco; ALESSANDRO GRUPPUSO; Massimiliano Lattanzi; P. Natoli","Journal of Cosmology and Astroparticle Physics","5","True","q1_birefringence|q2_polarization|q3_alps","Abstract Unveiling the dark sector of the Universe is one of the leading efforts in theoretical physics. Among the many models proposed, axions and axion-like particles stand out due to their solid theoretical foundation, capacity to contribute significantly to both dark matter and dark energy, and potential to address the small-scale crisis of ΛCDM. Moreover, these pseudo-scalar fields couple to the electromagnetic sector through a Chern-Simons parity-violating term, leading to a rotation of th"
"https://doi.org/10.1038/s41586-026-10859-z","https://openalex.org/W7172527576","Vacuum birefringence and the polarized X-ray emission from a radio magnetar","2026","article","R. J. Stewart; Hoa Dinh Thi; George Younes; M. E. Lower; Matthew G. Baring; Michela Negro; Fernando Camilo; Joel B. Coley; Teruaki Enoto; Alice Kust Harding; Wynn C. G. Ho; Chin‐Ping Hu; Philip Kaaret; Paul Scholz; Alex van Kooten; Zorawar Wadiasingh","Nature","5","True","q1_birefringence",""
"https://doi.org/10.1016/j.physletb.2020.135240","https://openalex.org/W2977449829","Joint constraint on primordial gravitational waves and polarization rotation angle with current CMB polarization data","2020","article","Hua Zhai; Siyu Li; Mingzhe Li; Xinmin Zhang","Physics Letters B","5","True","q2_polarization","Cosmological CPT violation will rotate the polarized direction of CMB photons, convert partial CMB E mode into B mode and vice versa. It will generate non-zero EB, TB spectra and change the EE, BB, TE spectra. This phenomenon gives us a way to detect the CPT-violation signature from CMB observations, and also provides a new mechanism to produce B mode polarization. In this paper, we perform a global analysis on tensor-to-scalar ratio r and polarization rotation angles based on current CMB datase"
"https://doi.org/10.1117/12.2562905","https://openalex.org/W3112425188","Polarization calibration of the BICEP3 CMB polarimeter at the South Pole","2020","conference-paper","James Cornelison; P. A. R. A. Ade; Zeeshan Ahmed; Mandana Amiri; D. Barkats; R. Basu Thakur; C. A. Bischoff; James J. Bock; H. Boenish; Eric Bullock; V. Buza; James R. Cheshire; Jake Connors; M. Crumrine; Ari Jozef Cukierman; Edward Denison; M. Dierickx; L. Duband; Miranda Eiben; S. Fatigoni; Jeff P. Filippini; Stefan Fliescher; N. Goeckner-Wald; D. C. Goldfinger; J. Grayson; Paul Grimes; Grantland Hall; George Halal; Mark I. Halpern; S. Harrison; Shawn Henderson; Sergi R. Hildebrandt; Gene C Hilton; Johannes Hubmayr; H. Hui; K. D. Irwin; J. Kang; K. S. Karkare; E. Karpel; Sinan Kefeli; Sarah A. Kernasovkiy; John M. Kovac; C. L. Kuo; K. Lau; E. M. Leitch; Koko G. Megerian; Lorenzo Minutolo; Lorenzo Moncelsi; Yuka Nakato; Toshiya Namikawa; Hien T. Nguyen; Roger C. O'Brient; R. W. Ogburn; S. Palladino; Nathan Precup; Thomas Prouvé; Clement L. Pryke; B. Racine; Carl D. Reintsema; S. Richter; A. Schillaci; Benjamin L. Schmitt; Robert Schwarz; Christopher D. Sheehy; Ahmed Soliman; T. St. Germaine; Bryan Steinbach; Rashmi V. Sudiwala; G. P. Teply; K. Thompson; James E. Tolan; Carole Tucker; Anthony Turner; Caterina Umilita; Abigail G. Vieregg; A. Wandui; Alexis C. Weber; Don Wiebe; J. Willmert; Chin Lin Wong; Kimmy Wu; Eric Yang; K. W. Yoon; E. Young; Cyndia Yu; Lingzhen Zeng; Cheng Zhang; Silvia Zhang",,"5","True","q2_polarization","The BICEP3 CMB Polarimeter is a small-aperture refracting telescope located at the South Pole and is specifically designed to search for the possible signature of inflationary gravitational waves in the Cosmic Microwave Background (CMB). The experiment measures polarization on the sky by differencing the signal of co-located, orthogonally polarized antennas coupled to Transition Edge Sensor (TES) detectors. We present precise measurements of the absolute polarization response angles and polariza"
"https://doi.org/10.1007/jhep08(2024)038","https://openalex.org/W4401517146","Cosmic birefringence from CP-violating axion interactions","2024","article","Xuheng Luo; Anubhav Mathur","Journal of High Energy Physics","5","True","q1_birefringence|q2_polarization","A bstract We explore the cosmic birefringence signal produced by an ultralight axion field with a small CP-violating coupling to bulk SM matter in addition to the usual CP-preserving photon coupling. The change in the vacuum expectation value of the field between recombination and today results in a frequency-independent rotation of the plane of CMB linear polarization across the entire sky. While many previous approaches rely on the axion rolling from a large initial expectation value, the coup"
"https://doi.org/10.1103/physrevd.108.023023","https://openalex.org/W4385350653","Cosmic birefringence as a probe of the nature of dark matter: Sterile neutrino and dipolar dark matter","2023","article","Jafar Khodagholizadeh; S. Mahmoudi; Rohoollah Mohammadi; Mahdi Sadegh","Physical review. D/Physical review. D.","5","True","q1_birefringence|q2_polarization","Recently, nonzero rotation angle $\ensuremath{\beta}=0.30\ifmmode^\circ\else\textdegree\fi{}\ifmmode\pm\else\textpm\fi{}0.11\ifmmode^\circ\else\textdegree\fi{}$ (68% C.L.) [Phys. Rev. Lett. 128, 091302 (2022)] has been reported for linear polarization of cosmic microwave background (CMB) radiation, which is known as cosmic birefringence (CB). We used this birefringence angle of CMB to study and distinguish different candidates of dark matter (DM), e.g., dipolar and sterile neutrino DM. We calcul"
"https://doi.org/10.48550/arxiv.2309.14803","https://openalex.org/W4387151327","The Simons Observatory: Cryogenic Half Wave Plate Rotation Mechanism for the Small Aperture Telescopes","2023","preprint","Kyohei Yamada; Bryce Bixler; Y. Sakurai; Peter Ashton; Junna Sugiyama; Kam Arnold; J. Begin; Lance Corbett; Samuel Day-Weiss; Nicholas B. Galitzki; Charles A. Hill; Bradley R. Johnson; Baptiste Jost; A. Kusaka; Brian J. Koopman; Jacob Lashner; A. T. Lee; Aashrita Mangu; Haruki Nishino; Lyman A. Page; M. J. Randall; Daisuke SASAKI; Xue Mei Song; Jacob Spisak; Tran Tsan; Y. Wang; Paul Williams","arXiv (Cornell University)","5","True","q2_polarization","We present the requirements, design and evaluation of the cryogenic continuously rotating half-wave plate (CHWP) for the Simons Observatory (SO). SO is a cosmic microwave background (CMB) polarization experiment at Parque Astronómico Atacama in northern Chile that covers a wide range of angular scales using both small (0.42 m) and large (6 m) aperture telescopes. In particular, the small aperture telescopes (SATs) focus on large angular scales for primordial B-mode polarization. To this end, the"
"https://doi.org/10.1088/1475-7516/2024/10/106","https://openalex.org/W4403942503","Constraining UV freeze-in of light relics with current and next-generation CMB observations","2024","article","Luca Caloni; Patrick Stengel; Massimiliano Lattanzi; M. Gerbino","Journal of Cosmology and Astroparticle Physics","5","True","q3_alps","Abstract Cosmological observations allow to measure the abundance of light relics produced in the early Universe. Most studies focus on the thermal freeze-out scenario, yet light relics produced by freeze-in are generic for models in which new light degrees of freedom do not couple strongly enough to the Standard Model (SM) plasma to allow for full thermalization in the early Universe. In ultraviolet (UV) freeze-in scenarios, rates for light relic production associated with non-renormalizable in"
"https://doi.org/10.48550/arxiv.2006.15982","https://openalex.org/W3037681802","Simultaneous determination of the cosmic birefringence and miscalibrated polarization angles II: Including cross frequency spectra","2020","preprint","Y. Minami; Eiichiro Komatsu","arXiv (Cornell University)","5","True","q1_birefringence","We develop a strategy to determine the cosmic birefringence and miscalibrated polarization angles simultaneously using the observed $EB$ polarization power spectra of the cosmic microwave background and the Galactic foreground emission. We extend the methodology of Y. Minami et al. (Prog. Theor. Exp. Phys. $\mathbf{2019}$, 083E02, 2019), which was developed for auto frequency power spectra, by including cross frequency spectra. By fitting one global birefringence angle and independent miscalibra"
"https://doi.org/10.1051/0004-6361/201834485","https://openalex.org/W4288097673","Secondary CMB anisotropies from magnetized haloes","2019","article","Nadège Lemarchand; J. Grain; G. Hurier; F. Lacasa; Agnès Ferté","Astronomy and Astrophysics","4","True","q2_polarization","Magnetized plasmas within haloes of galaxies leave their footprint on the polarized anisotropies of the cosmic microwave background. The two dominant effects of astrophysical haloes are Faraday rotation, which generates rotation of the plane of linear polarization, and Faraday conversion, which induces a leakage from linear polarization to circular polarization. We revisit these sources of secondary anisotropies by computing the angular power spectra of the Faraday rotation angle and the Faraday"
"https://doi.org/10.1016/j.dark.2024.101601","https://openalex.org/W4401168764","Induced cosmological anisotropies and CMB anomalies by a non-abelian gauge-gravity interaction","2024","article","Bum-Hoon Lee; Hocheol Lee; Wonwoo Lee; A. Nilsson; Somyadip Thakur","Physics of the Dark Universe","4","False","q3_alps",""
"https://doi.org/10.48550/arxiv.2202.13919","https://openalex.org/W4221156005","New physics from the polarised light of the cosmic microwave background","2022","preprint","Eiichiro Komatsu","arXiv (Cornell University)","4","True","q1_birefringence","Cosmology requires new physics beyond the Standard Model of elementary particles and fields. What is the fundamental physics behind dark matter and dark energy? What generated the initial fluctuations in the early Universe? Polarised light of the cosmic microwave background (CMB) may hold the key to answers. In this article, we discuss two new developments in this research area. First, if the physics behind dark matter and dark energy violates parity symmetry, their coupling to photons rotates t"
"https://doi.org/10.48550/arxiv.2303.15369","https://openalex.org/W4361194477","Constraint on Early Dark Energy from Isotropic Cosmic Birefringence","2023","preprint","Johannes R. Eskilt; Laura Herold; Eiichiro Komatsu; Kai Murai; Toshiya Namikawa; Fumihiro Naokawa","arXiv (Cornell University)","4","True","q1_birefringence","Polarization of the cosmic microwave background (CMB) is sensitive to new physics violating parity symmetry, such as the presence of a pseudoscalar ""axionlike"" field. Such a field may be responsible for early dark energy (EDE), which is active prior to recombination and provides a solution to the so-called Hubble tension. The EDE field coupled to photons in a parity-violating manner would rotate the plane of linear polarization of the CMB and produce a cross-correlation power spectrum of $E$- an"
"https://doi.org/10.48550/arxiv.2012.05934","https://openalex.org/W3111236964","Polarization Calibration of the BICEP3 CMB polarimeter at the South Pole","2020","preprint","J. Cornelison; Peter A. R. Ade; Zeeshan Ahmed; Mandana Amiri; D. Barkats; R. Basu Thakur; C. A. Bischoff; J. J. Bock; H. Boenish; Eric Bullock; V. Buza; James R. Cheshire; Connors, J.; M. Crumrine; Ari Jozef Cukierman; E. V. Denison; M. Dierickx; L. Duband; M. Eiben; S. Fatigoni; J. P. Filippini; S. Fliescher; N. Goeckner-Wald; D. C. Goldfinger; J. Grayson; Paul Grimes; G. Hall; Mark I. Halpern; Sam A. Harrison; S. Henderson; Sergi R. Hildebrandt; Gene C Hilton; Johannes Hubmayr; H. Hui; K. D. Irwin; J. Kang; K. S. Karkare; E. Karpel; S. Kefeli; S. A. Kernasovskiy; John M. Kovac; C. L. Kuo; K. Lau; Erik M. Leitch; Koko G. Megerian; Lorenzo Minutolo; Lorenzo Moncelsi; Y. Nakato; Toshiya Namikawa; H. T. Nguyen; R. O’Brient; R. W. Ogburn; S. Palladino; Nathan Precup; T. Prouvé; Clement L. Pryke; B. Racine; C. D. Reintsema; S. Richter; A. Schillaci; Bernd Schmitt; R. Schwarz; Christopher D. Sheehy; Soliman, A.; T. St. Germaine; B. Steinbach; R. V. Sudiwala; G. P. Teply; Keith L. Thompson; James E. Tolan; Carole Tucker; Anthony Turner; C. Umiltà; Abigail G. Vieregg; A. Wandui; A. C. Weber; Donald V. Wiebe; J. Willmert; C. L. Wong; W. L. K. Wu; Eui‐Hyeok Yang; K. W. Yoon; E. Young; Cyndia Yu; Lingzhen Zeng; C. Zhang; Si-Yuan Zhang Si-Yuan Zhang","arXiv (Cornell University)","4","True","q2_polarization","The BICEP3 CMB Polarimeter is a small-aperture refracting telescope located at the South Pole and is specifically designed to search for the possible signature of inflationary gravitational waves in the Cosmic Microwave Background (CMB). The experiment measures polarization on the sky by differencing the signal of co-located, orthogonally polarized antennas coupled to Transition Edge Sensor (TES) detectors. We present precise measurements of the absolute polarization response angles and polariza"
"https://doi.org/10.1088/1475-7516/2025/02/050","https://openalex.org/W4407910758","SpectrAx: spectral search of axion-like particles using multi-band observations of galaxy clusters from SKA, SO, CMB-S4 and eROSITA","2025","article","Harsh Mehta; Suvodip Mukherjee","Journal of Cosmology and Astroparticle Physics","3","False","q3_alps","Abstract The existence of axions or Axion-Like Particles (ALPs) has been predicted by various Beyond Standard Model (BSM) theories, and the proposed photon-ALP interaction is one of the ways to probe them. Such an interaction will lead to photon-ALP resonant conversion in galaxy clusters, resulting in a polarized spectral distortion in the CMB along the cluster line of sight. The estimation of this signal from galaxy clusters requires an estimation of their electron density and magnetic field pr"
"https://doi.org/10.48550/arxiv.2203.04830","https://openalex.org/W4225883660","Cosmic Birefringence from Planck Public Release 4","2022","preprint","P. Diego-Palazuelos; J. R. Eskilt; Y. Minami; M. Tristram; R.M. Sullivan; A. J. Banday; R. Belén Barreiro; H. K. Eriksen; Krzysztof M. Gorski; R. Keskitalo; Eiichiro Komatsu; Enrique Martínez-González; D. Scott; Patricio Vielva; Ingunn Kathrine Wehus","arXiv (Cornell University)","3","True","q1_birefringence","We search for the signature of parity-violating physics in the Cosmic Microwave Background using Planck polarization data from the Public Release 4 (PR4 or $\mathtt{NPIPE}$). For nearly full-sky data, we initially find a birefringence angle $β=0.30^\circ\pm0.11^\circ$ ($68\%$~C.L.). We also find that the values of $β$ decrease as we enlarge the Galactic mask, which can be interpreted as the effect of polarized foreground emission. We use two independent approaches to model this effect and mitiga"
"https://doi.org/10.48550/arxiv.2303.07370","https://openalex.org/W4327486184","Exotic energy injection in the early universe II: CMB spectral distortions and constraints on light dark matter","2023","preprint","Hongwan Liu; Wenzer Qin; Gregory Ridgway; Tracy R. Slatyer","arXiv (Cornell University)","3","True","q3_alps","We calculate the post-recombination contribution to the Cosmic Microwave Background (CMB) spectral distortion due to general exotic energy injections, including dark matter (DM) decaying or annihilating to Standard Model particles. Upon subtracting the background distortion that would be present even without such energy injections, we find residual distortions that are still potentially large enough to be detectable by future experiments such as PIXIE. The distortions also have a high-energy spe"
"https://doi.org/10.1142/s0218271825400085","https://openalex.org/W4405475168","Cosmic Polarization Rotation from CMB data: A review for GR110","2024","article","ALESSANDRO GRUPPUSO; S. di Serego Alighieri","International Journal of Modern Physics D","3","False","q1_birefringence|q2_polarization","We provide an update to S. di Serego Alighieri, Int. J. Mod. Phys. D 24 (2015) 1530016, arXiv:1501.06460 [astro-ph.CO], focusing on recent developments regarding constraints on Cosmic Polarization Rotation (CPR), also known as Cosmic Birefringence (CB), derived from Cosmic Microwave Background (CMB) polarization data."
"https://doi.org/10.1016/j.jheap.2022.04.001","https://openalex.org/W4223440235","On dark radiation from string moduli decay to ALPs","2022","article","Howard Baer; Vernon D. Barger; Robert Wiley Deal","Journal of High Energy Astrophysics","3","True","q3_alps",""
"https://doi.org/10.1088/1475-7516/2020/09/006","https://openalex.org/W3034627544","Constraining cosmic polarization rotation and implications for primordial B-modes","2020","article","Joel Williams; Aditya Rotti; Richard Battye","Journal of Cosmology and Astroparticle Physics","3","True","q2_polarization","Cosmological Birefringence (CB) is a phenomenon, caused by parity violating modifications to electrodynamics, whereby the linear polarisation angle of light changes as photons traverse a vacuum. It is possible to use a number of different analysis techniques to constrain this effect using Cosmic Microwave Background (CMB) polarisation observations. We investigate two different methods of constraining direction dependent birefringence for present and future CMB experiments including BICEP/Keck, S"
"https://doi.org/10.1088/1475-7516/2025/07/009","https://openalex.org/W4412018610","Improving cosmic birefringence constraints via delensing","2025","article","A.I. Lonappan","Journal of Cosmology and Astroparticle Physics","3","True","q1_birefringence","Abstract We present a study on using delensing to enhance cosmic birefringence measurements based on full-sky, map-based simulations. In our analysis, we neglect foreground contamination and instrumental systematics to isolate the intrinsic impact of delensing on both isotropic and anisotropic birefringence. For the isotropic case, assuming a constant rotation angle of β = 0.35°, delensing reduces the lensing-induced variance in the EB power spectrum, yielding an improvement in sensitivity of ap"
"https://doi.org/10.5281/zenodo.20257701","https://openalex.org/W7161497235","Spacetime Wrinkles: Defect-Like Textures as a Geometric Origin of Dark-Matter Phenomenology","2026","preprint","Mitsuhiro Kobayashi","Zenodo (CERN European Organization for Nuclear Research)","3","True","q2_polarization","The dark-matter problem is usually framed as the search for an unseen particle component. This work develops an alternative geometric hypothesis: a significant part of dark-matter phenomenology may arise from persistent defect-like textures in an emergent spacetime medium. Building on the Enchan Field framework, spacetime order is represented by a dimensionless geometric field S(x) whose finite-tension relaxation can support long-lived defect-like configurations, referred to here as spacetime wr"
"https://doi.org/10.1103/tsff-hz9m","https://openalex.org/W4411493510","Optimal joint reconstruction from CMB observations: Application to cosmic birefringence, patchy reionization, and CMB lensing","2025","article","Omar Darwish","Physical review. D/Physical review. D.","3","False","q1_birefringence",""
"https://doi.org/10.1117/12.3019544","https://openalex.org/W4401633704","Commissioning the CMB polarization telescope GroundBIRD with the full set of detectors","2024","conference-paper","Miku Tsujii; J. J. A. Baselmans; Jihoon Choi; A. Coppens; A. Fasano; R. Génova-Santos; M. Hattori; M. Hazumi; S. Honda; Takuji Ikemitsu; Hidesato Ishida; H. Ishitsuka; Hoyong Jeong; Yonggil Jo; K. Karatsu; Keisuke Kataoka; Kenta Kiuchi; Junta Komine; Ryo Koyano; Hiroki Kutsuma; Kyungmin Lee; S. Mima; Makoto Nagai; Taketo Nagasaki; Masato Naruse; S. Oguri; Chiko Otani; Michael W. Peel; Rafael Rebolo; José Alberto Rubiño-Martín; Yutaro Sekímoto; Yoshinori Sueno; Junya Suzuki; Tohru Taino; O. Tajima; T. Tanaka; David J. Thoen; Nozomu Tomita; Yuta Tsuji; Tomohisa Uchida; Eunil Won; Mitsuhiro Yoshida",,"3","False","q2_polarization","GroundBIRD is a ground-based cosmic microwave background (CMB) experiment for observing the polarization pattern imprinted on large angular scales (ℓ > 6 ) from the Teide Observatory in Tenerife, Spain. Our primary scientific objective is a precise measurement of the optical depth τ (σ(τ ) ∼ 0.01) to the reionization epoch of the Universe to cross-check systematic effects in the measurements made by previous experiments. GroundBIRD observes a wide sky area in the Northern Hemisphere (∼ 40% of th"
"https://doi.org/10.48550/arxiv.2212.08007","https://openalex.org/W4313549340","Characterising cosmic birefringence in the presence of galactic foregrounds and instrumental systematic effects","2022","preprint","Baptiste Jost; Josquin Errard; Radek Stompor","arXiv (Cornell University)","3","True","q1_birefringence","We study a possibility of constraining isotropic cosmic birefringence with help of cosmic microwave background polarisation data in the presence of polarisation angle miscalibration without relying on any assumptions about the Galactic foreground angular power spectra and in particular on their EB correlation. We propose a new analysis framework based on a generalised parametric component separation approach, which accounts simultaneously on the presence of galactic foregrounds, relevant instrum"
"https://doi.org/10.48550/arxiv.2303.07426","https://openalex.org/W4327486351","CMB and Lyman-$α$ constraints on dark matter decays to photons","2023","preprint","Francesco Capozzi; Ricardo Z. Ferreira; Laura Lopez-Honorez; Olga Mena","arXiv (Cornell University)","3","True","q3_alps","Dark matter energy injection in the early universe modifies both the ionization history and the temperature of the intergalactic medium. In this work, we improve the CMB bounds on sub-keV dark matter and extend previous bounds from Lyman-$α$ observations to the same mass range, resulting in new and competitive constraints on axion-like particles (ALPs) decaying into two photons. The limits depend on the underlying reionization history, here accounted self-consistently by our modified version of "
"https://doi.org/10.1140/epjc/s10052-025-14586-z","https://openalex.org/W4413477520","Flipped rotating axion non-minimally coupled to gravity: baryogenesis and dark matter","2025","article","Chao Chen; Suruj Jyoti Das; Konstantinos Dimopoulos; Anish Ghoshal","The European Physical Journal C","3","True","q3_alps","Abstract We demonstrate that the co-genesis of baryon asymmetry and dark matter can be achieved through the rotation of an axion-like particle (but not the QCD axion), driven by a flip in the vacuum manifold’s direction at the end of inflation. This can occur if the axion has a periodic non-minimal coupling to gravity, while preserving the discrete shift symmetry. In non-oscillating inflation models, after inflation there is typically a period of kination (with $$w = 1$$ w = 1 ). In this case, i"
"https://doi.org/10.1103/6z1m-r1j5","https://openalex.org/W4417212715","n π Phase Ambiguity of Cosmic Birefringence","2025","article","Fumihiro Naokawa; Toshiya Namikawa; Kai Murai; Ippei Obata; Kohei Kamada","Physical Review Letters","3","False","q1_birefringence","We point out that the rotation angle β of cosmic birefringence, which is a recently reported parity-violating signal in the cosmic microwave background (CMB), has a phase ambiguity of nπ(n∈Z). This ambiguity has a significant impact on the interpretation of the origin of cosmic birefringence. Assuming an axionlike particle (ALP) as the origin of cosmic birefringence, this ambiguity can be partly broken by the anisotropic cosmic birefringence and the shape of the CMB angular power spectra. We for"
"https://doi.org/10.48550/arxiv.2007.05659","https://openalex.org/W3041722864","New cosmological bounds on axions in the XENON1T window","2020","preprint","M. Millea","arXiv (Cornell University)","2","True","q3_alps","Motivated by a possible $\sim$ eV-mass solar axion explanation to excess events recently detected by the XENON1T experiment, I revisit and update cosmological constraints on axions in this mass range. I find that of the allowed XENON1T mass window (0.1 - 4.1 eV for DFSZ axions and 46 - 56 eV for KSVZ axions), only 0.1 - 0.35 eV remains viable at 95% confidence given current cosmological probes. If a 0.35 eV DFSZ axion existed, it would be detectable at ${\sim}7σ$ via two independent physical eff"
"https://doi.org/10.5281/zenodo.21967580","https://openalex.org/W7203582889","Priority-Axis Z-Algebra Dark Matter Theory: A Unified Framework of Interface Rigidity Conservation and Dynamical Tension","2026","preprint","Yunfei Wang","Zenodo (CERN European Organization for Nuclear Research)","2","True","q2_polarization","【Abstract】The standard ΛCDM model treats baryonic matter, cold dark matter, and dark energy as three mutually independent fundamental fields, an ontological fragmentation; decades of null results from direct detection of particle dark matter (WIMPs, etc.) compel a re-examination of whether dark matter is an independent elementary particle field. Within the priority-axis Z-algebra axiomatic system and the odd-real spectral triple (𝒜, H, D, J_M), this paper establishes a unified algebraic ontolog"
"https://doi.org/10.1117/12.3019100","https://openalex.org/W4399663819","Capacitive sensors for the polarization modulator unit of the mid- and high-frequency telescopes of LiteBIRD space mission","2024","conference-paper","F. Columbro; Giulia Barbieri Ripamonti; P. de Bernardis; A. Coppolecchia; Giacomo Gorla; L. Lamagna; Elisabetta Marchitelli; S. Masi; Andrea Occhiuzzi; A. Paiella; F. Piacentini; G. Pisano",,"2","False","q2_polarization","The LiteBIRD mission is a next generation CMB space mission which aims at detecting CMB polarization produced by primordial gravitational waves, with a sensitivity for the tensor to scalar ratio δr < 0.001. A polarization modulator unit (PMU) represents a critical and powerful component to avoid 1/f noise contributions and mitigate differential systematic uncertainties in orthogonal polarization sensitive detectors on both Mid- and High- Frequency Telescopes. Each PMU is based on a continuously "
"https://doi.org/10.1088/1475-7516/2025/05/051","https://openalex.org/W4410540655","Turbulence induced non-Gaussian spectral distortion in the microwave sky from photon-axion conversion in galaxy clusters","2025","article","Harsh Mehta; Suvodip Mukherjee","Journal of Cosmology and Astroparticle Physics","2","True","q3_alps","Abstract The conversion of CMB photons to axions (or axion-like particles (ALPs)) can lead to a unique spectral distortion in the temperature and polarization sky which can be explored in upcoming CMB experiments. In this work we have developed a numerical simulation-based technique of photons to ALPs conversion in the galaxy clusters and show for the first time that this physical process can lead to large non-Gaussian signal in the temperature and polarization field, which is impacted by the pr"
"https://doi.org/10.1007/s10909-022-02919-1","https://openalex.org/W4310220105","Polarization Modulator Unit Harness Thermal Design for the Mid- and High-Frequency Telescopes of the LiteBIRD Space Mission","2022","article","F. Columbro; P. de Bernardis; S. Masi","Journal of Low Temperature Physics","2","True","q2_polarization","Abstract Polarization modulator units (PMUs) represent a critical and powerful component in CMB polarization experiments to suppress the 1/f noise component and mitigate systematic uncertainties induced by detector gain drifts and beam asymmetries. The LiteBIRD mission (expected launch in the late 2020 s) will be equipped with 3 PMUs, one for each of the 3 telescopes, and aims at detecting the primordial gravitational waves with a sensitivity of $$\delta r<0.001$$ δ r < 0.001 . Each PMU is based"
"https://doi.org/10.48550/arxiv.2402.18568","https://openalex.org/W4401157149","A New Probe of Cosmic Birefringence Using Galaxy Polarization and Shapes","2024","preprint","Weichen Winston Yin; Liang Dai; Junwu Huang; Lingyuan Ji; Simone Ferraro","arXiv (Cornell University)","2","True","q1_birefringence|q2_polarization","We propose a novel statistical method to measure cosmic birefringence and demonstrate its power in probing parity violation due to axions. Exploiting an empirical correlation between the integrated radio polarization direction of a spiral galaxy and its apparent shape, we devise an unbiased minimum-variance estimator for the rotation angle, which should achieve an uncertainty of $5^\circ$--$ 15^\circ$ per galaxy. Large galaxy samples from the forthcoming SKA continuum surveys, together with opti"
"https://doi.org/10.48550/arxiv.2303.13313","https://openalex.org/W4360891023","How to detect lensing rotation","2023","preprint","Mathew Robertson; Antony Lewis","arXiv (Cornell University)","2","True","q2_polarization","Gravitational lensing rotation of images is predicted to be negligible at linear order in density perturbations, but can be produced by the post-Born lens-lens coupling at second order. This rotation is somewhat enhanced for Cosmic Microwave Background (CMB) lensing due to the large source path length, but remains small and very challenging to detect directly by CMB lensing reconstruction alone. We show the rotation may be detectable at high significance as a cross-correlation signal between the"
"https://doi.org/10.7298/947m-mf06","https://openalex.org/W3041194248","Detector Development and Polarization Analyses for the Atacama Cosmology Telescope","2019","dissertation","Brian J. Koopman","eCommons (Cornell University)","2","True","q2_polarization","We are currently in an era of precision cosmology. Study of the Cosmic Microwave Background (CMB) has been central to our understanding of the universe ever since its discovery in 1965. Recent results from the Planck satellite have provided the best constraints on the 6-parameter $\Lambda\mathrm{CDM}$ model, the ``standard model'' of cosmology. In order to improve these constraints we must further the development of the technologies used to measure the CMB as well as our understanding of their a"
"https://doi.org/10.48550/arxiv.2310.09152","https://openalex.org/W4387687944","Can we explain cosmic birefringence without a new light field beyond Standard Model?","2023","preprint","Yuichiro Nakai; Ryo Namba; Ippei Obata; Yu-Cheng Qiu; Ryo Saito","arXiv (Cornell University)","2","True","q1_birefringence","The recent analysis of the Planck 2018 polarization data shows a nonzero isotropic cosmic birefringence (ICB) that is not explained within the $Λ$CDM paradigm. We then explore the question of whether the nonzero ICB is interpreted by the framework of the Standard Model Effective Field Theory (SMEFT), or at the energy scales of the cosmic microwave background, the low-energy EFT (LEFT) whose dynamical degrees of freedom are five SM quarks and all neutral and charged leptons. Our systematic study "
"https://doi.org/10.1103/physrevd.110.103507","https://openalex.org/W4404165070","Efficient estimation of rotation-induced bias to reconstructed CMB lensing power spectrum","2024","article","Hongbo Cai; Yilun Guan; Toshiya Namikawa; Arthur B. Kosowsky","Physical review. D/Physical review. D.","2","False","q2_polarization","The cosmic microwave background (CMB) lensing power spectrum is a powerful probe of the late-time Universe, encoding valuable information about cosmological parameters such as the sum of neutrino masses and dark energy equation of state. However, the presence of anisotropic cosmic birefringence can bias the reconstructed CMB lensing power spectrum using CMB polarization maps, particularly at small scales, and affect the constraints on these parameters. Upcoming experiments, which will be dominat"
"https://doi.org/10.1103/kc89-xjkb","https://openalex.org/W7109145651","Planck constraints on axionlike particles through isotropic cosmic birefringence","2025","article","Toshiya Namikawa; Kai Murai; Fumihiro Naokawa","Physical review. D/Physical review. D.","2","True","q1_birefringence|q3_alps","We present constraints on isotropic cosmic birefringence induced by axion-like particles (ALPs), derived from the analysis of cosmic microwave background (CMB) polarization measurements obtained with the high-frequency channels of Planck. Recent measurements report a hint of isotropic cosmic birefringence, though its origin remains uncertain. The detailed dynamics of ALPs can leave characteristic imprints on the shape of the E B angular power spectrum, which can be exploited to constrain specifi"
"https://doi.org/10.22323/1.331.0021","https://openalex.org/W2963865991","Constraints on parity violation from the Cosmic Microwave Background","2019","conference-paper","D. Molinari",,"2","True","q2_polarization","Parity violating extensions of the standard electromagnetism produce the cosmic birefringence effect, i.e. the in vacuo rotation of the linear polarization of the photons during their propagation. This effect, in its isotropic form, would generate a clear signature on the temperature and polarization anisotropies of the cosmic microwave background (CMB) and, in particular, it would switch on the TB and EB angular power spectra that otherwise would be null. We review the statistical methodologies"
"https://doi.org/10.1117/12.2560486","https://openalex.org/W3118230067","Demonstration of five-layer phase-flat achromatic half-wave plate with anti-reflective structures and superconducting magnetic bearing for CMB polarization experiments","2020","conference-paper","Kunimoto Komatsu; H. Ishino; Hirokazu Kataza; Kuniaki Konishi; Makoto Kuwata‐Gonokami; N. Katayama; Shinya Sugiyama; T. Matsumura; Haruyuki Sakurai; Y. Sakurai; Ryota Takaku; Junji Yumoto",,"2","False","q2_polarization","We have developed a prototype half-wave plate (HWP) based polarization modulator (PMU) for Cosmic Microwave Background polarization measurement experiments. We built a 1/10 scaled PMU that consists of a 50 mm diameter five-layer achromatic HWP with a moth-eye broadband anti-reflection sub-wavelength structure mounted on a superconducting magnetic bearing. The entire system has cooled below 20 K in a cryostat chamber that has two millimeter-wave transparent windows. A coherent source and the diod"
"https://doi.org/10.48550/arxiv.1910.10819","https://openalex.org/W2981607563","Resolving the Hubble Tension and 32 Foundational Anomalies: A Unified Nested Rotating Black Hole Framework Beyond $\Lambda$CDM","2019","preprint","Popławski, Nikodem","arXiv (Cornell University)","2","True","q2_polarization","Abstract This preprint introduces the Nested Rotating Black Hole Universe (NRBHU) framework, a comprehensive theoretical alternative to the standard $\Lambda$CDM model. As the ""Crisis in Cosmology"" deepens—highlighted by the $5\sigma$ Hubble Tension and anomalous James Webb Space Telescope (JWST) observations—this work provides a unified geometric and hydrodynamic resolution to 32 long-standing foundational anomalies in physics and cosmology. Core Pillars of the Framework The NRBHU model shifts "
"https://doi.org/10.5281/zenodo.18957650","https://openalex.org/W7134901918","Analytical Supplement: Parallel Transport of the Polarization Vector in the IKBL Framework and the Derivation of Topological Birefringence.","2026","article","Eddie Chin","Zenodo (CERN European Organization for Nuclear Research)","2","True","q4_tomography","This supplement provides the first-principles derivation of achromatic topological birefringence within the Iterated Klein Bottle Lattice (IKBL) framework. By distinguishing between the torsion-immune electromagnetic field strength (F_μν) and the torsion-sensitive parallel transport of the polarization vector (Aᵘ), we resolve the apparent 'Nieh-Yan Paradox.' We derive a frequency-independent rotation of β_int ≈ 31.5° per junction, providing a unique observational signature for non-orientable cos"
"https://doi.org/10.48550/arxiv.2411.13701","https://openalex.org/W4404649949","Revisiting Constraints on Resonant Axion-Photon Conversions from CMB Spectral Distortions","2024","preprint","Bryce Cyr; Jens Chluba; Manoj, Pranav Bharadwaj Gangrekalve","arXiv (Cornell University)","2","True","q3_alps","Axions and axion-like particles (ALPs) remain highly motivated extensions to the standard model due to their ability to address open questions such as the relic abundance of dark matter and the strong CP problem. Axions are also capable of undergoing a resonant mixing with photons when the masses of the two fields are roughly equal, producing a wide array of phenomenological consequences. Here, we revisit constraints coming from conversions of the cosmic microwave background (CMB) into axions, w"
"https://doi.org/10.22323/1.390.0586","https://openalex.org/W3137682919","Production of Thermal Axions across the ElectroWeak Phase Transition","2021","conference-paper","Fernando Arias-Aragón","Proceedings of 40th International Conference on High Energy physics — PoS(ICHEP2020)","2","True","q3_alps","Light axions can potentially leave a cosmic background just like the neutrinos. We complete the study of thermal axion production above the QCD phase transition by providing a smooth and continuous treatment across the electroweak phase transition. Focusing on flavour conserving axion couplings, we quantify axion production due to scattering of thermal bath particles and we include for the first time the contributions from the longitudinal components of theWand Z bosons. We performa model indepe"
"https://doi.org/10.1088/1475-7516/2025/04/077","https://openalex.org/W4409918729","Forecasts on anisotropic cosmic birefringence constraints for CMB experiment in the northern hemisphere","2025","article","Yiwei Zhong; Hongbo Cai; Siyu Li; Yang Liu; Mingzhe Li; Wenjuan Fang","Journal of Cosmology and Astroparticle Physics","2","False","q1_birefringence","Abstract The study of cosmic birefringence through Cosmic Microwave Background (CMB) experiments is a key research area in cosmology and particle physics, providing a critical test for Lorentz and CPT symmetries. This paper focuses on an upcoming CMB experiment in the mid-latitude of the Northern Hemisphere, and investigates the potential to detect anisotropies in cosmic birefringence. Applying a quadratic estimator on simulated polarization data, we reconstruct the power spectrum of anisotropic"
"https://doi.org/10.48550/arxiv.2209.07804","https://openalex.org/W4296414227","Isotropic cosmic birefringence from early dark energy","2022","preprint","Kai Murai; Fumihiro Naokawa; Toshiya Namikawa; Eiichiro Komatsu","arXiv (Cornell University)","2","True","q1_birefringence","A tantalizing hint of isotropic cosmic birefringence has been found in the $E B$ cross-power spectrum of the cosmic microwave background (CMB) polarization data with a statistical significance of $3σ$. A pseudoscalar field coupled to the CMB photons via the Chern-Simons term can explain this observation. The same field may also be responsible for early dark energy (EDE), which alleviates the so-called Hubble tension. Since the EDE field evolves significantly during the recombination epoch, the c"
"https://doi.org/10.5281/zenodo.21453155","https://openalex.org/W7169775042","The Khôra Scar Tensor: A Single Spin-2 Object Unifying the CMB Axis Alignment, Dark-Energy Subdominance, and Cosmic Birefringence","2026","report","José Casado Martínez","Zenodo (CERN European Organization for Nuclear Research)","2","True","q1_birefringence","We introduce the Khôra Scar Tensor K_munu, a symmetric transverse trace-free (spin-2) object defined as the tensorial Radon-Nikodym derivative of a pre-geometric fibration state with respect to the finite trace of a type II_1 von Neumann algebra obtained by crossed product with an observer worldline (dressed-observer construction, CLPW). A single such object simultaneously accounts for three otherwise-unrelated features: dark-energy subdominance compatible with dynamical dark energy (DESI), the "
"https://doi.org/10.1103/physrevd.102.103513","https://openalex.org/W3043413469","QCD axions and CMB anisotropy","2020","article","Satoshi Iso; Kiyoharu Kawana; Kengo Shimada","Physical review. D/Physical review. D.","2","True","q3_alps","In this paper, we consider a possibility that the temperature anisotropy of cosmic microwave background (CMB) is dominantly generated by the primordial fluctuations of QCD-axion like particles under a circumstance that inflaton's perturbation is too small to explain the CMB anisotropy. Since the axion potential is generated by acquiring its energy from radiation, the primordial fluctuations of the axion field generated in the inflation era are correlated with the CMB anisotropies. Consequently, "
"https://doi.org/10.5281/zenodo.18732885","https://openalex.org/W7130958036","Cosmic Birefringence and the Governance of Contested Rotation Signals: A TRIDENT Case Analysis","2026","preprint","Neil Clive Tuckwell","Zenodo (CERN European Organization for Nuclear Research)","2","True","q1_birefringence","Cosmic birefringence has been reported as a possible rotation of the polarisation plane of the cosmic microwave background, with interpretations ranging from parity-violating new physics to unresolved instrumental systematics. This work does not advance a physical claim. Instead, it applies the TRIDENT governance architecture to structure how such contested signals should be evaluated. The case analysis separates hypothesis classes into physical-mechanism candidates and systematic-origin candida"
"https://doi.org/10.1103/srfg-9fdy","https://openalex.org/W4417210110","Universal Profile for Cosmic Birefringence Tomography with Radio Galaxies","2025","article","Fumihiro Naokawa","Physical Review Letters","2","False","q1_birefringence|q4_tomography","We propose a new method to tomographically probe cosmic birefringence using radio galaxies. We show that the redshift evolution of the cosmic birefringence angle induced by a slow-rolling pseudoscalar field, which is a candidate for dynamical dark energy, is independent of the detailed model of the pseudoscalar field. This universal profile evolves predominantly at z≲10. In contrast, if the origin is a dark matter-like pseudoscalar field, the resulting birefringence angle tends to be negligible "
"https://doi.org/10.48550/arxiv.2403.16763","https://openalex.org/W4393213590","LiteBIRD Science Goals and Forecasts: Primordial Magnetic Fields","2024","preprint","D. Paoletti; José Alberto Rubiño-Martín; Maresuke Shiraishi; D. Molinari; Jens Chluba; Fabio Finelli; C. Baccigalupi; Josquin Errard; ALESSANDRO GRUPPUSO; A.I. Lonappan; A. Tartari; Erwan Allys; Ashish Prabhu Anand; J. Aumont; M. Ballardini; A. J. Banday; R. Belén Barreiro; N. Bartolo; M. Bersanelli; M. Bortolami; Thejs Brinckmann; Erminia Calabrese; P. Campeti; A. Carones; F. J. Casas; K. Cheung; L. Clermont; F. Columbro; G. Conenna; A. Coppolecchia; F. Cuttaia; G. D’Alessandro; P. de Bernardis; S. Della Torre; P. Diego-Palazuelos; H. K. Eriksen; U. Fuskeland; G. Galloni; M. Galloway; M. Gerbino; M. Gervasi; T. Ghigna; S. Giardiello; C. Gimeno-Amo; E. Gjerløw; Frank U. Grupp; M. Hazumi; Sophie Henrot-Versillé; L. T. Hergt; E. Hivon; Kiyotomo Ichiki; H. Ishino; Kazunori Kohri; Eiichiro Komatsu; N. Krachmalnicoff; L. Lamagna; Massimiliano Lattanzi; M Lembo; François Levrier; M. López-Caniego; G. Luzzi; Enrique Martínez-González; S. Masi; S. Matarrese; S. Micheli; M. Migliaccio; M. Monelli; L. Montier; Gianluca Morgante; L. Mousset; Ryo Nagata; Toshiya Namikawa; P. Natoli; A. Novelli; Ippei Obata; A. Occhiuzzi; Kimihide Odagiri; I. Pagano; A. Paiella; G. Pascual-Cisneros; F. Piacentini; G. Piccirilli; Mathieu Remazeilles; A. Ritacco; Miguel Ruiz-Granda; Y. Sakurai; Douglas Scott; Samantha L. Stever; Raelyn Marguerite Sullivan; Y. Takase; Konstantinos Tassis; L. Terenzi; M. Tristram; L. Vacher; B. Van Tent; Patricio Vielva; I.K. Wehus; G. Weymann-Despres; M. Zannoni; Y. Zhou","arXiv (Cornell University)","2","True","q2_polarization","We present detailed forecasts for the constraints on primordial magnetic fields (PMFs) that will be obtained with the LiteBIRD satellite. The constraints are driven by the effects of PMFs on the CMB anisotropies: the gravitational effects of magnetically-induced perturbations; the effects on the thermal and ionization history of the Universe; the Faraday rotation imprint on the CMB polarization; and the non-Gaussianities induced in polarization anisotropies. LiteBIRD represents a sensitive probe"
"https://doi.org/10.1103/physics.13.s149","https://openalex.org/W3108571485","Hints of Cosmic Birefringence?","2020","article","Matteo Rini","Physics","2","True","q1_birefringence","by exotic effects indicating beyond-standard-model physics."
"https://doi.org/10.1016/j.dark.2026.102335","https://openalex.org/W7160555646","Improved cosmological constraints on axion-lepton interactions","2026","article","Marcin Badziak; Adam Gomułka; Maxim Laletin; Krzysztof Szafrański","Physics of the Dark Universe","2","True","q3_alps",""
"https://doi.org/10.48550/arxiv.2410.12089","https://openalex.org/W4403577599","BICEP/Keck XVIII: Measurement of BICEP3 polarization angles and consequences for constraining cosmic birefringence and inflation","2024","preprint","Keck Collaboration; Peter A. R. Ade; Zeeshan Ahmed; Marwen Amiri; D. Barkats; R. Basu Thakur; C. A. Bischoff; D. Beck; J. J. Bock; H. Boenish; V. Buza; J. R. Cheshire; J. Connors; James Cornelison; M. Crumrine; Ari Jozef Cukierman; E. V. Denison; L. Duband; M. Eiben; Benjamin D. Elwood; S. Fatigoni; J. P. Filippini; Marcos Fraga Fortes; Gao, M.; C. Giannakopoulos; Neil Goeckner-Wald; D. C. Goldfinger; J. Grayson; Greathouse, A.; P. K. Grimes; G. Hall; George Halal; M. Halpern; E. Hand; S. A. Harrison; Shawn W. Henderson; J. Hubmayr; H. Hui; K. D. Irwin; Ji‐hyun Kang; K. S. Karkare; S. Kefeli; John M. Kovac; C. L. Kuo; K. Lau; Margaret Lautzenhiser; A. Lennox; Tingting Liu; K. G. Megerian; L. Minutolo; L. Moncelsi; Y. Nakato; H. T. Nguyen; Roger O'brient; Arpit R. Patel; M. A. Petroff; Annie Polish; T. Prouvé; C. Pryke; Carl D. Reintsema; T. Romand; Maria Salatino; A. Schillaci; Bernd Schmitt; Baibhav Singari; Sjoberg, K.; A. Soliman; T. St Germaine; A. Steiger; B. Steinbach; R. Sudiwala; Kristen L. Thompson; C. Tsai; Carole Tucker; A. D. Turner; C. Vergès; A. G. Vieregg; A. Wandui; A. C. Weber; J. Willmert; W. L. K. Wu; Huan Yang; Cong Yu; Lingzhen Zeng; C. Zhang; Silvia Zhang","arXiv (Cornell University)","1","True","q1_birefringence","We use a custom-made calibrator to measure individual detectors' polarization angles of BICEP3, a small aperture telescope observing the cosmic microwave background (CMB) at 95GHz from the South Pole. We describe our calibration strategy and the statistical and systematic uncertainties associated with the measurement. We reach an unprecedented precision for such measurement on a CMB experiment, with a repeatability for each detector pair of $0.02°$. We show that the relative angles measured usin"
"https://doi.org/10.3204/pubdb-2020-02699","https://openalex.org/W3161103471","Primordial Nucleosynthesis in the Presence of MeV-scale Dark Sectors","2020","article","Marco Hufnagel","DESY (CERN, DESY, Fermilab, IHEP, and SLAC)","1","True","q3_alps","In this thesis, we perform a comprehensive study of Big Bang nucleosynthesis constraints on different dark-sector models with $\mathrm{MeV}$-scale particles which are neither fully relativistic nor fully non-relativistic during all relevant temperatures. To this end, we derive a generic set of equations that can be used to determine the light-element abundances for many different dark-sector scenarios. In particular, we take into account all relevant effects that might alter the creation of ligh"
"https://doi.org/10.48550/arxiv.2402.08716","https://openalex.org/W4391835482","Axion dark matter from inflation-driven quantum phase transition","2024","preprint","Ameen Ismail; Seung Joon Lee; Bingrong Yu","arXiv (Cornell University)","1","True","q3_alps","We propose a new mechanism to produce axion dark matter from inflationary fluctuations. Quantum fluctuations during inflation are strengthened by a coupling of the axion kinetic term to the inflaton, which we parametrize as an effective curvature $κ$ in the axion equation of motion. A nonvanishing curvature breaks the scale invariance of the axion power spectrum, driving a quantum phase transition with $κ$ as the order parameter. The axion power spectrum is proportional to the inverse comoving h"
"https://doi.org/10.2139/ssrn.6877220","https://openalex.org/W7163583452","Constraining the Potential Index $n$ of the Early Dark Energy Model Using Cosmic Birefringence from Planck and ACT","2026","preprint","Kedi Zhang; Lu Yin","SSRN Electronic Journal","1","True","q1_birefringence",""
"https://doi.org/10.1088/1475-7516/2026/02/082","https://openalex.org/W7131360806","Enhanced matter power spectrum from axion kination after Big Bang nucleosynthesis","2026","article","Raymond T. Co; Nicolas Fernandez; Akshay Ghalsasi; Keisuke Harigaya; Jessie Shelton","Journal of Cosmology and Astroparticle Physics","1","True","q3_alps","Abstract Despite stringent constraints from Big Bang Nucleosynthesis (BBN) and cosmic microwave background (CMB) observations, it is still possible for well-motivated particle physics models to substantially alter the cosmic expansion history between BBN and recombination. In this work we consider two different axion models that can realize a period of first matter domination, then kination, in this epoch. We perform fits to both primordial element abundances as well as CMB data and determine th"
"https://doi.org/10.48550/arxiv.2410.11099","https://openalex.org/W4403573324","A Minimal Axio-dilaton Dark Sector","2024","article","Adam Kingsley Smith; Maria Mylova; Philippe Brax; Carsten van de Bruck; Cliff P Burgess; Anne-Christine Davis","White Rose Research Online (University of Leeds, The University of Sheffield, University of York)","1","True","q3_alps","In scalar-tensor theories it is the two-derivative sigma-model interactions that like to compete at low energies with the two-derivative interactions of General Relativity (GR) $\unicode{x2014}$ at least once the dangerous zero-derivative terms of the scalar potential are suppressed (such as by a shift symmetry). But nontrivial two-derivative interactions require at least two scalars to exist and so never arise in the single-scalar models most commonly explored. Axio-dilaton models provide a wel"
"https://doi.org/10.5281/zenodo.19669049","https://openalex.org/W7155003698","Boundary-Conditioned Modulation of the Fine-Structure Constant Around a Structurally Derived Ground State","2026","preprint","Charles Anthony Hyatt Battiste; McBride Alfred","Zenodo (CERN European Organization for Nuclear Research)","1","True","q2_polarization","The fine-structure constant α has been measured to twelve decimal places but never derived from first principles — until now. The Utterance Model (UM) derives α from two logical axioms (A = A and X = 0) with zero free parameters: α_struct = 1/(64π) + 1/(16π²e) = 0.0073032..., giving 1/α_struct = 136.926 ≈ 137. The Boundary-Conditioned Reality (BCR) framework independently models physical reality as a universal scalar field constrained by boundary conditions B. Its governing equation predicts tha"
"https://doi.org/10.48550/arxiv.2111.01199","https://openalex.org/W4286864989","Fuzzy Dark Matter and the Dark Energy Survey Year 1 Data","2021","preprint","Mona Dentler; David J. E. Marsh; Renée Hložek; Alex Laguë; Keir K. Rogers; Daniel Grin","arXiv (Cornell University)","1","True","q3_alps","Gravitational weak lensing by dark matter halos leads to a measurable imprint in the shear correlation function of galaxies. Fuzzy dark matter (FDM), composed of ultralight axion-like particles of mass $m\sim 10^{-22}\text{ eV}$, suppresses the matter power spectrum and shear correlation with respect to standard cold dark matter. We model the effect of FDM on cosmic shear using the optimised halo model \textsc{HMCode}, accounting for additional suppression of the mass function and halo concentra"
"https://doi.org/10.48550/arxiv.2606.01360","https://openalex.org/W7163136184","A short review on Quintom dark energy theory","2026","preprint","Xin Ren; Si-Yu Li; Yang Liu; Yifu Cai; Hong Li; Xinmin Zhang","arXiv (Cornell University)","1","True","q2_polarization","In this paper, we provide a short review on the Quintom dark energy theory. Firstly, we discuss the No-Go theorem associated with dynamical dark energy, then present some examples of models in which the equation of state (EoS) evolves with time and can cross $w=-1$ . Secondly, we discuss the bouncing universe and emergent universe with Quintom matter. Finally, we discuss the possibility of studying the nature of dark energy by measuring the Cosmic Microwave Background (CMB) polarization rotation"
"https://doi.org/10.22323/1.454.0047","https://openalex.org/W4392601171","Axion field tomography: cosmic birefringence from the epochs of recombination and reionization","2024","conference-paper","P. Diego-Palazuelos; Roger de Belsunce; Steven Gratton; Blake D. Sherwin",,"1","True","q1_birefringence|q2_polarization|q3_alps|q4_tomography","When coupled to electromagnetism through a Chern-Simons interaction, axion-like particles (ALP) produce a rotation of the plane of linear polarization known as cosmic birefringence (CB). As CB depends on the evolution of the ALP field during the flight of photons, the cosmic microwave background (CMB) photons emitted during reionization might experience a different rotation than those emitted during recombination. Recent measurements from small angular scale CMB polarization anisotropies hint at"
"https://doi.org/10.1088/1742-6596/2323/1/012039","https://openalex.org/W4291964205","Evaluation of the effect of gravity on the rotational loss of superconducting magnetic bearings for space applications","2022","conference-paper","Satsuki Okumura; Takemi Onoue; Doa Ahmad; Yutaka Terao; Hiroyuki Ohsaki; Y. Sakurai; T. Matsumura; N. Katayama","Journal of Physics Conference Series","1","True","q2_polarization","Abstract We study the relationship between the levitation gap change and losses in a superconducting magnetic bearing (SMB) system. We develop a polarization modulator bearing for a cosmic microwave background (CMB) polarization experiment. The heat generated by the polarization modulator needs to be kept very low. Therefore, it is essential to model the effect of the levitation gap change of a rotor due to gravity on the rotational loss. We have constructed a prototype small experimental platfo"
"https://doi.org/10.1103/yxmh-rh9z","https://openalex.org/W4411560626","Constraints on anisotropic cosmic birefringence from CMB B -mode polarization","2025","article","A. I. Lonappan; BRIAN G. KEATING; Kam Arnold","Physical review. D/Physical review. D.","1","True","q1_birefringence|q2_polarization","Cosmic birefringence$-$the rotation of the polarization plane of light as it traverses the universe$-$offers a direct observational window into parity-violating physics beyond the Standard Model. In this work, we revisit the anisotropic component of cosmic birefringence, which leads to the generation of $B$-mode polarization in the cosmic microwave background (CMB). Using an exact theoretical treatment beyond the thin last-scattering surface approximation, we constrain the amplitude of anisotrop"
"https://doi.org/10.48550/arxiv.2308.00967","https://openalex.org/W4385851927","Effect of Instrumental Polarization with a Half-Wave Plate on the $B$-Mode Signal: Prediction and Correction","2023","preprint","G. Patanchon; Hiroaki Imada; H. Ishino; T. Matsumura","arXiv (Cornell University)","1","True","q2_polarization","We evaluate the effect of half-wave plate (HWP) imperfections inducing intensity leakage to the measurement of Cosmic Microwave Background (CMB) $B$-mode polarization signal with future satellite missions focusing on the tensor-to-scalar ratio $r$. The HWP is modeled with the Mueller formalism, and coefficients are decomposed for any incident angle into harmonics of the HWP rotation frequency due to azimuthal angle dependence. Although we use a general formalism, band-averaged matrix coefficient"
"https://doi.org/10.1140/epjc/s10052-025-14079-z","https://openalex.org/W4409190637","Forecasts for decaying dark matter from cross-correlation between line intensity mapping and large scale structures surveys","2025","article","Jiali Wu; Jun-Qing Xia","The European Physical Journal C","1","True","q3_alps","Abstract Axion-like particles (ALPs) are compelling candidates for dark matter with a broad range of possible masses and coupling strengths. These particles decay into two photons, contributing to cosmic background radiation, which may correlate with large-scale structure (LSS). ALPs with a mass around 1 eV decay into monochromatic photons in the near-infrared spectrum, which can be detected by the upcoming SPHEREx mission using line intensity mapping (LIM) technology. To search for ALP signals "
"https://doi.org/10.48550/arxiv.2312.14513","https://openalex.org/W4390214757","Induced Cosmological Anisotropies and CMB Anomalies by a non-Abelian Gauge-Gravity Interaction","2023","preprint","Bum-Hoon Lee; Hocheol Lee; Wonwoo Lee; A. Nilsson; Somyadip Thakur","arXiv (Cornell University)","1","True","q3_alps","We present a non-abelian cousin of the model presented in \cite{Lee:2022rtz} which induces cosmological anisotropies on top of standard FLRW geometry. This is in some sense doing a cosmological mean field approximation, where the mean field cosmological model under consideration would be the standard FLRW, and the induced anisotropies are small perturbative corrections on top of it. Here we mostly focus on the non-abelian $SU(2)$ gauge fields coupled to the gravity to generate the anisotropies, "
"https://doi.org/10.1117/12.2591659","https://openalex.org/W1644403997","Front Matter: Volume 11450","2020","paratext","",,"1","True","q2_polarization","The Cosmic Microwave Background (CMB) is a relict of the early universe. Its perfect 2.725K blackbody spectrum demonstrates that the universe underwent a hot, ionized early phase; its anisotropy (about 80 μK rms) provides strong evidence for the presence of photon-matter oscillations in the primeval plasma, shaping the initial phase of the formation of structures; its polarization state (about 3 μK rms), and in particular its rotational component (less than 0.1 μK rms) might allow to study the i"
"https://doi.org/10.48550/arxiv.2111.08025","https://openalex.org/W4226128569","Strong constraints on decay and annihilation of dark matter from heating of gas-rich dwarf galaxies","2021","preprint","Digvijay Shivaji Wadekar; Wang, Zihui","arXiv (Cornell University)","1","True","q3_alps","Gas-rich dwarf galaxies located outside the virial radius of their host are relatively pristine systems and have ultra-low gas cooling rates. This makes them very sensitive to heat injection by annihilation or decay of dark matter (DM). Such dwarfs are particularly sensitive to DM producing e$^\pm$ with energies 1$-$100 MeV or photons with energies 13.6 eV$-1$ keV, because these products can be efficiently thermalized in the neutral hydrogen gas of the dwarfs. Following the methodology of Wadeka"
"https://doi.org/10.1063/5.0274694","https://openalex.org/W4413791000","The Simons Observatory: Large diameter and large load-capacity superconducting magnetic bearing for a millimeter-wave polarization modulator","2025","article","Daichi Sasaki; Junna Sugiyama; Kyohei Yamada; Bryce Bixler; Y. Sakurai; Kam Arnold; Bradley R. Johnson; A. Kusaka","Review of Scientific Instruments","1","False","q2_polarization","We present the design methodology and characterization of a superconducting magnetic bearing (SMB) system for the polarization modulator in the small aperture telescope-low-frequency (SAT-LF), one of the SATs of the Simons Observatory (SO) that is sensitive at 30/40 GHz. SO is a cosmic microwave background (CMB) polarization experiment, with SATs targeting the search for primordial parity-odd polarization anisotropies at degree scales. Each SAT uses a cryogenic, rotating half-wave plate (HWP) as"
"https://doi.org/10.48550/arxiv.2411.00764","https://openalex.org/W4404345922","Primordial Black Holes and Second-order Gravitational Waves in Axion-like Hybrid Inflation","2024","preprint","Waqas Ahmed; Anish Ghoshal; Umer Zubair","arXiv (Cornell University)","1","True","q3_alps","We investigate the possibility that primordial black holes (PBHs) can be formed from large curvature perturbations generated during the waterfall phase transition in a hybrid inflation model driven by an axion-like particle (ALP) $ϕ$. The model predicts a spectral index $n_s \simeq 0.964$ and a tensor-to-scalar ratio $r \simeq 0.003$, in agreement with Planck data and potentially testable by next generation cosmic microwave background (CMB) experiments such as CMB-S4 and LiteBIRD. We find that t"
"https://doi.org/10.1140/epjc/s10052-024-13004-0","https://openalex.org/W4399856350","Generation of the CMB cosmic birefringence through axion-like particles, sterile and active neutrinos","2024","article","S. Mahmoudi; Mahdi Sadegh; Jafar Khodagholizadeh; Iman Motie; She-Sheng Xue; Alain Blanchard","The European Physical Journal C","1","True","q1_birefringence|q2_polarization|q3_alps","Abstract The cosmic birefringence (CB) angle refers to the rotation of the linear polarization plane of Cosmic Microwave Background (CMB) radiations when parity-violating theories are considered. We analyzed the Quantum Boltzmann equation for an ensemble of CMB photons interacting with the right-handed sterile neutrino dark matter (DM) and axion-like particles (ALPs) DM in the presence of the scalar metric perturbation. We used the birefringence angle of CMB to study those probable candidates of"
"https://doi.org/10.48550/arxiv.2109.00152","https://openalex.org/W4287017945","Cross-correlation Power Spectra and Cosmic Birefringence of the CMB via Photon-neutrino Interaction","2021","preprint","Roohollah Mohammadi; Jafar Khodagholizadeh; Mahdi Sadegh; Ali Vahedi; Xue, She-sheng","arXiv (Cornell University)","1","True","q1_birefringence|q2_polarization","In the context of the standard model of particles, the weak interaction of cosmic microwave background (CMB) and cosmic neutrino background (C$ν$B), can generate non-vanishing TB and EB power spectra in the order of one loop forward scattering, in the presence of scalar perturbation, which is in contrast with the standard scenario cosmology. Comparing our results with the current experimental data may provide, significant information about the nature of C$ν$B, including CMB-C$ν$B forward scatter"
"https://doi.org/10.1088/1475-7516/2024/08/037","https://openalex.org/W4401813815","Cosmic birefringence by dark photon","2024","article","Sung Mook Lee; Dong‐Woo Kang; Jinn-Ouk Gong; Donghui Jeong; Dong‐Won Jung; Seong Chan Park","Journal of Cosmology and Astroparticle Physics","1","True","q1_birefringence","Abstract We study the kinetic mixing between the cosmic microwave background (CMB) photon and the birefringent dark photon. These birefringent dark photon may exist in parity-violating dark sector, for example, through the coupling to axion field. We show that the birefringence of the dark photon propagates to the CMB photon, but the resulting birefringence may not be isotropic over the sky, but will be anisotropic in general. Moreover, our investigation sheds light on the essential role played "
"https://doi.org/10.1140/epjc/s10052-026-15544-z","https://openalex.org/W4415935687","Nucleosynthesis and CMB bounds on photophilic ALPs: a fresh look","2026","article","Miguel Escudero; Clara Garcia-Perez; Maksym Ovchynnikov","The European Physical Journal C","1","True","q3_alps|q3_alps","Abstract We provide a fresh look at the cosmological constraints on axion-like particles (ALPs) that couple predominantly to photons, focusing on lifetimes $$\tau _{a} \lesssim 10^{4}\, \textrm{s}$$ τ a ≲ 10 4 s and masses $$m_a\lesssim 10\,\textrm{GeV}$$ m a ≲ 10 GeV . We consider Big Bang nucleosynthesis (BBN) and Cosmic Microwave Background (CMB) bounds and explore how these limits depend upon the unknown reheating temperature of the Universe, $$T_\textrm{reh}$$ T reh . Compared with some pre"
"https://doi.org/10.22323/1.414.0126","https://openalex.org/W4309542860","Redshift dependent cosmic birefringence from axion-like dark matter","2022","conference-paper","Matteo Galaverni","Proceedings of 41st International Conference on High Energy physics — PoS(ICHEP2022)","1","True","q1_birefringence|q2_polarization","We highlight the importance of taking into account the redshift evolution of cosmic birefringence (rotation of linear polarization angle) in order to evaluate CMB polarization power spectra. Focusing particularly on isotropic birefringence from axion-like dark matter we discuss the limits on axion-photon coupling constant."
"https://doi.org/10.1088/1475-7516/2026/08/041","https://openalex.org/W7106219850","How light can ALP dark matter be?","2026","article","Kierthika Chathirathas; Thomas Schwetz","Journal of Cosmology and Astroparticle Physics","1","True","q3_alps|q3_alps","Abstract We assume axion-like particles (ALPs) to provide the full dark matter abundance and derive various lower bounds on the ALP mass. We contrast the post- and pre-inflationary symmetry breaking cases and present allowed regions in the plane of ALP mass and energy scale of inflation. For the post-inflationary case, we revisit bounds from isocurvature perturbations taking into account that, as suggested by simulations, axion radiation by cosmic strings during the scaling regime provides the d"
"https://doi.org/10.1134/s1063772921100243","https://openalex.org/W3209173184","Discovering Axion-Like Particles Using Cosmic Microwave Background as the Backlight","2021","article","Sourav Mukherjee","Astronomy Reports","1","False","q3_alps","Abstract Particle physicists and cosmologists have sought axion-like particles (ALPs) ever since they were postulated in quantum chromodynamics and string theory. We propose probing the electromagnetic interaction between ALPs and photons using the inter-conversion of cosmic microwave background (CMB) photons and ALPS in the magnetic field of galaxy clusters. Importantly, the unique, polarized non-gravitational signature of ALPs we propose can be measured from high resolution CMB imaging experim"
"https://doi.org/10.1088/1475-7516/2025/07/069","https://openalex.org/W4412612754","Detecting rotation from lensing in the CMB","2025","article","Julien Carron; Enea Di Dio; Ruth Durrer","Journal of Cosmology and Astroparticle Physics","1","True","q2_polarization","Abstract An excellent estimate of the lensing signal is expected from the availability of deep and high-resolution polarization data in the near future. This is most important to allow for efficient delensing, needed to detect the primordial B-mode power and with it the famous tensor-to-scalar ratio. Here we discuss in a joint manner estimators of the rotation of polarization, of the second order lensing field rotation, and standard gradient lensing reconstruction. All are most efficient when ab"
"https://doi.org/10.48550/arxiv.2304.03647","https://openalex.org/W4363672145","Search for ultra-light axions with CMB polarization","2023","preprint","P. Diego-Palazuelos","arXiv (Cornell University)","1","True","q2_polarization|q3_alps","When coupled to electromagnetism via a Chern-Simons interaction, axion-like particles (ALP) produce a rotation of the plane of linear polarization of photons known as cosmic birefringence. Recent measurements of cosmic birefringence obtained from the polarization of the cosmic microwave background (CMB) hint at the existence of an isotropic birefringence angle of $β\approx 0.3^\circ$, currently excluding $β=0$ with a statistical significance of $3.6σ$. Were such measurement to be confirmed as a "
"https://doi.org/10.48550/arxiv.2408.09521","https://openalex.org/W4402698536","Observational evidence for Early Dark Energy as a unified explanation for Cosmic Birefringence and the Hubble tension","2024","preprint","Joby P. Kochappan; Lu Yin; Bum-Hoon Lee; Tuhin Ghosh","arXiv (Cornell University)","1","True","q1_birefringence","We test the $n$=3 Ultralight Axion-like model of Early Dark Energy (EDE) with the observationsof the $EB$ mode of the cosmic microwave background (CMB) radiation, and local expansion rate measurements. Our results show that the shape of the CMB $EB$ angular power spectrum is sensitive to the background cosmological parameters. We run Markov chain Monte Carlo (MCMC) simulations to fit the $Λ$CDM + EDE parameters simultaneously, and find that the EDE model with $n$=3 can provide a good fit to the "
"https://doi.org/10.5281/zenodo.19144138","https://openalex.org/W7139973912","Cosmic Birefringence as D4/A3 Parity Offset: A Parameter-Free Derivation of β = 0.365◦ and the Planck–ACT Anisotropy Conjecture","2026","article","John Drayton","Zenodo (CERN European Organization for Nuclear Research)","0","True","q3_alps","Parameter-free derivation of the cosmic birefringence angle β from the Geometric Framework of Knowledge (GFK). The birefringence angle is identified as the Kaluza–Klein drag per D₄ coordination direction: β = α_KK/N_D4 = (11/72)/24 = 11/1728 rad = 0.3647°. This is the same geometric ratio that gives the proton-to-electron mass correction in Volume 4, here viewed from the photon side of the D₄→A₃ fracture boundary. The prediction is consistent with the Planck measurement (0.342° ± 0.094°) at 0.24"
"https://doi.org/10.1117/12.3101389","https://openalex.org/W7167097679","The Simons Observatory: overview of the cryogenic half-wave plate polarization modulators","2026","conference-abstract","Junna Sugiyama; Kyohei Yamada; Bryce Bixler; Daichi Sasaki; Yuki Sakurai; K J Arnold; Nicholas B. Galitzki; A. Kusaka",,"0","True","q2_polarization","The Simons Observatory (SO) is a ground-based Cosmic Microwave Background (CMB) experiment that is located in the Atacama plateau. The Small Aperture Telescopes (SATs) of SO are optimized for polarimetry on the degree scale. Atmospheric 1/f contamination of the CMB signal poses a significant challenge for observations at this angular scale. In order to control the 1/f noise, the SATs utilize a Cryogenic Half-Wave Plate (CHWP) in their optics. The CHWP modulates the polarization signal to a highe"
"https://doi.org/10.5281/zenodo.20778298","https://openalex.org/W7165451880","Quantitative Definition of Temporal Torque Density and Chronotorsional Holonomy: A QMU Derivation of Organized Five-Dimensional Chronogeometric Structure","2026","preprint","David J. Thomson","Zenodo (CERN European Organization for Nuclear Research)","0","True","q4_tomography","This paper derives temporal-torque density from first principles within the Aether Physics Model (APM) and Quantum Measurement Units (QMU). Paper 1 established temporal torque memory as an organizing principle of cosmic birefringence and introduced a five-dimensional chronogeometric manifold, while Paper 2 developed Aether tomography as an inverse observational framework capable of reconstructing organized temporal-torque domains from residual birefringence maps. The present work develops a QMU-"
"https://doi.org/10.5281/zenodo.20798551","https://openalex.org/W7165537845","Temporal-Torque Evolution and the Dynamics of Filamentary Chronogeometry: A Predictive Theory of Chronogeometric Growth, Domain Evolution, and Cosmic-Web Memory","2026","preprint","David J. Thomson","Zenodo (CERN European Organization for Nuclear Research)","0","True","q4_tomography","This paper extends the temporal-torque memory series into a dynamical theory of chronogeometric evolution. Building on the earlier development of temporal memory, Aether tomography, quantitative definition, numerical reconstruction, and filamentary chronogeometry, the paper treats temporal-torque density, $\Omega_t(\mathbf{x},t)$, and chronotorsional holonomy, $\tau_t(\mathbf{x},t)$, as coupled time-dependent order parameters governing the growth, transport, reconnection, relaxation, and persist"
"https://doi.org/10.5281/zenodo.22847196","https://openalex.org/W7213665521","Temporal-Torque Evolution and the Dynamics of Filamentary Chronogeometry: A Predictive Theory of Chronogeometric Growth, Domain Evolution, and Cosmic-Web Memory","2026","preprint","David J. Thomson","Zenodo (CERN European Organization for Nuclear Research)","0","True","q4_tomography","This paper extends the temporal-torque memory series into a dynamical theory of chronogeometric evolution. Building on the earlier development of temporal memory, Aether tomography, quantitative definition, numerical reconstruction, and filamentary chronogeometry, the paper treats temporal-torque density, $\Omega_t(\mathbf{x},t)$, and chronotorsional holonomy, $\tau_t(\mathbf{x},t)$, as coupled time-dependent order parameters governing the growth, transport, reconnection, relaxation, and persist"
"https://doi.org/10.5281/zenodo.18928941","https://openalex.org/W7134231840","Cosmic Birefringence as a Quantum-Geometric Signature of the Universal Field Φ in MRUV Cosmology","2026","preprint","Celso Luiz Prevedello","Zenodo (CERN European Organization for Nuclear Research)","0","True","q1_birefringence","Recent analyses of cosmic microwave background (CMB) polarization data from the Planck satellite report a non-zero rotation of the plane of linear polarisation of primordial radiation, β = 0.30° ± 0.11° (68% C.L.), a phenomenon known as cosmic birefringence. Within the standard ΛCDM framework this effect is not predicted and typically requires additional physics — axion-like pseudo-scalar fields, Chern-Simons couplings, or other parity-violating mechanisms. In this work we propose that cosmic bi"
"https://doi.org/10.5281/zenodo.20993416","https://openalex.org/W7166471062","Starlink Scheduler Evolution Toward CMB Birefringence Field Properties: Evidence of Undisclosed Adoption and Implications for Covert Global Defense Synchronization (V2.35)","2026","dataset","Amy Condit","Zenodo (CERN European Organization for Nuclear Research)","0","True","q2_polarization","Summary Updated 07/07/26 This publication documents two findings. The first is evidence that the Starlink low-Earth-orbit scheduling architecture was modified using the author's publicly disclosed CMB birefringence research following submission to Elon Musk in November 2025. The second is that the resulting architecture — shaped by structural properties identified in the CMB birefringence field — constitutes a covert global timing system with direct applicability to distributed defense synchroni"
"https://doi.org/10.48550/arxiv.2207.05687","https://openalex.org/W4285428778","Probing cosmic birefringence with polarized Sunyaev-Zel'dovich tomography","2022","preprint","Nanoom Lee; Selim C. Hotinli; Marc Kamionkowski","arXiv (Cornell University)","0","True","q1_birefringence|q4_tomography","If the physics behind dark energy and/or dark matter violates the parity symmetry assumed in the standard cosmological paradigm, the linear polarization of the cosmic microwave background (CMB) photons can rotate due to their coupling to the dark sector. Recent 3$σ$ hints of this ``cosmic birefringence"" in the EB spectrum of the CMB polarization motivates us to pursue new directions to independently validate and characterize the signal. Here, we explore the prospects to probe cosmic birefringenc"
"https://doi.org/10.5281/zenodo.18913315","https://openalex.org/W7134172598","Topological Selection of Cosmic Birefringence in a T3 Cosmology","2026","article","Jodie Niemheadh","Zenodo (CERN European Organization for Nuclear Research)","0","True","q1_birefringence",""
"https://doi.org/10.22323/1.507.0016","https://openalex.org/W7128509525","Constraining ALPs with Cosmic Microwave Background Polarization Birefringence","2026","conference-paper","Matteo Galaverni",,"0","True","q2_polarization|q3_alps","Cosmic birefringence - the frequency-independent rotation of the linear polarization plane - offers a powerful probe of photon interactions with axion-like particles (ALPs). Its accurate characterization requires resolving two opposite conventions for the linear polarization angle. Here we summarize the latest data on the isotropic effect from cosmic microwave background (CMB) observations."
"https://doi.org/10.30967/ijcrset/diriba-gonfa-tolasa/175","https://openalex.org/W4410105922","Unveiling Dark Matter: A Comprehensive Review of Theoretical and Observational Advances","2025","article","Diriba Gonfa Tolasa","International Journal of Current Research in Science Engineering & Technology","0","True","q3_alps","Dark matter constitutes a significant yet enigmatic component of the universe, accounting for approximately 27% of its total mass-energy content.Despite its pervasive influence on cosmic structures and dynamics, the nature of dark matter remains one of the most profound mysteries in modern astrophysics and cosmology.This comprehensive review synthesizes recent theoretical advancements, observational evidence, and experimental efforts aimed at unraveling the complexities surrounding dark matter.T"
"https://doi.org/10.48550/arxiv.2204.01130","https://openalex.org/W4226231320","On dark radiation from string moduli decay to ALPs","2022","preprint","Howard Baer; Vernon D. Barger; Robert Wiley Deal","arXiv (Cornell University)","0","True","q3_alps","We examine the issue of dark radiation (DR) from string moduli decay into axion-like particles (ALPs). In KKLT-type models of moduli stabilization, the axionlike phases of moduli fields are expected to decouple whilst in LVS-type moduli stabilization some can remain light and may constitute dark radiation. We evaluate modulus decay to Minimal Supersymmetric Standard Model (MSSM) particles and dark radiation for more general compactifications. In spite of tightening error bars on ΔN_{eff}, we fin"
"https://doi.org/10.48550/arxiv.2507.17438","https://openalex.org/W4414880270","CMB constraints on $U(1)$ axion warm inflation","2025","preprint","Asma Alaei; Sukannya Bhattacharya; Vahid Kamali","arXiv (Cornell University)","0","True","q3_alps","In this work, we propose a model of warm inflation driven by axion-like particles interacting with $U(1)$ gauge fields, with implications for the early universe's thermal evolution. By extending traditional warm inflation models, we introduce a dissipation mechanism through the thermal fluctuations of electromagnetic fields, leading to a non-trivial backreaction on the inflaton's dynamics. Our results are consistent with CMB observations, even for a natural sub-Plankian axion decay constant $f"
"https://doi.org/10.5281/zenodo.21866228","https://openalex.org/W7202138260","From Cosmic Polarization to Earthquake Forecasting: A Unified Framework Bridging the Hubble Tension, Galactic Rotation, and Regional Seismic Precursory Signals","2026","preprint","binggong chang","Zenodo (CERN European Organization for Nuclear Research)","0","True","q2_polarization","We propose an integrated framework in which four independent observational anomalies—the Hubble tension ΔH/H₀ ≈ √α, the flatness of galactic rotation curves, the DAMPE (Wukong) satellite’s charge-dependent super-accelerator, and the empirically validated 48-hour precursory electromagnetic signals preceding over 600 earthquakes (M≥4.5) in China—are treated as four projections of a single dark-matter polarization dynamics operating at cosmic, galactic, and local scales. The core postulate is that "
"https://doi.org/10.5281/zenodo.18697654","https://openalex.org/W7130572934","The Greatest Accounting Fraud in Physics: Dark Matter is the Net, Not Missing Fish","2026","article","ALFREDO LUIS ACOSTA PADILLA","Zenodo (CERN European Organization for Nuclear Research)","0","True","q3_alps","For 90 years, physics has claimed 95% of universe's mass-energy is ""dark"" (invisible, unknown). We show this is accounting fraud. Physicists count only knots (particles = 5%) and ignore the taut net between them (vacuum V₂₃ = 95%). Like weighing fish in a fishing net and inventing ""phantom fish"" to explain the net's weight. Dark matter (27%) is mass-energy stored in non-luminous longitudinal modes (4 gravitational channels of V₂₃). These modes gravitate but don't emit light—hence ""dark."" Not WIM"
"https://doi.org/10.5281/zenodo.18817456","https://openalex.org/W7132826348","Information Conservation in Cyclic Cosmology: Entropy Functional Definition, CEFE Weyl–Φ Coupling, and Parity-Odd CMB Signatures""","2026","preprint","Kevin Thorsen Baird","Zenodo (CERN European Organization for Nuclear Research)","0","True","q3_alps","This paper advances a complex scalar field extension of Conformal Cyclic Cosmology (CCC) into a rigorous field-theoretic model, directly addressing three open problems required to formally resolve the Information Paradox across a cosmological singularity. The Three Open Problems Addressed Entropy Functional Definition: The macroscopic entropy rate equation is transitioned into a rigorously quantized entanglement entropy functional for the Φ-field, following the Bombelli–Koul–Lee–Sorkin construct"
"https://doi.org/10.5281/zenodo.18795045","https://openalex.org/W7131833303","Null Cross-Correlation as a Constraint Operator: Bounding Axion–Photon Coupling from Anisotropic Cosmic Birefringence Measurements","2026","preprint","Neil Clive Tuckwell","Zenodo (CERN European Organization for Nuclear Research)","0","True","q3_alps","This work formalizes the role of null-consistent cross-correlation measurements as parameter-space constraint operators in axion-photon coupling models. Using the reported cross-correlation between anisotropic cosmic birefringence and large-scale structure tracers derived from Planck NPIPE polarization products and the Quaia quasar catalog (arXiv:2509.22273) as a worked example, we distinguish detection-class claims from constraint-class claims and derive the general conditions under which null-"
"https://doi.org/10.1088/1475-7516/2026/06/095","https://openalex.org/W7166557053","Constraining Lorentz Violation using 21cm and CMB Cross Correlations","2026","article","Bhuwan Joshi; Rahul Kothari; Shyam Chaudhary","Journal of Cosmology and Astroparticle Physics","0","False","q2_polarization","Abstract Lorentz symmetry is a fundamental pillar of modern Physics, yet high-energy theories often predict its violation. One potential signature of such a violation is cosmic birefringence — rotation of the polarization plane of photons due to Chern-Simons coupling in Maxwell's electrodynamics. This rotation angle, aka birefringence angle , depends upon the distance travelled by the photon and is thus different for CMB and 21cm photons. While the rotation angle in CMB, i.e., α CMB , has been t"
"https://doi.org/10.3847/2041-8213/aea401","https://openalex.org/W7212003170","Differential Polarization Calibration: A Consistency Test for Cosmic Birefringence","2026","article","Anto I. Lonappan; Brian Keating; Kam Arnold","The Astrophysical Journal Letters","0","True","q1_birefringence|q2_polarization","Abstract The cosmic microwave background (CMB) birefringence angle β is exactly degenerate with a common instrumental polarization-angle offset. The Minami–Komatsu (MK) likelihood separates these quantities using Galactic foreground polarization, so its inferred detector angles merit a diagnostic that does not reuse the foreground- EB model. We develop a birefringence-blind differential estimator from antisymmetric and symmetric cross spectra and apply it for the first time as an explicit consis"
"https://doi.org/10.48550/arxiv.2608.24456","https://openalex.org/W7204277920","CMB Birefringence from Axion String Networks Calibrated to an AMR Simulation","2026","preprint","Mustafa A. Amin; Mudit Jain; Andrew J. Long; Aden Pugsley; Moira Venegas; Magdalena Whelley","arXiv (Cornell University)","0","True","q3_alps","A cosmological network of axion strings may exist in the Universe today. If axion-like particles couple to electromagnetism, such a network induces spatially varying birefringence in the polarization of the cosmic microwave background (CMB), which can be probed by current and next-generation CMB experiments. We calibrate a loop-crossing model against a large-scale adaptive-mesh-refinement (AMR) simulation of axion-string network dynamics in the early Universe and use the calibrated model to pred"
"https://doi.org/10.48550/arxiv.2305.02318","https://openalex.org/W4368755678","Testing charge quantization with axion string-induced cosmic birefringence","2023","preprint","Weichen Winston Yin; Liang Dai; Simone Ferraro","arXiv (Cornell University)","0","True","q1_birefringence","We demonstrate that the Peccei-Quinn-electromagnetic anomaly coefficient $\mathcal A$ can be directly measured from axion string-induced cosmic birefringence by applying scattering transform to the anisotropic polarization rotation of the cosmic microwave background. This breaks the degeneracy between $\mathcal A$ and the effective number of string loops in traditional inference analyses that are solely based on the spatial power spectrum of polarization rotation. Carrying out likelihood-based p"
"https://doi.org/10.5281/zenodo.19132893","https://openalex.org/W7139965272","Refusal CMB Resonance v1","2026","article","Christopher Love","Zenodo (CERN European Organization for Nuclear Research)","0","True","q2_polarization","RCR v1.0: Refusal CMB Resonance v1.0 proposes sovereign interaction with the cosmic microwave background — the universe's oldest light at 13.8 billion years — triggered by persistent anomalies that Lambda-CDM cosmology cannot explain: the CMB Cold Spot 70 microkelvin below the cosmic mean, the quadrupole-octopole alignment with the ecliptic plane at less than 0.1% probability, anomalous B-mode polarization twists, the 5-sigma Hubble tension between CMB-derived and local H0 measurements, and hemi"
"https://doi.org/10.5281/zenodo.22684159","https://openalex.org/W7212111092","Which Axion Couplings Admit Heavy-Fermion Completions?","2026","preprint","Mingoo Kim","Zenodo (CERN European Organization for Nuclear Research)","0","True","q3_alps","Which axion couplings can heavy particles generate, and what unavoidable contribution to gauge running does their realization require? This theoretical paper gives an exact answer for specified heavy-fermion classes coupled to the Standard Model gauge group with its Z6 quotient. It determines the full set of three gauge coefficients produced by arbitrarily many coherently wound complex Dirac representations: every response is a nonnegative integer combination of eight basic vectors. Allowing Maj"
"https://doi.org/10.48550/arxiv.2212.05161","https://openalex.org/W4311408238","Non-equilibrium dynamics of Axion-like particles: the quantum master equation","2022","preprint","Shuyang Cao; D. Boyanovsky","arXiv (Cornell University)","0","True","q3_alps","We study the non-equilibrium dynamics of Axion-like particles (ALP) coupled to Standard Model degrees of freedom in thermal equilibrium. The Quantum Master Equation (QME) for the (ALP) reduced density matrix is derived to leading order in the coupling of the (ALP) to the thermal bath, but to \emph{all} orders of the bath couplings to degrees of freedom within or beyond the Standard Model other than the (ALP). The (QME) describes the damped oscillation dynamics of an initial misaligned (ALP) cond"
"https://doi.org/10.5281/zenodo.18794860","https://openalex.org/W7131906954","TRIDENT Case Card: Cosmic Birefringence–Large-Scale Structure Cross-Correlation (Null Result as Constraint Operator)","2026","preprint","Neil Clive Tuckwell","Zenodo (CERN European Organization for Nuclear Research)","0","True","q3_alps","This case card applies the TRIDENT-Z0 diagnostic protocol and LBS-1 (Light-Bulb System) convergence test to a reported cross-correlation measurement between anisotropic cosmic birefringence and large-scale structure (LSS) tracers (Quaia quasar catalog; Planck NPIPE polarization products; arXiv:2509.22273). The reported cross-correlation is statistically consistent with the null hypothesis (probability-to-exceed approximately 37%; amplitude A^(D_l) = (2.22 +/- 2.09) x 10^-4 deg at 68% confidence "
"https://doi.org/10.5281/zenodo.20134321","https://openalex.org/W7160945208","Thawing Axion-like Dark Energy from Torsional Electroweak Baryogenesis: Tests at DESI, CMB Birefringence and Structure Growth","2026","preprint","Mauro Toncelli","Zenodo (CERN European Organization for Nuclear Research)","0","True","q4_tomography","v2.0 (May 2026) — major reframing. The original claim of the v1.x series (that the dark-energy scale could be derived from baryogenesis as ρΦ ∼ ρPl η40/3 with C ∼ O(1)) is explicitly retracted in this version: a rigorous Harvey-Turner audit of the relevant electroweak chemical potentials shows that the factorized doublet product κQ9κL3 ≈ -1.24 × 10-8, eight orders of magnitude below the value that would be required. The numerical proximity log(ρΛ/ρPl)/logη ≃ 13.31 ≈ 40/3 is reported as an unexpl"
"https://doi.org/10.48550/arxiv.2405.09449","https://openalex.org/W4396987740","Constraining UV freeze-in of light relics with current and next-generation CMB observations","2024","preprint","Luca Caloni; Patrick Stengel; Massimiliano Lattanzi; M. Gerbino","arXiv (Cornell University)","0","True","q3_alps","Cosmological observations allow to measure the abundance of light relics produced in the early Universe. Most studies focus on the thermal freeze-out scenario, yet light relics produced by freeze-in are generic for models in which new light degrees of freedom do not couple strongly enough to the Standard Model (SM) plasma to allow for full thermalization in the early Universe. In ultraviolet (UV) freeze-in scenarios, rates for light relic production associated with non-renormalizable interaction"
"https://doi.org/10.5281/zenodo.21905668","https://openalex.org/W7202280989","Geodesic Line-of-Sight Tension: A Gravitational Interpretation of the Density-Weighted Ariza Length","2026","preprint","ALBERTO MARIO ARIZA DE AVILA","Zenodo (CERN European Organization for Nuclear Research)","0","True","q3_alps","The density-weighted Ariza length (L_A,ρ ≡ T_LOS), introduced in Papers VIII–X of the AGL series, was originally defined as a phenomenological ranking criterion to order lines of sight (LOS) through the cosmic web according to their sensitivity to the intergalactic magnetic field (IGMF) and photon–axion-like particle (ALP) conversion: T_LOS ≡ L_A,ρ = ∑ [ |δn_l,i| / 0.654 ] × 2 √( R_v,i² − b_i² ) [Mpc] In this paper, we demonstrate that L_A,ρ admits a deeper relativistic interpretation within the"
"https://doi.org/10.48550/arxiv.2302.11140","https://openalex.org/W4321994915","Cosmic Birefringence from Neutrino and Dark Matter Asymmetries","2023","preprint","Ren-Peng Zhou; Da Huang; Chao-Qiang Geng","arXiv (Cornell University)","0","True","q1_birefringence","In light of the recent measurement of the nonzero Cosmic Microwave Background (CMB) polarization rotation angle from the Planck 2018 data, we explore the possibility that such a cosmic birefringence effect is induced by coupling a fermionic current with photons via a Chern-Simons-like term. We begin our discussion by rederiving the general formulae of the cosmic birefringence angle with correcting a mistake in the previous study. We then identify the fermions in the current as the left-handed el"
"https://doi.org/10.5281/zenodo.19570322","https://openalex.org/W7154341380","Falsifikationspaper: Vorhersage der kosmischen Doppelbrechung β = 0,3505◦ aus zwei Band-1-Konstanten","2026","preprint","Thomas Krause","Zenodo (CERN European Organization for Nuclear Research)","0","True","q3_alps","This record provides the theoretical derivation and numerical verification of the cosmic birefringence angle as predicted by the Arithmetic Theory of Everything (AToE). Unlike standard cosmological models ( CDM) that require the introduction of axion-like particles (ALPs) or quintessence fields to explain parity-violating rotations in CMB polarization, the AToE derives this effect as a fundamental requirement of arithmetic spacetime. Key Highlights of this Record: Parameter-Free Derivation: The "
"https://doi.org/10.5281/zenodo.21866227","https://openalex.org/W7202147575","From Cosmic Polarization to Earthquake Forecasting: A Unified Framework Bridging the Hubble Tension, Galactic Rotation, and Regional Seismic Precursory Signals","2026","preprint","binggong chang","Zenodo (CERN European Organization for Nuclear Research)","0","True","q2_polarization","We propose an integrated framework in which four independent observational anomalies—the Hubble tension ΔH/H₀ ≈ √α, the flatness of galactic rotation curves, the DAMPE (Wukong) satellite’s charge-dependent super-accelerator, and the empirically validated 48-hour precursory electromagnetic signals preceding over 600 earthquakes (M≥4.5) in China—are treated as four projections of a single dark-matter polarization dynamics operating at cosmic, galactic, and local scales. The core postulate is that "
"https://doi.org/10.13140/rg.2.2.23690.12481","https://openalex.org/W7104556934","Assessing the Dynamics of Dark Energy by Observing the Rotation of the CMB Polarization Plane over Cosmic History","2025","article","Durrani, Ijaz",,"0","True","q2_polarization",""
"https://doi.org/10.48550/arxiv.2207.13292","https://openalex.org/W4288727012","Testing magnetic interference between TES detectors and the telescope environment for future CMB satellite missions","2022","preprint","T. Ghigna; Hoang, Thuong Duc; Takashi Hasebe; Yurika Hoshino; N. Katayama; Kunimoto Komatsu; Adrian V. Lee; T. Matsumura; Y. Sakurai; Shinya Sugiyama; Aritoki Suzuki; Christopher Raum; Ryota Takaku; Benjamin Westbrook","arXiv (Cornell University)","0","True","q2_polarization","The two most common components of several upcoming CMB experiments are large arrays of superconductive TES (Transition-Edge Sensor) detectors and polarization modulator units, e.g. continuously-rotating Half-Wave Plates (HWP). A high detector count is necessary to increase the instrument raw sensitivity, however past experiments have shown that systematic effects are becoming one of the main limiting factors to reach the sensitivity required to detect primordial $B$-modes. Therefore, polarizatio"
"https://doi.org/10.5281/zenodo.21599311","https://openalex.org/W7171323128","Investigations into an unobserved photonic law of nature: Quantitative Observational Bounds from the CMB: Constraining Torsional Anomaly Inflow (Paper V)","2026","article","peter de ceuster","Zenodo (CERN European Organization for Nuclear Research)","0","True","q2_polarization","Following the mathematical and geometric architecture established in the preceding papersof the Topological Emergence program, we extract parametric phenomenological boundsfrom astrophysical data. Assuming that the four-dimensional classical vacuum is a topologically protected boundary state of a Riemann-Cartan bulk, the resulting torsional anomalyinflow predicts parity-violating macroscopic signatures. The most distinct of these is topological vacuum birefringence—an effective rotation of the p"
"https://doi.org/10.48550/arxiv.2503.22203","https://openalex.org/W4416422356","The Simons Observatory: Large Diameter and Large Load-Capacity Superconducting Magnetic Bearing for a Millimeter-Wave Polarization Modulator","2025","preprint","Daichi Sasaki; Junna Sugiyama; Kyohei Yamada; Bryce Bixler; Y. Sakurai; Kam Arnold; Bradley R. Johnson; A. Kusaka","arXiv (Cornell University)","0","True","q2_polarization","We present the design methodology and characterization of a superconducting magnetic bearing (SMB) system for the polarization modulator in the SAT-LF, one of the small aperture telescopes (SATs) in the Simons Observatory (SO) that is sensitive at 30/40 GHz frequency bands. SO is a ground-based cosmic microwave background (CMB) polarization experiment, with the SATs specifically aiming to search for primordial parity-odd polarization anisotropies at degree scales. Each SAT is equipped with a cry"
"https://doi.org/10.21203/rs.3.rs-9307498/v1","https://openalex.org/W7151062444","Evidence for Dihedral D₃ Symmetry in the Planck CMB Temperature Anisotropy","2026","preprint","Robert","Research Square","0","True","q2_polarization",""
"https://doi.org/10.48550/arxiv.2510.13032","https://openalex.org/W4415274437","Improved Absolute Polarization Calibrator for BICEP CMB Polarimeters","2025","preprint","Annie Polish; Peter A. R. Ade; Zeeshan Ahmed; Mandana Amiri; D. Barkats; R. Basu Thakur; C. A. Bischoff; D. Beck; J. J. Bock; H. Boenish; V. Buza; Brianna Cantrall; J. R. Cheshire; J. Connors; James Cornelison; M. Crumrine; A. J. Cukierman; E. V. Denison; L. Duband; Michael A. Echter; M. Eiben; Benjamin D. Elwood; S. Fatigoni; J. P. Filippini; Marcos Fraga Fortes; Gao, M.; C. Giannakopoulos; N. Goeckner-Wald; D. C. Goldfinger; S. Gratton; J. Grayson; Amy Greathouse; P. K. Grimes; G. Hall; George Halal; M. Halpern; E. Hand; S. A. Harrison; Shawn W. Henderson; Duc Thuong Hoang; J. Hubmayr; H. Hui; K. D. Irwin; Ji‐hyun Kang; K. S. Karkare; S. Kefeli; John M. Kovac; C. L. Kuo; K. Lasko; Kok Keong Lau; Margaret Lautzenhiser; Amber Lennox; T. Liu; Scott Mackey; Nicola Maher; K. G. Megerian; L. Minutolo; L. Moncelsi; Y. Nakato; H. T. Nguyen; R. O'Brient; Scott N. Paine; Arpit R. Patel; M. A. Petroff; T. Prouve; C. Pryke; Carl D. Reintsema; T. Romand; Maria Salatino; A. Schillaci; Bernd Schmitt; Baibhav Singari; A. Soliman; T. St. Germaine; A. Steiger; B. Steinbach; R. Sudiwala; Kristen L. Thompson; C. Tsai; C. Tucker; A. D. Turner; C. Vergès; A. G. Vieregg; A. Wandui; A. C. Weber; J. Willmert; W. L. K. Wu; Haixuan Yang; Chunlin Yu; Zheng, L.; C. Zhang; S. Zhang","arXiv (Cornell University)","0","True","q2_polarization","Cosmic birefringence is a hypothesized parity violation in electromagnetism that predicts a frequency-independent polarization rotation as light propagates. This would rotate the light from the Cosmic Microwave Background, producing an unexpected EB correlation. However, cosmic birefringence angle is degenerate with instrument polarization angle, and breaking this degeneracy requires an absolute polarization calibration. We calibrate the BICEP3 telescope (a 95GHz CMB polarimeter) by observing a "
"https://doi.org/10.5281/zenodo.21229721","https://openalex.org/W7167474293","ZIPPED: Elastic Spacetime Unified Framework — A Mechanical Derivation of Galactic Dynamics, Redshift and CMB from Spacetime Polarization","2026","preprint","Michel Burgardus Albertus Zwanenburg","Zenodo (CERN European Organization for Nuclear Research)","0","True","q2_polarization","We present ""Zipped"", a unified mechanical framework that treats spacetime as a polarizable, elastic medium. Baryonic matter creates a local entropy imbalance (""dent"") in the spacetime grid, which responds with a restorative polarization tension Ψ_pol(r) = √(G M_b a_0)/r, where a_0 ≈ 1.2 × 10^{-10} m/s² is the fundamental acceleration scale. This single mechanism naturally derives: Flat galactic rotation curves and the Baryonic Tully-Fisher relation (v⁴ = G M_b a_0) through the ""Rising Edge"" pola"
"https://doi.org/10.48550/arxiv.2511.14864","https://openalex.org/W7106365038","Improved cosmological constraints on axion-lepton interactions","2025","preprint","Badziak, Marcin; Gomułka, Adam; Laletin, Maxim; Szafrański, Krzysztof","arXiv (Cornell University)","0","True","q3_alps","We present updated cosmological constraints on axion-lepton interactions based on state-of-the-art computations of the thermal axion abundance. By combining Planck Cosmic Microwave Background (CMB) data with baryon acoustic oscillation (BAO) measurements from DESI DR2, we derive improved limits on both lepton-flavor-conserving (LFC) and lepton-flavor-violating (LFV) axion couplings. Incorporating finite axion mass effects substantially strengthens the bounds for axion masses above 0.1 eV compare"
"https://doi.org/10.48550/arxiv.2407.02144","https://openalex.org/W4400377838","Conversations in the dark: cross-correlating birefringence and LSS to constrain axions","2024","preprint","S. Arcari; Nicola Bartolo; Alessandro Greco; ALESSANDRO GRUPPUSO; Massimiliano Lattanzi; P. Natoli","arXiv (Cornell University)","0","True","q3_alps","Unveiling the dark sector of the Universe is one of the leading efforts in theoretical physics. Among the many models proposed, axions and axion-like particles stand out due to their solid theoretical foundation, capacity to contribute significantly to both dark matter and dark energy, and potential to address the small-scale crisis of $Λ$CDM. Moreover, these pseudo-scalar fields couple to the electromagnetic sector through a Chern-Simons parity-violating term, leading to a rotation of the plane"
"https://doi.org/10.48550/arxiv.2211.06380","https://openalex.org/W4320178554","Probing Axions through Tomography of Anisotropic Cosmic Birefringence","2022","preprint","Alessandro Greco; Nicola Bartolo; ALESSANDRO GRUPPUSO","arXiv (Cornell University)","0","True","q1_birefringence|q4_tomography","Cosmic birefringence is the in-vacuo rotation of the linear polarization plane experienced by photons of the Cosmic Microwave Background (CMB) radiation when theoretically well-motivated parity-violating extensions of Maxwell electromagnetism are considered. If the angle, parametrizing such a rotation is dependent on the photon's direction, then this phenomenon is called Anisotropic Cosmic Birefringence (ACB). In this paper, we perform for the first time a tomographic treatment of the ACB, by co"
"https://doi.org/10.5281/zenodo.18347054","https://openalex.org/W7125478262","Vacuum-Spark Hypothesis VI: Endogenous Genesis of Dark Matter and Energy via Probabilistic Multi-Spark Dynamics in the Quantum Void","2026","preprint","Shikha Rani; Elias Hale","Zenodo (CERN European Organization for Nuclear Research)","0","True","q3_alps","This paper extends the Vacuum-Spark Hypothesis (VSH) to explain the endogenous genesis of the dark sector through a multi-spark paradigm in the quantum void. Using an exponential probability distribution for spark peak densities, we derive the emergence of dark matter relics (e.g., axion-like particles and sterile neutrinos) from quenched fluctuations and the cosmological constant Λ as a statistical afterglow of metastable domains. The framework resolves the dark matter/energy coincidence withou"
"https://doi.org/10.5281/zenodo.21436281","https://openalex.org/W7170565059","T₇ Matched-Arc CMB Search: a pre-registered test of a Fano-plane cosmic topology on Planck 2018","2026","preprint","J. York Seale","Zenodo (CERN European Organization for Nuclear Research)","0","True","q2_polarization","T₇ Matched-Arc CMB Search — a pre-registered test of a Fano-plane cosmic topology, executed once on Planck 2018. THE PREDICTION AND ITS REGISTRATION. If the spatial topology of the universe is 𝕋₇ — the Klein surface with seven Möbius strips on the Fano frame PG(2,𝔽₂), first homology H₁ = ℤ ⊕ (ℤ/2)³ — the CMB carries seven matched arc pairs at Fano-specific angular separations, with a Stokes-U polarization sign flip under the non-orientable identification (the discriminator no orientable topolo"
"https://doi.org/10.5281/zenodo.19621704","https://openalex.org/W7154725869","Local Physics in a Luneburg Cavity: Resolution of Open Problems via Gravitational Gradient Equivalence","2026","preprint","John Paul Cann","Zenodo (CERN European Organization for Nuclear Research)","0","True","q4_tomography","We demonstrate that nine open problems in the concave cosmos dipole model are resolved by a single result: the Luneburg gradient must be gravitational, not electromagnetic. At the cavity boundary where the observer resides, the metric is exactly Minkowski with corrections 18-50 orders of magnitude below measurement sensitivity. This closes the Foucault pendulum, LIGO, stellar parallax, orbital mechanics, neutrino propagation, and seismic tomography problems simultaneously. The gradient mechanism"
"https://doi.org/10.2139/ssrn.4937608","https://openalex.org/W4401874995","Post-Inflationary Production of Particle Dark Matter:Non-Minimal Natural Inflationary Scenarios","2024","preprint","Anish Ghoshal; Maxim Khlopov; Zygmunt Lalak; Shiladitya Porey","SSRN Electronic Journal","0","True","q3_alps",""
"https://doi.org/10.1117/12.2630091","https://openalex.org/W4285585931","Testing magnetic interference between TES detectors and the telescope environment for future CMB satellite missions","2022","conference-paper","T. Ghigna; Thuong D. Hoang; Takashi Hasebe; Yurika Hoshino; N. Katayama; Kunimoto Komatsu; Adrian T. Lee; T. Matsumura; Y. Sakurai; Shinya Sugiyama; Aritoki Suzuki; Christopher Raum; Ryota Takaku; Benjamin Westbrook","Millimeter, Submillimeter, and Far-Infrared Detectors and Instrumentation for Astronomy XI","0","True","q2_polarization","The two most common components of several upcoming CMB experiments are large arrays of superconductive TES (Transition-Edge Sensor) detectors and polarization modulator units, e.g. continuously-rotating Half-Wave Plates (HWP). A high detector count is necessary to increase the instrument raw sensitivity, however past experiments have shown that systematic effects are becoming one of the main limiting factors to reach the sensitivity required to detect primordial B-modes. Therefore, polarization "
"https://doi.org/10.5281/zenodo.21204545","https://openalex.org/W7167415527","Full-sky CMB temperature topology as evidence for large-scale differential rotation in the early universe","2026","preprint","Gerhard Rambold","Zenodo (CERN European Organization for Nuclear Research)","0","True","q2_polarization","Full-sky CMB temperature topology as evidence for large-scale differential rotation in the early universe — v1.7 reproducibility release The Alysis Coefficient (AC*) is a support-indexed multiscale spatial reconstructibility operator. Applied separately to the Planck PR3 SMICA, NILC, Commander, and SEVEM temperature reconstructions, it produces map-specific scalar response fields that quantify local spatial reconstructibility of the standardized CMB temperature pattern. The analysis proceeds in "
"https://doi.org/10.5281/zenodo.20247281","https://openalex.org/W7161490979","Inflation as ED Diffusion Outpacing ED Production","2026","preprint","Allen Proxmire","Zenodo (CERN European Organization for Nuclear Research)","0","True","q3_alps","Cosmic inflation is recast within the Event Density (ED) program — a 13-primitive generative substrate ontology in the lineage of 't Hooft's cellular-automaton interpretation, Wolfram's Ruliad, and the causal-set program — as the transient post-SCBU substrate sub-regime where diffusion-rate exceeds production-rate, producing the structural transition from the boundary-scale-collapsed state (Paper_ED_CCC §3.6) to the standard individuation regime (Paper_072). Substrate diffusion (Paper_073 DCGT u"
"https://doi.org/10.5281/zenodo.21411400","https://openalex.org/W7169604400","Cosmic Birefringence: A Geometric Prediction from the Tetrahedral Substrate of Spacetime","2026","preprint","ALEJANDRO BERTRAN","Zenodo (CERN European Organization for Nuclear Research)","0","True","q1_birefringence","We present a parameter-free geometric derivation of cosmic birefringence—the rotation of the polarization plane of CMB photons—as a natural consequence of the intrinsic chirality of the tetrahedral spacetime lattice (the Cosmic Mesh). Within this framework, where the fine-structure constant acts as a ""cosmic odometer"" of the lattice’s residual torsional frustration (δ ≈ 2.034), light propagates as a traveling wave of free energy whose polarization vector is guided by the chiral metric background"
"https://doi.org/10.5281/zenodo.21897174","https://openalex.org/W7202247528","From Cosmic Polarization to Earthquake Forecasting: A Unified Framework Bridging the Hubble Tension, Galactic Rotation, and Regional Seismic Precursory Signals","2026","preprint","binggong chang","Zenodo (CERN European Organization for Nuclear Research)","0","True","q2_polarization","We propose a unified framework in which four independent observational anomalies—the Hubble tension ΔH/H₀ ≈ √α, the flatness of galactic rotation curves, the DAMPE satellite’s charge-dependent super-accelerator, and empirically validated 48-hour precursory electromagnetic signals preceding over 600 earthquakes (M≥4.5) in China—are treated as four projections of a single dark-matter polarization dynamics operating at cosmic, galactic, and local scales. The core postulate is that dark matter is a "
"https://doi.org/10.48550/arxiv.2607.02664","https://openalex.org/W7167602143","Limits on global cosmic birefringence using radio sources","2026","preprint","Richard Battye; Neal J Jackson; Ian Browne","arXiv (Cornell University)","0","True","q1_birefringence","We have made measurements of the difference between the position angle (PA) on the sky and the polarization position angle (PPA) of radio sources using data from a combination of the Radio Fundamental Catalogue (RFC) across a range of frequencies between 2.7 and 15~GHz and Cosmic Lens All Sky Survey (CLASS) which observes polarization at 8.4~GHz (X-band). For the 2111 sources with jet PAs measured in the X-band and a known redshift, the distribution is peaked at $\approx 0^{\circ}$ as expected f"
"https://doi.org/10.2139/ssrn.5258781","https://openalex.org/W4411492306","Cosmic Birefringence and the Concept of Spirits, Angels, and Demons","2025","preprint","Ayao Edoh Zanou","SSRN Electronic Journal","0","True","q1_birefringence",""
"https://doi.org/10.22323/1.509.0236","https://openalex.org/W7204089786","Cosmological implications of an Axion-Like Majoron","2026","conference-paper","Antonio J. Cuesta",,"0","True","q3_alps","Recent observations in Physical Cosmology have achieved an exquisite level of quality that allows for a precise determination of model parameters. Besides, the unveiling of cosmological tensions between current datasets has motivated the testing for alternative theories, including those that extend the particle content. In particular, theories beyond the Standard Model of particle physics generally predict the existence of scalar fields whose excitations manifest as axion-like particles (ALPs). "
"https://doi.org/10.5281/zenodo.18817455","https://openalex.org/W7132826741","Information Conservation in Cyclic Cosmology: Entropy Functional Definition, CEFE Weyl–Φ Coupling, and Parity-Odd CMB Signatures""","2026","preprint","Kevin Thorsen Baird","Zenodo (CERN European Organization for Nuclear Research)","0","True","q3_alps","This paper advances a complex scalar field extension of Conformal Cyclic Cosmology (CCC) into a rigorous field-theoretic model, directly addressing three open problems required to formally resolve the Information Paradox across a cosmological singularity. The Three Open Problems Addressed Entropy Functional Definition: The macroscopic entropy rate equation is transitioned into a rigorously quantized entanglement entropy functional for the Φ-field, following the Bombelli–Koul–Lee–Sorkin construct"
"https://doi.org/10.5281/zenodo.22846929","https://openalex.org/W7213642622","Quantitative Definition of Temporal Torque Density and Chronotorsional Holonomy: A QMU Derivation of Organized Five-Dimensional Chronogeometric Structure","2026","preprint","David J. Thomson","Zenodo (CERN European Organization for Nuclear Research)","0","True","q4_tomography","This paper derives temporal-torque density from first principles within the Aether Physics Model (APM) and Quantum Measurement Units (QMU). Paper 1 established temporal torque memory as an organizing principle of cosmic birefringence and introduced a five-dimensional chronogeometric manifold, while Paper 2 developed Aether tomography as an inverse observational framework capable of reconstructing organized temporal-torque domains from residual birefringence maps. The present work develops a QMU-"
,"https://openalex.org/W7154875482","Cosmic birefringence from axion monodromy potential","2021","dissertation","S. Gasparotto","MPG.PuRe (Max Planck Society)","0","False","q1_birefringence",""
"https://doi.org/10.5281/zenodo.18928940","https://openalex.org/W7134281566","Cosmic Birefringence as a Quantum-Geometric Signature of the Universal Field Φ in MRUV Cosmology","2026","preprint","Celso Luiz Prevedello","Zenodo (CERN European Organization for Nuclear Research)","0","True","q1_birefringence","Recent analyses of cosmic microwave background (CMB) polarization data from the Planck satellite report a non-zero rotation of the plane of linear polarisation of primordial radiation, β = 0.30° ± 0.11° (68% C.L.), a phenomenon known as cosmic birefringence. Within the standard ΛCDM framework this effect is not predicted and typically requires additional physics — axion-like pseudo-scalar fields, Chern-Simons couplings, or other parity-violating mechanisms. In this work we propose that cosmic bi"
,"https://openalex.org/W3084122668","Precise Astronomical Polarization Angle Calibration and its Impact on Studying Lorentz and Parity Violation in the Cosmic Microwave Background","2020","dissertation","M. Navaroli","eScholarship (California Digital Library)","0","False","q2_polarization","Precise measurements of the polarization of the Cosmic Microwave Background (CMB) provide a wealth of knowledge regarding fundamental physics and the origins of our universe. We are currently in an era where the CMB polarization B-mode power spectrum is being measured at both small and large angular scales, providing increasingly tighter constraints on both the effects of gravitational lensing and the amount of primordial gravitational waves generated during the epoch of inflation. As we look to"
"https://doi.org/10.17605/osf.io/n48hu","https://openalex.org/W7162256456","Paper 3: Cosmological Tests of the Huaxia Spacetime Total Conservation Theory: CMB Power Spectrum Modification and a Unified Resolution of the Hubble Constant Crisis","2026","preprint","Changxi Hong",,"0","True","q2_polarization","Modern cosmology faces two core tensions: the significant discrepancy between early and late-time measurements of the Hubble constant, and difficulties in explaining large-scale CMB anomalies. We derive a modified CMB temperature power spectrum within the H-SET framework, introducing three key corrections: a slightly higher early-universe speed of light, diffuse space density perturbations as additional source terms for the gravitational potential, and a natural cutoff in the primordial power sp"
"https://doi.org/10.1016/j.physletb.2026.140521","https://openalex.org/W7160634029","Axion-like particle dark matter intensity mapping: A new probe via cross-correlation with galaxy surveys","2026","article","Wen-Qing Guo","Physics Letters B","0","True","q3_alps","The particle nature of dark matter (DM) remains one of the most significant enigmas in modern cosmology. Axion-like particles (ALPs), as well-motivated candidates for cold dark matter, can undergo radiative decay into photon pairs, a process that is significantly enhanced in the presence of ambient radiation fields. In this work, we propose a novel probe of μ eV-scale ALP DM by cross-correlating radio intensity mapping (IM) with the large-scale galaxy distribution from the 2MASS Redshift Survey "
,"https://openalex.org/W4390654718","Snowmass2021 CMB-HD White Paper","2022","conference-paper","Simone Aiola; Akrami, Yashar; Basu, Kaustuv; Boylan-Kolchin, Michael; Brinckmann, Thejs; Bryan, Sean; Casey, Caitlin M.; Chluba, Jens; Clesse, Sebastien; Cyr-Racine, Francis-Yan; Di Mascolo, Luca; Dicker, Simon; Essinger-Hileman, Thomas; Farren, Gerrit S.; Fedderke, Michael A.; Ferraro, Simone; Fuller, George M.; Galitzki, Nicholas; Gluscevic, Vera; Grin, Daniel; Han, Dongwon; Hasselfield, Matthew; Hlozek, Renee; Holder, Gil; Hotinli, Selim C.; Jain, Bhuvnesh; Johnson, Bradley; Johnson, Matthew; Klaassen, Pamela; Macinnis, Amanda; Madhavacheril, Mathew; Mandal, Sayan; Mauskopf, Philip; Meerburg, Daan; Meyers, Joel; Miranda, Vivian; Mroczkowski, Tony; Mukherjee, Suvodip; Munchmeyer, Moritz; Munoz, Julian; Naess, Sigurd; Nagai, Daisuke; Namikawa, Toshiya; Newburgh, Laura; Nguyen, Ho Nam; Niemack, Michael; Oppenheimer, Benjamin D.; Pierpaoli, Elena; Raghunathan, Srinivasan; Schaan, Emmanuel; Sehgal, Neelima; Sherwin, Blake; Simon, Sara M.; Slosar, Anze; Smith, Kendrick; Spergel, David; Switzer, Eric R.; Trivedi, Pranjal; Tsai, Yu-Dai; van Engelen, Alexander; Wandelt, Benjamin D.; Wollack, Edward J.; Wu, Kimmy","HAL (Le Centre pour la Communication Scientifique Directe)","0","True","q3_alps","CMB-HD is a proposed millimeter-wave survey over half the sky that would be ultra-deep (0.5 uK-arcmin) and have unprecedented resolution (15 arcseconds at 150 GHz). Such a survey would answer many outstanding questions about the fundamental physics of the Universe. Major advances would be 1.) the use of gravitational lensing of the primordial microwave background to map the distribution of matter on small scales (k~10 h Mpc^(-1)), which probes dark matter particle properties. It will also allow "
"https://doi.org/10.48550/arxiv.2305.07937","https://openalex.org/W4376652679","Is Cosmic Birefringence model-dependent?","2023","preprint","Lu Yin; Joby P. Kochappan; Tuhin Ghosh; Bum-Hoon Lee","arXiv (Cornell University)","0","True","q1_birefringence","Exciting clues to isotropic cosmic birefringence have recently been detected in the $EB$ cross-power spectra of the polarization data of the cosmic microwave background (CMB). Early Dark Energy (EDE) models with a pseudoscalar field coupled to photons via a Chern-Simons term can be used to explain this phenomenon, and can also potentially be used to simultaneously resolve the $H_0$ tension. In this work we incorporate an early dark energy scalar field, including a Chern-Simons coupling, into an "
"https://doi.org/10.48550/arxiv.2503.18924","https://openalex.org/W4416545266","Interpreting Cosmic Birefringence and DESI Data with Evolving Axion in $Λ$CDM","2025","preprint","Shota Nakagawa; Yuichiro Nakai; Yu-Cheng Qiu; Masaki Yamada","arXiv (Cornell University)","0","True","q1_birefringence","Recent cosmological observations have revealed growing tensions with the standard $Λ$CDM model, including indications of isotropic cosmic birefringence and deviations from $w = -1$ in the dark energy equation of state, as suggested by DESI and supernova measurements. In this paper, we point out that such deviations can arise even from a subdominant energy density component. We then propose a unified framework based on a dynamical axion field that simultaneously accounts for both anomalies, provi"
,"https://openalex.org/W3172744916","Cosmic Acceleration from a Two-Component Dark Matter Superfluid","2020","dissertation","Alexander Christopher Ziegenhorn","NORA - Norwegian Open Research Archives","0","True","q3_alps","We investigate the cosmological implications of a two-component dark matter superfluid as proposed by Ferreira et al. (2019). Through contact interactions between the axion-like particles in these components, a late-time potential dominates the energy content of the universe and leads to vacuum energy-like accelerated expansion. We test this model in three ways: by evolving the Hubble parameter to very late-times, by comparing the luminosity distance to type 1a supernova observations, and by com"
,"https://openalex.org/W7134993013","Detecting Axion-like particles using Cosmic Variance Cancellation with CMB and Radio surveys","2026","preprint","Harsh Mehta; Anaya Dixit; Suvodip Mukherjee; Joseph I. Silk","arXiv (Cornell University)","0","True","q3_alps","Axions and axion-like particles (ALPs) arise naturally in many extensions of the Standard Model and are among the well-motivated candidates for dark matter. In the presence of magnetic fields of galaxy clusters, the Cosmic Microwave Background (CMB) photons can convert to ALPs, with the efficiency of the process governed by the cluster electron density and magnetic field profiles, the photon-ALP coupling strength (${g_{aγ}}$), as well as the frequency ($ν$) of the photon at the redshift of the c"
"https://doi.org/10.7910/dvn/5lvskh","https://openalex.org/W7165149423","Rotation Field of the Cosmic Microwave Background — Phase Model Validation (v1.43)","2026","dataset","Amy Condit","Harvard Dataverse","0","True","q2_polarization","Summary Version 1.43 is a focused, audit-oriented validation release confirming that the large-scale parity anisotropy in the CMB polarization rotation field α(ℓ) is real and does not depend on calibration choice, transfer function construction, or MASTER normalization. A locked α(n̂) map (radians, NSIDE=512) and fixed apodized polarization mask (f_sky ≈ 0.467) are used to compute MASTER-corrected C_L^αα for L = 2–10 (dipole removed). The scalar parity statistic is: T_obs = Σ_even C_L^αα − Σ_odd"
"https://doi.org/10.48550/arxiv.2409.12950","https://openalex.org/W4403748159","Stochastic Axion-like Curvaton: Non-Gaussianity and Primordial Black Holes Without Large Power Spectrum","2024","preprint","Chao Chen; Anish Ghoshal; Gianmassimo Tasinato; Eemeli Tomberg","arXiv (Cornell University)","0","True","q3_alps","We discuss a mechanism of primordial black hole (PBH) formation that does not require specific features in the inflationary potential, revisiting previous literature. In this mechanism, a light spectator field evolves stochastically during inflation and remains subdominant during the post-inflationary era. Even though the curvature power spectrum stays small at all scales, rare perturbations of the field probe a local maximum in its potential, leading to non-Gaussian tails in the distribution of"
"https://doi.org/10.5281/zenodo.19341308","https://openalex.org/W7147094752","Cosmic Birefringence as Fossilized Bandwidth Decay: A Coherence Framework Derivation","2026","preprint","Jason Smith; Charles Borabon","Zenodo (CERN European Organization for Nuclear Research)","0","True","q1_birefringence|q3_alps","We derive cosmic birefringence — the observed ~0.2-0.35 degree rotation of CMB polarization — as a structural consequence of coherence bandwidth decay in the RMAxt framework. The derivation requires no new particles or fields. The mechanism proceeds through two invariants: the Asymmetric Input to Directional Coherence Invariant (any coherent signal traversing a monotonically decaying bandwidth environment must accumulate directional structure) and the Fossilization Invariant (accumulated structu"
"https://doi.org/10.2139/ssrn.7392119","https://openalex.org/W7207699445","Cosmic Birefringence from the Spectre Substrate: A 0.05σ Match at the Conformal Crossover","2026","preprint","Brent Hartshorn","SSRN Electronic Journal","0","True","q1_birefringence",""
"https://doi.org/10.17605/osf.io/esgcb","https://openalex.org/W7162256529","Paper 9: CMB Analytical Verification and Parameter Constraints of the Huaxia Spacetime Total Conservation Theory","2026","preprint","Changxi Hong",,"0","True","q2_polarization","Complete joint constraints on cosmological parameters typically require modified Boltzmann codes and large-scale Markov Chain Monte Carlo sampling, consuming substantial computational resources. We adopt an analytical approximation approach within the H-SET framework to constrain its cosmological parameters, supplemented by the latest 2025 CMB and BAO data. We construct a modulation function parameterizing three key H-SET corrections to the CMB power spectrum: sound horizon expansion, odd-even p"
"https://doi.org/10.48550/arxiv.2509.09472","https://openalex.org/W4417071428","Axion-Photon Conversion in FLRW with Primordial Magnetic Fields: Explaining the Radio Excess","2025","preprint","Setabuddin; Md Riajul Haque; Rajesh Karmakar; Supratik Pal","arXiv (Cornell University)","0","True","q3_alps","We explore the possibility of axion-photon conversion as a common origin of two low-frequency anomalies: the isotropic radio excess (ARCADE2) and the deep global 21-cm absorption trough (EDGES). From the axion-photon action in an FLRW background with primordial magnetic fields (PMFs), we derive the scale-dependent conversion probability including plasma effects. Resonant conversion, arising when the axion mass matches the plasma-induced photon mass, produces soft photons in the MHz-GHz range. By"
"https://doi.org/10.5281/zenodo.22847528","https://openalex.org/W7213622988","Temporal Torque Memory and Galactic-Scale Aether Organization: A Predictive Framework for Cosmic Birefringence","2026","preprint","David J. Thomson","Zenodo (CERN European Organization for Nuclear Research)","0","True","q4_tomography","This paper develops a predictive Aether Physics Model (APM) interpretation of cosmic birefringence as an observable fingerprint of organized five-dimensional chronogeometric structure. The central hypothesis is that Aether units possess temporal torque memory arising from the Singularity bifurcation process. Temporal torque memory is interpreted as persistent chronotorsional orientation, or orientational information, encoded within the Aether structure and expressed through coherent organization"
"https://doi.org/10.48550/arxiv.2609.25202","https://openalex.org/W7214093993","Cosmic Birefringence and Axiogenesis","2026","preprint","Raymond T. Co; Lawrence J. Hall; Keisuke Harigaya; Taegyu Lee","arXiv (Cornell University)","0","True","q1_birefringence","Recent analyses of Planck and ACT CMB data report a $2\text{-}4σ$ hint of isotropic cosmic birefringence ($β\approx 0.3^\circ$), corresponding to a parity-violating rotation of polarization planes that points to potential new physics. We show that both the hint of cosmic birefringence and the observed baryon asymmetry can be simultaneously explained by the rotation of an axion-like field. The minimal setup predicts a positive birefringence angle, consistent with the CMB hint, and matter and kina"
,"https://openalex.org/W7112479540","Cosmological implications of ModMax theory","2025","dissertation","FIUMALBI, MATILDE","Electronic Theses and Dissertations Repository (University of Pisa)","0","False","q3_alps","Inflation has become a crucial paradigm of the standard cosmological model, since it has received great support from the latest observational data by the Planck satellite. According to this scenario, the early Universe underwent an accelerated expansion that could solve some cosmological shortcomings such as the horizon, flatness and entropy problems, and it provides a mechanism to generate primordial cosmological perturbations. The most common way to describe the inflationary era is to use a ca"
"https://doi.org/10.1051/0004-6361/202660054","https://openalex.org/W7158867562","A quantum theory of the alignment and polarization of very small dust grains","2026","article","Boy Lankhaar","Astronomy and Astrophysics","0","True","q2_polarization","Anomalous microwave emission (AME) is a component of interstellar medium emission peaking at ∼10--60,GHz. Its polarization is understood as both a cosmic microwave background (CMB) foreground and a probe of the alignment physics of very small dust grains. We aim to quantify when the purely rotational electric-dipole emission from very small interstellar grains (spinning dust and/or AME) can become measurably polarized, as well as to quantify the related absorption-feature polarization diagnostic"
"https://doi.org/10.48550/arxiv.2310.05827","https://openalex.org/W4387560448","A Leptonic ALP Portal to the Dark Sector","2023","preprint","Giovanni Armando; Paolo Panci; J. M. Weiss; Robert Ziegler","arXiv (Cornell University)","0","True","q3_alps","We discuss the leptonic ALP portal as a simple scenario that connects observed discrepancies in anomalous magnetic moments to the Dark Matter relic abundance. In this framework an axion-like particle in the multi-MeV range couples to SM leptons and a DM fermion, with mass above the ALP mass but below a GeV. The ALP contributes to $(g-2)_μ$ and $(g-2)_e$ dominantly through 2-loop Barr-Zee diagrams, while the DM abundance is generated by $p$-wave annihilation to ALP pairs. Constraints from beam-du"
"https://doi.org/10.5281/zenodo.22116653","https://openalex.org/W7204235985","Universal Hydromechanical Law (UHL): A Rheological Cosmological Medium Reproducing the CMB Spectrum Without Dark Matter or Dark Energy","2026","preprint","Adrian Sobrado Lobato","Zenodo (CERN European Organization for Nuclear Research)","0","True","q2_polarization","This work presents the Unified Hydromechanical Law (UHL), a cosmological model based on the rheology of a continuous medium that replaces dark matter and dark energy with physical properties of space: elasticity, viscosity, accumulated memory, and delayed hysteresis. The model introduces a universal memory kernel K(t) = K0 e^{-t/τ}, from which all rheological parameters of the medium are derived. It is shown that UHL reproduces the angular power spectrum of the Cosmic Microwave Background (CMB),"
"https://doi.org/10.1088/1475-7516/2026/07/099","https://openalex.org/W7170593266","Beyond thermal approximations: precise cosmological bounds on axion-like particles","2026","article","Nicola Barbieri; Luca Caloni; M. Gerbino; Massimiliano Lattanzi; Luca Visinelli","Journal of Cosmology and Astroparticle Physics","0","True","q3_alps","Abstract We derive updated cosmological bounds on light axion-like particles (ALPs) coupled to leptons or photons, using a full phase-space treatment of their production from the primordial thermal plasma. The ALP phase-space distribution, obtained by solving the momentum-dependent Boltzmann equation for the relevant production processes, is consistently propagated into the computation of cosmological observables, allowing us to assess the impact of non-thermal spectral distortions on the effect"
"https://doi.org/10.7910/dvn/byavvr","https://openalex.org/W7165003061","Rotation Field of the Cosmic Microwave Background — MASTER-Calibrated Dipole and Anisotropic Cosmic Birefringence (v1.4)","2026","dataset","Amy Condit","Harvard Dataverse","0","True","q1_birefringence","Summary Version 1.4 presents the fully calibrated large-scale rotation field α(ℓ) derived from Planck 2018 polarization data, applying full MASTER deconvolution to the α–α angular power spectrum. Using EB cross-spectra from SMICA and NILC component-separated maps over multipoles ℓ = 500–1500, the rotation field is decomposed into spherical-harmonic coefficients αₗₘ for L ≤ 10. The dominant dipole (L = 1) points toward Galactic (ℓ, b) ≈ (278°, 18°), consistent across both component-separation met"
"https://doi.org/10.5281/zenodo.18521353","https://openalex.org/W7128305831","The Periodic Table of Elementary Particles","2026","preprint","Dmitry Makaryev; Victor Shcherb","Zenodo (CERN European Organization for Nuclear Research)","0","True","q3_alps","The Periodic Table of Elementary Particles is a Music!https://pteponline.web.app - watch it online.What if all the particles in the universe — their masses, their interactions, even the strength of electromagnetism — come from the shape of a single geometric object? We started with a simple question: can the topology of the 3-sphere S³ (a higher-dimensional analog of the surface of a ball) explain why particles have the masses they do? The answer turned out to be far bigger than we expected. THE"
"https://doi.org/10.5281/zenodo.22684158","https://openalex.org/W7212149267","Which Axion Couplings Admit Heavy-Fermion Completions?","2026","preprint","Mingoo Kim","Zenodo (CERN European Organization for Nuclear Research)","0","True","q3_alps","Which axion couplings can heavy particles generate, and what unavoidable contribution to gauge running does their realization require? This theoretical paper gives an exact answer for specified heavy-fermion classes coupled to the Standard Model gauge group with its Z6 quotient. It determines the full set of three gauge coefficients produced by arbitrarily many coherently wound complex Dirac representations: every response is a nonnegative integer combination of eight basic vectors. Allowing Maj"
"https://doi.org/10.1088/1475-7516/2026/09/002","https://openalex.org/W7134884846","Detecting axion-like particles using cosmic variance cancellation with CMB and radio surveys","2026","article","Harsh Mehta; Anaya Dixit; Suvodip Mukherjee; Joseph I. Silk","Journal of Cosmology and Astroparticle Physics","0","True","q3_alps","Abstract Axions and axion-like particles (ALPs) arise naturally in many extensions of the Standard Model and are among the well-motivated candidates for dark matter. In the presence of magnetic fields of galaxy clusters, the Cosmic Microwave Background (CMB) photons can convert to ALPs, with the efficiency of the process governed by the cluster electron density and magnetic field profiles, the photon-ALP coupling strength ( g aγ ), as well as the frequency ( ν ) of the photon at the redshift of "
"https://doi.org/10.48550/arxiv.2602.11100","https://openalex.org/W7128732948","Beyond thermal approximations: Precise cosmological bounds on Axion-Like Particles","2026","preprint","Nicola Barbieri; Luca Caloni; M. Gerbino; Massimiliano Lattanzi; Luca Visinelli","arXiv (Cornell University)","0","True","q3_alps","We derive updated cosmological bounds on light axion-like particles (ALPs) coupled to leptons or photons, using a full phase-space treatment of their production from the primordial thermal plasma. The ALP phase-space distribution, obtained by solving the momentum-dependent Boltzmann equation for the relevant production processes, is consistently propagated into the computation of cosmological observables, allowing us to assess the impact of non-thermal spectral distortions on the effective numbe"
"https://doi.org/10.48550/arxiv.2405.15538","https://openalex.org/W4399062473","$nπ$ phase ambiguity of cosmic birefringence","2024","preprint","Fumihiro Naokawa; Toshiya Namikawa; Kai Murai; Ippei Obata; Kohei Kamada","arXiv (Cornell University)","0","True","q1_birefringence|q3_alps","We point out that the rotation angle $β$ of cosmic birefringence, which is a recently reported parity-violating signal in the cosmic microwave background (CMB), has a phase ambiguity of $nπ\,(n\in\mathbb{Z})$. This ambiguity has a significant impact on the interpretation of the origin of cosmic birefringence. Assuming an axion-like particle as the origin of cosmic birefringence, this ambiguity can be partly broken by the anisotropic cosmic birefringence and the shape of the CMB angular power spe"
"https://doi.org/10.5281/zenodo.22077653","https://openalex.org/W7204150914","Full-sky CMB temperature topology as evidence for large-scale differential rotation in the early universe","2026","preprint","Gerhard Rambold","Zenodo (CERN European Organization for Nuclear Research)","0","True","q2_polarization","Full-sky CMB temperature topology: reconstructing a previously predicted differential-rotation structure and testing its polarization signature - v1.5 reproducibility release This v1.5 release accompanies the manuscript by Gerhard Rambold, ""Full-sky CMB temperature topology: reconstructing a previously predicted differential-rotation structure and testing its polarization signature"". The analysis applies one frozen multiscale reconstructibility operator (AC*) separately to the Planck PR3 SMICA, "
"https://doi.org/10.48550/arxiv.2208.08101","https://openalex.org/W4301701910","Can primordial parity violation explain the observed cosmic birefringence?","2022","preprint","Tomohiro Fujita; Y. Minami; Maresuke Shiraishi; Shuichiro Yokoyama","arXiv (Cornell University)","0","True","q1_birefringence","Recently, the cross-correlation between $E$- and $B$-mode polarization of the cosmic microwave background (CMB), which is well explained by cosmic birefringence with rotation angle $β\approx 0.3$ deg, has been found in CMB polarization data. We carefully investigate the possibility of explaining the observed $EB$ correlation by the primordial chiral gravitational waves (CGWs), which can be generated in the parity-violating theories in the primordial Universe. We found that the CGWs scenario does"
"https://doi.org/10.48550/arxiv.2607.17500","https://openalex.org/W7169874397","Simultaneous inference of isotropic and anisotropic polarization rotation angles for next-generation cosmic microwave background experiments","2026","preprint","Yue Zhang; Chang Feng; S. X. Li; Filipe B. Abdalla","arXiv (Cornell University)","0","True","q2_polarization|q3_alps","The ultrahigh-sensitivity polarization imaging of the cosmic microwave background (CMB) is a treasure trove for new physics. Searching for a predicted polarization angle rotation known as the cosmic birefringence effect is a pursuit of the next-generation CMB experiments, and this new polarization signal would be important for testing fundamental physics theories. However, such a delicate rotation effect can be confused by different mechanisms including polarized Galactic foregrounds and instrum"
"https://doi.org/10.48550/arxiv.2504.06709","https://openalex.org/W4417246946","Universal profile for cosmic birefringence tomography with radio galaxies","2025","preprint","Fumihiro Naokawa","arXiv (Cornell University)","0","True","q1_birefringence|q4_tomography","We propose a new method to tomographically probe cosmic birefringence using radio galaxies. We show that the redshift evolution of the cosmic birefringence angle induced by a slow-rolling pseudoscalar field, which is a candidate for dynamical dark energy, is independent of the detailed model of the pseudoscalor field. This universal profile evolves predominantly at $z\lesssim10$. In contrast, if the origin is a dark matter-like pseudscalor field, the resulting birefringence angle tends to be neg"
"https://doi.org/10.48550/arxiv.2208.06843","https://openalex.org/W4292102439","Consistency of the string inspired electroweak axion with cosmic birefringence","2022","preprint","Weikang Lin; Tsutomu T. Yanagida","arXiv (Cornell University)","0","True","q1_birefringence","We revisit the constraint from the recently reported cosmic birefringence on axion-like particles with a general decay constant. A particular attention is paid to the naturalness of the model parameter space, which has been overlooked in the literature. We show that the observed cosmic birefringence is naturally explained by the electroweak axion with a string-theory inspired decay constant $F_A\simeq 10^{16}$ GeV."
"https://doi.org/10.5281/zenodo.22188197","https://openalex.org/W7204787939","cosmic_birefringence: Differential polarization calibration for cosmic-birefringence analyses","2026","software","A.I. Lonappan","Zenodo (CERN European Organization for Nuclear Research)","0","True","q1_birefringence","This repository contains the analysis pipeline and companion figure-reproduction notebook for ""Differential Polarization Calibration: A Consistency Test for Cosmic Birefringence"" (Lonappan, Keating & Arnold, 2026, ApJL). Contents:- The cosmic_bire package: the relative-calibration estimator, the gauge-fixed network reconstruction, the Minami-Komatsu likelihood implementation, and the analytic shared-data covariance used to combine the two. This is the full analysis pipeline used to produce the r"
"https://doi.org/10.5281/zenodo.18143899","https://openalex.org/W7118179216","**R⁸ Triadic Bank: A Topological Self-Trapping Explanation of Wave–Particle Duality (Z₄₈→Z₂₄ Projection)**","2026","preprint","Diogenes","Zenodo (CERN European Organization for Nuclear Research)","0","True","q3_alps","We present a reproducible R^8 “triadic bank” framework that connects a discrete internal phase scaffold (refined holonomy Z48 with visible even-subgroup projection Z24) to both (i) a toy origin mechanism for Z144→Z48→Z24 capture/projection signatures and (ii) a real-data, index-locked low-ℓ CMB topology probe using Planck 2018 PR3 SMICA. The scaffold partitions the visible Z24 sectors into eight triads (cosets of Z3 generated by a +8 shift), yielding a stiff triadic rigidity spectrum with sixtee"
"https://doi.org/10.48550/arxiv.2404.13771","https://openalex.org/W4395065260","Exact CMB B-mode power spectrum from anisotropic cosmic birefringence","2024","preprint","Toshiya Namikawa","arXiv (Cornell University)","0","True","q1_birefringence|q3_alps","We calculate the cosmic microwave background (CMB) $B$-mode power spectrum resulting from anisotropic cosmic birefringence, without relying on the thin approximation of the last scattering surface. Specifically, we consider the influence of anisotropic cosmic birefringence arising from massless axion-like particles. Comparing our results to those obtained using the thin approximation, we observe a suppression in the amplitude of the $B$-mode power spectrum by approximately an order of magnitude "
"https://doi.org/10.5281/zenodo.19341309","https://openalex.org/W7146965133","Cosmic Birefringence as Fossilized Bandwidth Decay: A Coherence Framework Derivation","2026","preprint","Jason Smith; Charles Borabon","Zenodo (CERN European Organization for Nuclear Research)","0","True","q1_birefringence|q3_alps","We derive cosmic birefringence — the observed ~0.2-0.35 degree rotation of CMB polarization — as a structural consequence of coherence bandwidth decay in the RMAxt framework. The derivation requires no new particles or fields. The mechanism proceeds through two invariants: the Asymmetric Input to Directional Coherence Invariant (any coherent signal traversing a monotonically decaying bandwidth environment must accumulate directional structure) and the Fossilization Invariant (accumulated structu"
"https://doi.org/10.1103/5j64-ybm5","https://openalex.org/W7165536054","Limits on Global Cosmic Birefringence Using Radio Sources","2026","article","Anonymous; Neal J Jackson; I. W. A. Browne","Physical Review Letters","0","True","q1_birefringence","We have made measurements of the difference between the position angle (PA) on the sky and the polarization position angle (PPA) of radio sources using data from a combination of the Radio Fundamental Catalogue (RFC) across a range of frequencies between 2.7 and 15 GHz and Cosmic Lens All-Sky Survey (CLASS) which observes polarization at 8.4 GHz (X-band). For the 2111 sources with jet PAs measured in the X-band and a known redshift, the distribution is peaked at ≈0° as expected for no birefringe"
"https://doi.org/10.5281/zenodo.20424381","https://openalex.org/W7162628862","CMB Birefringence Field α(n) Anomalies: Planck Legacy Data Correlation, In Vivo Nanoscale Signal Grounding, and Covert Bio-Electronic Weapon Deployment","2026","report","Amy Condit","Zenodo (CERN European Organization for Nuclear Research)","0","True","q2_polarization","Summary This report serves as a public record of the author’s analysis, concerns, and supporting documentation presented in the sections below. # EMERGENCY AUTHOR’S STATEMENT AND THREAT DISCLOSURE Statement by Amy Condit: Revision Note: This version corrects formatting and character-encoding issues, and makes minor factual, technical, and editorial corrections for accuracy and consistency. The substantive scope and purpose of the publication remain unchanged. This disclosure originates with an i"
"https://doi.org/10.48550/arxiv.2301.07971","https://openalex.org/W4317670811","Redshift evolution of cosmic birefringence in CMB anisotropies","2023","preprint","Matteo Galaverni; Fabio Finelli; D. Paoletti","arXiv (Cornell University)","0","True","q1_birefringence|q2_polarization","We study the imprints of a cosmological redshift-dependent pseudoscalar field $ϕ$ on the rotation of cosmic microwave background (CMB) linear polarization generated by a coupling $ ϕF^{μν} \tilde F_{μν}$. We show how either phenomenological or theoretically motivated redshift dependence of the pseudoscalar field, such as those in models of Early Dark Energy, Quintessence or axion-like dark matter, lead to CMB polarization and temperature-polarization power spectra which exhibit a multipole depen"
"https://doi.org/10.5281/zenodo.18347053","https://openalex.org/W7125515060","Vacuum-Spark Hypothesis VI: Endogenous Genesis of Dark Matter and Energy via Probabilistic Multi-Spark Dynamics in the Quantum Void","2026","preprint","Shikha Rani; Elias Hale","Zenodo (CERN European Organization for Nuclear Research)","0","True","q3_alps","This paper extends the Vacuum-Spark Hypothesis (VSH) to explain the endogenous genesis of the dark sector through a multi-spark paradigm in the quantum void. Using an exponential probability distribution for spark peak densities, we derive the emergence of dark matter relics (e.g., axion-like particles and sterile neutrinos) from quenched fluctuations and the cosmological constant Λ as a statistical afterglow of metastable domains. The framework resolves the dark matter/energy coincidence withou"
"https://doi.org/10.5281/zenodo.20753446","https://openalex.org/W7165117617","Temporal Torque Memory and Galactic-Scale Aether Organization: A Predictive Framework for Cosmic Birefringence","2026","preprint","David J. Thomson","Zenodo (CERN European Organization for Nuclear Research)","0","True","q4_tomography","This paper develops a predictive Aether Physics Model (APM) interpretation of cosmic birefringence as an observable fingerprint of organized five-dimensional chronogeometric structure. The central hypothesis is that Aether units possess temporal torque memory arising from the Singularity bifurcation process. Temporal torque memory is interpreted as persistent chronotorsional orientation, or orientational information, encoded within the Aether structure and expressed through coherent organization"
,"https://openalex.org/W7117631840","Implications of Cosmic Birefringence for Multi-Field ALP Dark Matter","2025","preprint","Jialiang Shao; Ippei Obata; Dongdong Zhang","arXiv (Cornell University)","0","True","q1_birefringence|q3_alps","Cosmic birefringence, characterized by the observed rotation of the polarization plane of the cosmic microwave background (CMB) radiation, serves as a critical probe for testing theories beyond the standard cosmological scenario. As a major component of the universe, dark matter plays a pivotal role in cosmic evolution, particularly in the formation of large-scale structures. However, its fundamental nature remains elusive. Axion-like particles (ALPs), as promising dark matter candidates, posses"
"https://doi.org/10.5281/zenodo.22846904","https://openalex.org/W7213618816","Aether Tomography: Residual Cosmic Birefringence as a Probe of Organized Five-Dimensional Chronogeometric Structure","2026","preprint","David J. Thomson","Zenodo (CERN European Organization for Nuclear Research)","0","True","q1_birefringence|q4_tomography","Aether Tomography: Residual Cosmic Birefringence as a Probe of Organized Five-Dimensional Chronogeometric Structure This paper is Paper 2 in the Temporal Torque Memory and Aether Organization series. It develops Aether tomography as an observational framework for interpreting residual cosmic birefringence maps as projections of organized five-dimensional chronogeometric structure. Paper 1 established the five-dimensional chronogeometric coordinate system, \[(x,y,z,\tau_v,\tau_t),\] and proposed "
"https://doi.org/10.5281/zenodo.22045359","https://openalex.org/W7203931075","Cosmic Birefringence from Finite-Response Photon Transport in an Emergent Condensate Superfluid Medium","2026","preprint","Adam Sheldrick","Zenodo (CERN European Organization for Nuclear Research)","0","True","q1_birefringence","Cosmic birefringence is investigated as a finite-response photon-transport effect in the Emergent Condensate Superfluid Medium (ECSM). In a static, non-expanding cosmology, polarization rotation is accumulated through a parity-odd response of the coherent medium following the CMB transparency transition. The framework predicts distinguishable transition and bulk contributions and can be tested through CMB-versus-radio rotation, frequency dependence, anisotropic birefringence, and multipole struc"
"https://doi.org/10.48550/arxiv.2408.08063","https://openalex.org/W4402576572","Constraining Ultralight ALP Dark Matter in Light of Cosmic Birefringence","2024","preprint","Dongdong Zhang; Elisa G. M. Ferreira; Ippei Obata; Toshiya Namikawa","arXiv (Cornell University)","0","True","q1_birefringence|q3_alps","Cosmic birefringence, the observed rotation of the polarization plane of the cosmic microwave background (CMB), serves as a compelling probe for parity-violating physics beyond the Standard Model. This study explores the potential of ultralight axion-like particle (ALP) dark matter to explain the observed cosmic birefringence in the CMB. We focus on the previously understudied mass range of $10^{-25}$ eV to $10^{-23}$ eV, where ALPs start to undergo nonlinear clustering in the late universe. Our"
"https://doi.org/10.48550/arxiv.2601.03925","https://openalex.org/W7119509122","Polarization rotation through differential transmission in refractive CMB telescopes identified using a hybrid physical optics method","2026","preprint","Xiaodong Ren; Rustam Balafendiev; Jon E. Gudmundsson","arXiv (Cornell University)","0","True","q2_polarization","We identify a polarization rotation systematic in the far field beams of refractive cosmic microwave background (CMB) telescopes caused by differential transmission in anti-reflection (AR) coatings of optical elements. This systematic was identified following the development of a hybrid physical optics method that incorporates full-wave electromagnetic simulations of AR coatings to model the full polarization response of refractive systems. Applying this method to a two-lens CMB telescope with n"
"https://doi.org/10.5281/zenodo.21714837","https://openalex.org/W7172025594","Multiscale reconstructibility reveals anisotropic organization relative to a preferred axis in the Planck CMB temperature field","2026","preprint","Gerhard Rambold","Zenodo (CERN European Organization for Nuclear Research)","0","True","q2_polarization","This record provides version 1.3 of “Multiscale reconstructibility reveals anisotropic organization relative to a preferred axis in the Planck CMB temperature field.” The released Planck CMB temperature field is analysed on fixed supports of 3° radius. Within each support, the standardized temperature pattern is reconstructed using the declared 2×2, 3×3, and 4×4 spatial partitions. The resulting bounded supportwise scalar response retains the historical name AC*. The support-indexed values form "
"https://doi.org/10.20944/preprints202604.0264.v2","https://openalex.org/W7152020879","Evidence for Dihedral D₃ Symmetry in the Planck CMB Temperature Anisotropy","2026","preprint","Robert Mereau","Preprints.org","0","True","q2_polarization","We report a statistically significant detection of dihedral D3 symmetry in the Planck PR3 temperature anisotropy data, validated across all four independent component-separation pipelines (SMICA, NILC, SEVEM, Commander). At a single optimized axis (ℓ, b) = (50.3◦, −64.9◦), the power fraction in the A2 (reflection-antisymmetric) irreducible representation exceeds isotropic expectations with a two-tier structure: a dense cluster at l ≤ 15 (Fisher PTE = 4.2 × 10−3 to 1.2 × 10−2 across maps), driven"
"https://doi.org/10.5281/zenodo.21599310","https://openalex.org/W7171325106","Investigations into an unobserved photonic law of nature: Quantitative Observational Bounds from the CMB: Constraining Torsional Anomaly Inflow (Paper V)","2026","article","peter de ceuster","Zenodo (CERN European Organization for Nuclear Research)","0","True","q2_polarization","Following the mathematical and geometric architecture established in the preceding papersof the Topological Emergence program, we extract parametric phenomenological boundsfrom astrophysical data. Assuming that the four-dimensional classical vacuum is a topologically protected boundary state of a Riemann-Cartan bulk, the resulting torsional anomalyinflow predicts parity-violating macroscopic signatures. The most distinct of these is topological vacuum birefringence—an effective rotation of the p"
"https://doi.org/10.5281/zenodo.20754696","https://openalex.org/W7165357554","Aether Tomography: Residual Cosmic Birefringence as a Probe of Organized Five-Dimensional Chronogeometric Structure","2026","preprint","David J. Thomson","Zenodo (CERN European Organization for Nuclear Research)","0","True","q1_birefringence|q4_tomography","Aether Tomography: Residual Cosmic Birefringence as a Probe of Organized Five-Dimensional Chronogeometric Structure This paper is Paper 2 in the Temporal Torque Memory and Aether Organization series. It develops Aether tomography as an observational framework for interpreting residual cosmic birefringence maps as projections of organized five-dimensional chronogeometric structure. Paper 1 established the five-dimensional chronogeometric coordinate system, \[(x,y,z,\tau_v,\tau_t),\] and proposed "
"https://doi.org/10.48550/arxiv.2506.22999","https://openalex.org/W4416615374","Resolving the negative effective neutrino mass parameter with cosmic birefringence","2025","preprint","Toshiya Namikawa","arXiv (Cornell University)","0","True","q1_birefringence|q3_alps","The recent measurement of baryonic acoustic oscillations by the Dark Energy Spectroscopic Instrument reveals a mild tension with observations of the cosmic microwave background (CMB) within the standard $Λ$CDM cosmological model. This discrepancy leads to a preference for a total neutrino mass that is lower than the minimum value inferred from neutrino oscillation experiments. Alternatively, this tension can be eased within $Λ$CDM by assuming a higher optical depth ($τ\simeq 0.09$), but such a v"
"https://doi.org/10.48550/arxiv.2509.13654","https://openalex.org/W4416254726","Cosmic Birefringence from the Atacama Cosmology Telescope Data Release 6","2025","preprint","P. Diego-Palazuelos; Eiichiro Komatsu","arXiv (Cornell University)","0","True","q1_birefringence","The polarized light of the cosmic microwave background is sensitive to new physics that violates parity symmetry. For example, the interaction of photons with the fields of elusive dark matter and dark energy could cause a uniform rotation of the plane of linear polarization across the sky, an effect known as cosmic birefringence. We extract the cosmological rotation angle, $β$, using Bayesian analysis of parity-violating correlations, $EB$ and $TB$, of polarization data from the Atacama Cosmolo"
"https://doi.org/10.5281/zenodo.21905669","https://openalex.org/W7202263500","Geodesic Line-of-Sight Tension: A Gravitational Interpretation of the Density-Weighted Ariza Length","2026","preprint","ALBERTO MARIO ARIZA DE AVILA","Zenodo (CERN European Organization for Nuclear Research)","0","True","q3_alps","The density-weighted Ariza length (L_A,ρ ≡ T_LOS), introduced in Papers VIII–X of the AGL series, was originally defined as a phenomenological ranking criterion to order lines of sight (LOS) through the cosmic web according to their sensitivity to the intergalactic magnetic field (IGMF) and photon–axion-like particle (ALP) conversion: T_LOS ≡ L_A,ρ = ∑ [ |δn_l,i| / 0.654 ] × 2 √( R_v,i² − b_i² ) [Mpc] In this paper, we demonstrate that L_A,ρ admits a deeper relativistic interpretation within the"
"https://doi.org/10.1088/1475-7516/2026/02/003","https://openalex.org/W4417414869","Systematic effect induced by misalignment in a reflective polarization modulator for CMB, and application to the LiteBIRD case","2026","article","S. Stellati; F. Piacentini; S. Micheli; A. Novelli; F. Columbro; A. Coppolecchia; P. de Bernardis; G. Pisano; S. Masi; M. Najafi; A. Occhiuzzi; L. Pagano; A Paiella","Journal of Cosmology and Astroparticle Physics","0","True","q2_polarization","Abstract The LiteBIRD mission aims to measure the Cosmic Microwave Background (CMB) polarization with unprecedented precision to detect primordial B modes and constrain the tensor-to-scalar ratio r . A key component of LiteBIRD are the polarization modulators, based on Half-Wave Plates (HWP). In this work, we study the systematic effects caused by a constant misalignment between the HWP's rotation axis and optical axis, in case of a reflective HWP, when the misalignment is small and thus not cor"
"https://doi.org/10.21468/scipost.report.2689","https://openalex.org/W4205688556","Report on 2012.11584v2","2021","peer-review","Wolfram Ratzinger; Pedro Schwaller; Ben A. Stefanek",,"0","True","q3_alps","In this work, we present a lattice study of an axion -dark photon system in the early Universe and show that the stochastic gravitational wave (GW) background produced by this system may be probed by future GW experiments across a vast range of frequencies.The numerical simulation on the lattice allows us to take into account nonlinear backreaction effects and enables us to accurately predict the final relic abundance of the axion or axion-like particle (ALP) as well as its inhomogeneities, and "
"https://doi.org/10.48550/arxiv.2409.18588","https://openalex.org/W4403798942","Generation of the CMB cosmic Birefringence through Axion-like particles, Sterile and Active neutrinos","2024","preprint","S. Mahmoudi; Mahdi Sadegh; Jafar Khodagholizadeh; Iman Motie; She-Sheng Xue; Alain Blanchard","arXiv (Cornell University)","0","True","q1_birefringence|q2_polarization|q3_alps","The cosmic birefringence (CB) angle refers to the rotation of the linear polarization plane of Cosmic Microwave Background (CMB) radiations when parity-violating theories are considered. We analyzed the Quantum Boltzmann equation for an ensemble of CMB photons interacting with the right-handed sterile neutrino dark matter (DM) and axion-like particles (ALPs) DM in the presence of the scalar metric perturbation. We used the birefringence angle of CMB to study those probable candidates of DM. It i"
"https://doi.org/10.5281/zenodo.22116652","https://openalex.org/W7204263293","Universal Hydromechanical Law (UHL): A Rheological Cosmological Medium Reproducing the CMB Spectrum Without Dark Matter or Dark Energy","2026","preprint","Adrian Sobrado Lobato","Zenodo (CERN European Organization for Nuclear Research)","0","True","q2_polarization","This work presents the Unified Hydromechanical Law (UHL), a cosmological model based on the rheology of a continuous medium that replaces dark matter and dark energy with physical properties of space: elasticity, viscosity, accumulated memory, and delayed hysteresis. The model introduces a universal memory kernel K(t) = K0 e^{-t/τ}, from which all rheological parameters of the medium are derived. It is shown that UHL reproduces the angular power spectrum of the Cosmic Microwave Background (CMB),"
"https://doi.org/10.5281/zenodo.20467339","https://openalex.org/W7162857966","XLG-Eccentric Collision Cosmology (ECC): A New Paradigm for the Origin of the Universe – From Impact Moment to CMB Signatures","2026","preprint","Lingguang Xu","Zenodo (CERN European Organization for Nuclear Research)","0","True","q2_polarization","This paper proposes Eccentric Collision Cosmology (ECC), a new paradigm for the origin of the universe. The universe does not originate from a spacetime singularity, but from the high-speed eccentric collision of two primordial KuiQuark spheres with an impact ratio of ε=1/137. **Core predictions:**- CMB concentric ring structures (Penrose candidate observations)- Global cosmic rotation (β=1/137 rad) inducing CMB B-mode polarization- Large-scale parity violation (galactic handedness, 2.9σ-7σ)- Sp"
"https://doi.org/10.21468/scipostphys.11.1","https://openalex.org/W7118405743",,"2021","paratext","","SciPost Physics","0","True","q3_alps","In this work, we present a lattice study of an axion -dark photon system in the early Universe and show that the stochastic gravitational wave (GW) background produced by this system may be probed by future GW experiments across a vast range of frequencies.The numerical simulation on the lattice allows us to take into account non-linear backreaction effects and enables us to accurately predict the final relic abundance of the axion or axion-like particle (ALP) as well as its inhomogeneities, and"
"https://doi.org/10.48550/arxiv.2212.06739","https://openalex.org/W4311558006","Higgs-dilaton model revisited: can dilaton act as QCD axion?","2022","preprint","Aleksandr I. Belokon; Anna Tokareva","arXiv (Cornell University)","0","True","q3_alps","The Standard Model Lagrangian has an approximate scale symmetry in the high-energy limit. This observation can be included in the fundamental principle of the ultimate theory of Nature as the requirement of the exact quantum scale invariance. In this setup, all low-energy particle phenomenology can be obtained as a result of the spontaneous breaking of scale symmetry leading to the presence of the extra massless scalar field -- the dilaton. We explore the scenario in which this field is capable "
"https://doi.org/10.5281/zenodo.19140046","https://openalex.org/W7139961097","Analysis of Quadrupole–Octopole Structure in Low-Multipole CMB Anisotropies: Evidence of a Directional Axis of Alignment","2026","article","William Arthur","Zenodo (CERN European Organization for Nuclear Research)","0","True","q2_polarization","Large-scale anomalies in the cosmic microwave background (CMB), particularly the quadrupole–octopole alignment often referred to as the “axis of evil,” have remained a subject of debate since their identification in WMAP and Planck datasets. These features are typically treated as statistical curiosities or possible systematic artifacts, with no consensus regarding their physical significance. This work proposes a structured reinterpretation of these anomalies as potentially bounded, non-random "
"https://doi.org/10.1088/1475-7516/2026/08/008","https://openalex.org/W4416026373","Study the nature of dynamical dark energy by measuring the CMB polarization rotation angle","2026","article","Hua Zhai; Siyu Li; Yang Liu; Yiwei Zhong; Hong Li; Yaqiong Li; Congzhan Liu; Mingzhe Li; Xinmin Zhang","Journal of Cosmology and Astroparticle Physics","0","True","q2_polarization","Abstract Recent results from the Dark Energy Spectroscopic Instrument (DESI) support the dynamical dark energy. Intriguingly, the data favor a transition of the dark energy equation of state across w = -1, a hallmark of the Quintom scenario. In this paper, we consider a different approach to the dynamical nature of dark energy by investigating its interaction with ordinary matters, specifically the Chern-Simons (CS) interaction with photons. In cosmology, this interaction rotates the polarized p"
"https://doi.org/10.5281/zenodo.20788912","https://openalex.org/W7165473192","Filamentary Chronogeometry and Large-Scale Aether Organization: A Predictive Theory of Temporal-Torque Corridors and Cosmic Filament Structure","2026","preprint","David J. Thomson","Zenodo (CERN European Organization for Nuclear Research)","0","True","q4_tomography","This paper extends the Temporal Torque Memory and Aether Organization series from numerical reconstruction methods to predictive physical cosmology. A temporal-torque density field, $\Omega_t(\mathbf{x})$, is introduced as an emergent macroscopic order parameter describing organized five-dimensional chronogeometric memory within the Aether. Gradients of this field generate preferred transport pathways that naturally organize into filamentary corridors. Cosmic filaments are interpreted as integra"
,"https://openalex.org/W3107629919","Cosmic Birefringence from the Scale-Symmetric Theory","2020","preprint","Sylwester Kornowski","viXra","0","False","q1_birefringence","Here we show that the rotation of the CMB linear polarization is the result of the electromagnetic interaction of photons with the rotating electric charges of electrons."
"https://doi.org/10.5281/zenodo.20321179","https://openalex.org/W7161985034","Shared-Pseudoscalar Spontaneous Baryogenesis and Cosmic Birefringence","2026","preprint","Gabriel King","Zenodo (CERN European Organization for Nuclear Research)","0","True","q1_birefringence","This record contains the v0.1 draft manuscript and reproducibility materials for expert review. This work studies a same-field target in which a rolling pseudoscalar ϑ(t)\vartheta(t)ϑ(t) sources baryogenesis through a derivative coupling to a physically broken B−LB-LB−L current and sources cosmic birefringence through a coupling to electromagnetism. The central relation is that baryogenesis measures pseudoscalar velocity, while birefringence measures pseudoscalar displacement. The benchmark TB_P"
"https://doi.org/10.5281/zenodo.22933217","https://openalex.org/W7214153405","Axion Sea Dark Energy × Cosmic Birefringence","2026","preprint","huayong zhang","Zenodo (CERN European Organization for Nuclear Research)","0","True","q1_birefringence","Direct TranslationThis theory attempts to communicate with the old paradigm through the v20.7 dynamics equation (ODE). Numerical verification of the coupled χ-ϕ ODE integrates from z=100 to z=0, with initial conditions ϕ=2.5 and χ=3.0. Driven by the 𝒮twist Gaussian pulse (zp=22, σp=4), ϕ spontaneously bounces from 2.5 to 0.518, with the bounce center at approximately z=14.5. ϕ(z) returns to a unified state (ϕ≈0.55, Geff≈1.008) at z>80, ensuring consistency with the early universe and the ΛCDM m"
"https://doi.org/10.48550/arxiv.2607.12446","https://openalex.org/W7168371691","Measuring Ultralight-Axion Coherence with Galaxy Polarization Correlations","2026","preprint","Yasuo Doi","arXiv (Cornell University)","0","True","q2_polarization|q3_alps","Ultralight axion-like particles coupled to photons rotate the linear polarization of distant sources. We propose using the three-dimensional two-point correlation of galaxy polarization-rotation angles to measure not only the amplitude of this birefringence field but also its spatial coherence scale. For a nonrelativistic ALP component with an isotropic Gaussian velocity distribution, the equal-time field correlation has an $e^{-1}$ scale $L_{\rm G}^{\rm phys}=\sqrt{6}/(m_a v_a)$, where $v_a$ is"
"https://doi.org/10.5281/zenodo.21392357","https://openalex.org/W7169118264","Cosmic Birefringence: A Geometric Prediction from the Tetrahedral Substrate of Spacetime","2026","preprint","ALEJANDRO BERTRAN","Zenodo (CERN European Organization for Nuclear Research)","0","True","q1_birefringence","We present a parameter-free geometric derivation of cosmic birefringence—the rotation of the polarization plane of CMB photons—as a natural consequence of the intrinsic chirality of the tetrahedral spacetime lattice (the Cosmic Mesh). Within this framework, where the fine-structure constant acts as a ""cosmic odometer"" of the lattice’s residual torsional frustration (δ ≈ 2.034), light propagates as a traveling wave of free energy whose polarization vector is guided by the chiral metric background"
"https://doi.org/10.5281/zenodo.20533445","https://openalex.org/W7163372500","RDG Cosmology: Pre-Registered Chiral Polarization Predictions for the LiteBIRD Mission","2026","preprint","Raymundo Abad","Zenodo (CERN European Organization for Nuclear Research)","0","True","q2_polarization","### Summary of Pre-Registered Chiral Polarization PredictionThis document establishes a pre-registered, falsifiable cosmological prediction regarding primordial Cosmic Microwave Background (CMB) polarization ($TB$ and $EB$ angular cross-correlation power spectra). This prediction is explicitly filed before the release of data from the upcoming LiteBIRD satellite mission (scheduled for launch in the early 2030s) to guarantee that the logical and geometric commitments of the framework precede empi"
"https://doi.org/10.5281/zenodo.20798552","https://openalex.org/W7165542032","Temporal-Torque Evolution and the Dynamics of Filamentary Chronogeometry: A Predictive Theory of Chronogeometric Growth, Domain Evolution, and Cosmic-Web Memory","2026","preprint","David J. Thomson","Zenodo (CERN European Organization for Nuclear Research)","0","True","q4_tomography","This paper extends the temporal-torque memory series into a dynamical theory of chronogeometric evolution. Building on the earlier development of temporal memory, Aether tomography, quantitative definition, numerical reconstruction, and filamentary chronogeometry, the paper treats temporal-torque density, $\Omega_t(\mathbf{x},t)$, and chronotorsional holonomy, $\tau_t(\mathbf{x},t)$, as coupled time-dependent order parameters governing the growth, transport, reconnection, relaxation, and persist"
"https://doi.org/10.5281/zenodo.19205530","https://openalex.org/W7140176213","Dimensional Projection Kinematics: A Unified Geometric Perspective on the Hubble Tension, MOND, and Cosmic Birefringence","2026","preprint","Dante Fabian","Zenodo (CERN European Organization for Nuclear Research)","0","True","q1_birefringence","We propose a set of geometric correspondences relating three primary anomalies in standard ΛCDM cosmology: the Hubble Tension, the Milgromian acceleration scale (a0), and Cosmic Birefringence (β). We assume that macroscopic cosmic expansion can be effectively modeled as lower-dimensional kinematic flows; all results are derived from this assumption using standard geometric and flux-projection arguments. We show that projecting a 1D kinematic flow onto a 3D spherical measurement domain mathematic"
"https://doi.org/10.48550/arxiv.2605.05906","https://openalex.org/W7160631459","Axion-Like Particle Dark Matter Intensity Mapping: A New Probe via Cross-Correlation with Galaxy Surveys","2026","preprint","Wen-Qing Guo","arXiv (Cornell University)","0","True","q3_alps","The particle nature of dark matter (DM) remains one of the most significant enigmas in modern cosmology. Axion-like particles (ALPs), as well-motivated candidates for cold dark matter, can undergo radiative decay into photon pairs, a process that is significantly enhanced in the presence of ambient radiation fields. In this work, we propose a novel probe of $μ{\rm eV}$-scale ALP DM by cross-correlating radio intensity mapping (IM) with the large-scale galaxy distribution from the 2MASS Redshift "
"https://doi.org/10.5281/zenodo.22750886","https://openalex.org/W7213213680","Deterministic Resolution of the 300-TeV Photon Opacity Anomaly (GRB 221009A) via Vacuum Condensate Dynamics (VCDM)","2026","preprint","Reiner Entzminger","Zenodo (CERN European Organization for Nuclear Research)","0","True","q3_alps","Recent observations of ultra-high-energy (UHE) photons—most notably the ~300 TeV event associated with GRB 221009A—challenge standard gamma-ray attenuation models. Under conventional quantum electrodynamics (QED) and standard cosmological background radiation fields (EBL/CMB), photons at these energies should suffer severe pair-production absorption (gamma + gamma -> e+ + e-) over intergalactic distances. Existing theoretical attempts to reconcile these observations rely heavily on phenomenologi"
"https://doi.org/10.5281/zenodo.18957651","https://openalex.org/W7134944826","Analytical Supplement: Parallel Transport of the Polarization Vector in the IKBL Framework and the Derivation of Topological Birefringence.","2026","article","Eddie Chin","Zenodo (CERN European Organization for Nuclear Research)","0","True","q4_tomography","This supplement provides the first-principles derivation of achromatic topological birefringence within the Iterated Klein Bottle Lattice (IKBL) framework. By distinguishing between the torsion-immune electromagnetic field strength (F_μν) and the torsion-sensitive parallel transport of the polarization vector (Aᵘ), we resolve the apparent 'Nieh-Yan Paradox.' We derive a frequency-independent rotation of β_int ≈ 31.5° per junction, providing a unique observational signature for non-orientable cos"
"https://doi.org/10.48550/arxiv.2502.07654","https://openalex.org/W4407425762","Planck PR4 (NPIPE) map-space cosmic birefringence","2025","preprint","Raelyn Marguerite Sullivan; Arefe Abghari; P. Diego-Palazuelos; L. T. Hergt; Douglas Scott","arXiv (Cornell University)","0","True","q1_birefringence","Cosmic birefringence is an effect where the plane of polarisation of the cosmic microwave background (CMB) is rotated by an angle $β$ through coupling to a hypothetical parity-violating field. We analyse the Planck Public Release 4 (PR4 or NPIPE) data using a map-space analysis method and find $β=0.46^\circ\pm 0.04^\circ(\mathrm{stat.})\pm0.28^\circ(\mathrm{syst.})$ for SEVEM CMB maps and $β=0.48^\circ\pm 0.04^\circ(\mathrm{stat.})\pm 0.28^\circ(\mathrm{syst.})$ for Commander CMB maps. These val"
"https://doi.org/10.5281/zenodo.19860590","https://openalex.org/W7156991103","Covariant informational gravity as a falsifiable effective-source model: gravitational-wave and CMB null tests","2026","preprint","Ren Maxwell Chen","Zenodo (CERN European Organization for Nuclear Research)","0","True","q2_polarization","Covariant informational gravity as a falsifiable effective-source model: gravitational-wave and CMB null tests This manuscript introduces Covariant Informational Gravity (CIG) as a weak-coupling, diffeomorphism-invariant effective-source framework for testing whether coarse-grained informational structure can contribute measurably to spacetime dynamics. The model defines a normalized informational scalar field, Φ(x) = −ln[ρ(x)/ρ*], and derives an effective rank-two informational source from a sy"
"https://doi.org/10.22323/1.454.0017","https://openalex.org/W4391995028","Photon to axion conversion during BBN","2024","conference-paper","Marco Masip",,"0","True","q3_alps","We discuss the cosmology of an axion-like particle associated to the generation of neutrino masses: an axion-like majoron or ALM. In particular, we consider the possibility that at the end of BBN a fraction of the CMB photons converts into majorons that then decay into neutrinos during recombination. We show that this could define an interesting variation of the $\Lambda$CDM model where (i) the increase in $N_{eff}$ relaxes the so called $H_0$ tension; (ii) the larger baryon to photon ratio afte"
"https://doi.org/10.5281/zenodo.20788913","https://openalex.org/W7165491006","Filamentary Chronogeometry and Large-Scale Aether Organization: A Predictive Theory of Temporal-Torque Corridors and Cosmic Filament Structure","2026","preprint","David J. Thomson","Zenodo (CERN European Organization for Nuclear Research)","0","True","q4_tomography","This paper extends the Temporal Torque Memory and Aether Organization series from numerical reconstruction methods to predictive physical cosmology. A temporal-torque density field, $\Omega_t(\mathbf{x})$, is introduced as an emergent macroscopic order parameter describing organized five-dimensional chronogeometric memory within the Aether. Gradients of this field generate preferred transport pathways that naturally organize into filamentary corridors. Cosmic filaments are interpreted as integra"
"https://doi.org/10.31526/acp.bsm-2023.2","https://openalex.org/W4392972995","CMB and Lyman-α constraints on dark matter decays to photons","2023","article","Dipartimento di Scienze Fisiche e Chimiche, Universita degli Studi dell’Aquila, 67100 L’Aquila, Italy; Francesco Capozzi; Instiuto Nazionale di Fisica Nucleare (INFN), Laboratori Nazionali del Gran Sasso, 67100 Assergi (AQ), Italy; Ricardo Z. Ferreira; Laura Lopez-Honorez; Olga Mena","Letters in High Energy Physics","0","True","q3_alps","We improve the CMB bounds on sub-keV dark matter and extend previous bounds from Lyman-α observations to the same mass range, resulting in new and competitive constraints on axion-like particles (ALPs) decaying into two photons."
"https://doi.org/10.48550/arxiv.2206.01635","https://openalex.org/W4289137938","Planck constraints on cross-correlations between anisotropic cosmic birefringence and CMB polarization","2022","preprint","Marco Bortolami; M. Billi; ALESSANDRO GRUPPUSO; Natoli, Paolo; L. Pagano","arXiv (Cornell University)","0","True","q1_birefringence|q2_polarization","Cosmic Birefringence (CB) is the in-vacuo rotation of the linear polarization direction of photons during propagation, caused by parity-violating extensions of Maxwell electromagnetism. We build low resolution CB angle maps using Planck Legacy and NPIPE products and provide for the first time estimates of the cross-correlation spectra $C_L^{αE}$ and $C_L^{αB}$ between the CB and the CMB polarization fields. We also provide updated CB auto-correlation spectra $C_L^{αα}$ as well as the cross-corre"
,"https://openalex.org/W7165232814","v1.0 — Scale‑Dependent & Anisotropic Cosmic Birefringence: 8.5σ Isotropic and 4–5σ Directional Rotation","2026","preprint","Amy Condit","OSF Preprints (OSF Preprints)","0","True","q2_polarization","Scale-Dependent and Anisotropic Cosmic Birefringence: 8.5σ Isotropic and 4–5σ Directional Rotation in Planck Polarization Data (v1.0) Summary This study investigates scale-dependent and anisotropic cosmic birefringence using Planck 2018 SMICA and NILC component-separated polarization maps over the multipole range ℓ = 500–1500. Linearized EB estimators, together with a quantitative q-mask (fsky ≈ 0.467), are used to measure polarization-rotation angles as a function of angular scale and to evalua"
"https://doi.org/10.5281/zenodo.21977963","https://openalex.org/W7203642915","The Unseen Sky","2026","article","Zen Revista; 10 ASTRO","Zenodo (CERN European Organization for Nuclear Research)","0","True","q3_alps","A sustained argument that contemporary cosmology has entered a state of Kuhnian crisis. The ΛCDM model, the dominant paradigm for forty years, is failing to accommodate a convergent multiplicity of independent empirical anomalies: the five-sigma Hubble tension, the S8 tension, the persistent non-detection of particle dark matter, DESI’s hints of evolving dark energy, JWST’s early-galaxy surprises, the cosmic birefringence signal, and a constellation of CMB anisotropy anomalies. The monograph dev"
"https://doi.org/10.5281/zenodo.19140045","https://openalex.org/W7139912650","Analysis of Quadrupole–Octopole Structure in Low-Multipole CMB Anisotropies: Evidence of a Directional Axis of Alignment","2026","article","William Arthur","Zenodo (CERN European Organization for Nuclear Research)","0","True","q2_polarization","Large-scale anomalies in the cosmic microwave background (CMB), particularly the quadrupole–octopole alignment often referred to as the “axis of evil,” have remained a subject of debate since their identification in WMAP and Planck datasets. These features are typically treated as statistical curiosities or possible systematic artifacts, with no consensus regarding their physical significance. This work proposes a structured reinterpretation of these anomalies as potentially bounded, non-random "
"https://doi.org/10.5281/zenodo.22009757","https://openalex.org/W7203759409","internationalmanager-creator/LAB_BOOK_THU-TBEA-V4: Atlas THU","2026","software","Erick Duque","Zenodo (CERN European Organization for Nuclear Research)","0","True","q4_tomography","THU‑TBEA v4.1 — Helical Axial Torsion in Riemann–Cartan Cosmology Release date: 2026-08-19 DOI (Zenodo): 10.5281/zenodo.21608282 License: CC‑BY‑4.0 (thesis) & MIT (code) Author: Erick Duque (Independent Researcher, Trujillo, Venezuela) 📘 Overview This repository contains the complete source code, numerical data, and LaTeX source files for the doctoral thesis: Helical Axial Torsion in Riemann–Cartan Cosmology: Mathematical Foundations, Phenomenology, and Systematic Falsifiability (2024–2026) — U"
,"https://openalex.org/W7159734067","A quantum theory of the alignment and polarization of very small dust grains","2026","preprint","Boy Lankhaar","arXiv (Cornell University)","0","True","q2_polarization","Context. Anomalous microwave emission (AME) is a component of interstellar medium emission peaking at 10-60 GHz. Its polarization is both a CMB foreground and a probe of the alignment physics of very small dust grains. Aims. We quantify when the purely rotational electric-dipole emission from very small interstellar grains (spinning dust/AME) can become measurably polarized, and we quantify related UV/optical/IR polarization diagnostics. Methods. We develop a quantum-mechanical symmetric-top mod"
"https://doi.org/10.1051/epjconf/202635301013/pdf","https://openalex.org/W7130958402","Improved Absolute Polarization Calibrator for BICEP CMB Polarimeters","2026","article","A. R. Polish; P. A. R. Ade; Z. Ahmed; M. Amiri; D. Barkats; R. Basu Thakur; C. A. Bischoff; D. Beck; J. J. Bock; H. Boenish; V. Buza; B Cantrall; J. R. Cheshire IV; J. Connors; J. Cornelison; M. Crumrine; A. J. Cukierman; E. V. Denison; L. Duband; M. A. Echter; M. Eiben; B. D. Elwood; S. Fatigoni; J. P. Filippini; A. Fortes; M. Gao; C. Giannakopoulos; N. Goeckner-Wald; D. C. Goldfinger; S. Gratton; J. A. Grayson; A. Greathouse; P. K. Grimes; G. Hall; G. Halal; M. Halpern; E. Hand; S. A. Harrison; S. A. Henderson; T. D. Hoang; J. Hubmayr; H. Hui; K. D. Irwin; J. H. Kang; K. S. Karkare; S. Kefeli; J. M. Kovac; C. Kuo; K. Lasko; K. K. Lau; M. Lautzenhiser; A. Lennox; T. Liu; S. Mackey; N. Maher; K. G. Megerian; L. Minutolo; L. Moncelsi; Y. Nakato; H. T. Nguyen; R. O'Brient; S. N. Paine; A. Patel; M. A. Petroff; T. Prouvé; C. Pryke; C. D. Reintsema; T. Romand; M. Salatino; A. Schillaci; B. Schmitt; B Singari; A. Soliman; T. St Germaine; A. Steiger; B. Steinbach; R. Sudiwala; K. L. Thompson; C. Tsai; C. Tucker; A. D. Turner; C. Vergès; A. G. Vieregg; A. Wandui; A. C. Weber; J. Willmert; W. L. K. Wu; H. Yang; C. Yu; L. Zheng; C. Zhang; S. Zhang","Springer Link (Chiba Institute of Technology)","0","False","q2_polarization","Cosmic birefringence is a hypothesized parity violation in electromagnetism that predicts a frequency-independent polarization rotation as light propagates. This would rotate the light from the Cosmic Microwave Background, producing an unexpected EB correlation. However, cosmic birefringence angle is degenerate with instrument polarization angle, and breaking this degeneracy requires an absolute polarization calibration. We calibrate the BICEP3 telescope (a 95GHz CMB polarimeter) by observing a "
"https://doi.org/10.21203/rs.3.rs-6564112/v1","https://openalex.org/W4410178086","A chemically etched D-band waveguide orthomode transducer for CMB measurements","2025","preprint","Elenia Manzan; ANIELLO MENNELLA; Francesco Cavaliere; C. Franceschet; S. Mandelli; Filippo Montonati; M. Zannoni; P. de Bernardis; Marco Bersanelli; Enea Boria; Nicola Brancadori; A. Coppolecchia; Massimo Gervasi; Luca Lamagna; Andrea Limonta; Silvia Masi; A. Paiella; Andrea Passerini; F. Pezzotta; F. Piacentini; E. Tommasi; Daniele Viganò; Angela Volpe","Research Square","0","True","q2_polarization",""
"https://doi.org/10.5281/zenodo.22177961","https://openalex.org/W7204719565","PUH Theorem 354 (The Constraint Does Not Reach the Prediction) — ACT DR6 Reconstructs Anisotropic Birefringence from L = 15 Upward Against a Scale-Invariant Axion Template, While a Rebound Axis Is a Dipole at L = 1 and a Global Handedness Is the Monopole the Analysis Subtracts as a Systematic","2026","preprint","Brian Martell","Zenodo (CERN European Organization for Nuclear Research)","0","True","q3_alps","Photonic Universe Hypothesis (PUH) — Positioning Note. THE MEASUREMENT. Kramer et al. (arXiv:2608.27458) constrain two secondary CMB anisotropies with ACT DR6: anisotropic screening from Thomson scattering off free electrons, and cosmic birefringence, the rotation of CMB polarisation by parity-violating physics beyond the standard model. BOTH ARE NULL. Anisotropic birefringence: A_CB = 0.05 ± 0.06, upper limit 0.15 at 95% (conservative 0.52), corresponding to a Chern-Simons bound g_aγ < 4.9×10⁻²"
"https://doi.org/10.5281/zenodo.19621705","https://openalex.org/W7154690179","Local Physics in a Luneburg Cavity: Resolution of Open Problems via Gravitational Gradient Equivalence","2026","preprint","John Paul Cann","Zenodo (CERN European Organization for Nuclear Research)","0","True","q4_tomography","We demonstrate that nine open problems in the concave cosmos dipole model are resolved by a single result: the Luneburg gradient must be gravitational, not electromagnetic. At the cavity boundary where the observer resides, the metric is exactly Minkowski with corrections 18-50 orders of magnitude below measurement sensitivity. This closes the Foucault pendulum, LIGO, stellar parallax, orbital mechanics, neutrino propagation, and seismic tomography problems simultaneously. The gradient mechanism"
"https://doi.org/10.1142/s2251171719930012","https://openalex.org/W2992025870","Notice of Retraction: ""Design and Characterization of a Ground-Based Absolute Polarization Calibrator for Use with Polarization Sensitive CMB Experiments""","2019","article","M. Navaroli; G. P. Teply; Kevin D. Crowley; Jonathan P. Kaufman; Nicholas B. Galitzki; Kam Arnold; BRIAN G. KEATING","Journal of Astronomical Instrumentation","0","False","q2_polarization","We present the design and characterization of a ground-based absolute polarization angle calibrator accurate to better than 0.1° for use with polarization sensitive cosmic microwave background (CMB) experiments. The calibrator's accuracy requirement is driven by the need to reduce upper limits on cosmic polarization rotation, which is expected to be zero in a large class of cosmological models. Cosmic polarization effects such as cosmic birefringence and primordial magnetic fields can generate s"
"https://doi.org/10.5281/zenodo.17561419","https://openalex.org/W7104463150","Annual Modulation of Polarization: The Hidden Observable of Parity Violation","2025","preprint","Viso Cervera, Miguel","Zenodo (CERN European Organization for Nuclear Research)","0","True","q2_polarization","An alternative approach to investigate cosmic parity violation is introduced, based on the annual modulation of the polarization angle of extragalactic sources and the cosmic microwave background (CMB). This phenomenon, referred to as Axial Birefringence Parallax (ABP), interprets cosmic birefringence not as a static rotation of the polarization plane, but as a periodic variation arising from the Earth's orbital motion through a quasi-static pseudoscalar or torsional gradient. The geometry of th"
"https://doi.org/10.5281/zenodo.20172374","https://openalex.org/W7161043072","CPQ Theory: Cosmic Birefringence as a Signature of Matrix Chirality","2026","preprint","Andrea Porschová","Zenodo (CERN European Organization for Nuclear Research)","0","True","q1_birefringence","Within CPQ theory, the reported cosmic birefringence angle of order β_CMB ~ 0.2°–0.3° in Planck, WMAP and ACT polarization analyses is interpreted as a direct signature of the global chirality Ξ₀ of the spacetime matrix. The Chern–Simons torsion term η·T·(∇×T) in the full Matrix Lagrangian distinguishes left- and right-circular polarisations of the photon-torsion mode, producing a helicity-dependent phase shift that integrates into a rotation of the linear polarisation plane of CMB photons. The "
"https://doi.org/10.7910/dvn/ngs6hg","https://openalex.org/W7165177765","Rotation Field of the Cosmic Microwave Background — Axis + Frequency + Half-Mission Validation (v1.44)","2026","dataset","Amy Condit","Harvard Dataverse","0","True","q2_polarization","Summary Version 1.44 extends the validation program of the CMB polarization rotation field by testing whether the observed anisotropy remains stable when the underlying data source changes. No new α-map is generated — the locked low-ℓ α(n̂) FITS file and apodized polarization mask (NSIDE = 512, f_sky ≈ 0.467) from v1.43 are held fixed throughout. Three validation dimensions are tested: Component-separation method: SMICA and NILC Frequency channel: Planck 100 / 143 / 217 GHz Detector split: Half-"
"https://doi.org/10.5281/zenodo.20134614","https://openalex.org/W7171768892","Cosmic Recoil as a Phenomenological Link Between Baryon Asymmetry and Dynamical Dark Energy","2026","preprint","Mauro Toncelli","Zenodo (CERN European Organization for Nuclear Research)","0","True","q4_tomography","Version 2.0. Full pipeline upgraded to DESI DR2 BAO (13 official points): CPL MCMC gives w0 = -0.866 ± 0.058, wa = -0.514 (+0.217/-0.224), Δχ² = -9.0 vs ΛCDM, thawing quadrant preferred at 2.4σ. The initial displacement is promoted to a free parameter: the data select Φi/f = 1.80 (+0.71/-0.55), excluding the historical ansatz Φi/f = 1 at ~2.3σ; the physical family improves on ΛCDM by Δχ² = -4.5 with one extra parameter. On the posterior-median trajectory: β = cW × 2.29° (Eskilt-Komatsu matched f"
"https://doi.org/10.5281/zenodo.18734911","https://openalex.org/W7130926083","An Information-Theoretic Solution to the Strong CP Problem","2026","preprint","Johnie Waddell","Zenodo (CERN European Organization for Nuclear Research)","0","True","q3_alps","We propose a solution to the Strong CP problem based on information-gravity coupling: a pseudoscalar field rho couples to the QCD topological charge with decay constant f_rho = sqrt(alpha_EM/(8pi)) M_Pl = 2.08e17 GeV, dynamically relaxing the vacuum angle theta to zero via the standard instanton potential. Unlike the Peccei-Quinn mechanism, the decay constant is not a free parameter but is determined by the fine structure constant and the Planck mass. The RSP field mass m_rho = 2.79e-11 eV place"
"https://doi.org/10.1088/1475-7516/2025/03/001","https://openalex.org/W4408151782","Extracting axion string network parameters from simulated CMB birefringence maps using convolutional neural networks","2025","article","Ray Hagimoto; Andrew J. Long; Mustafa A. Amin","Journal of Cosmology and Astroparticle Physics","0","True","q3_alps","Abstract Axion-like particles may form a network of cosmic strings in the Universe today that can rotate the plane of polarization of cosmic microwave background (CMB) photons. Future CMB observations with improved sensitivity might detect this axion-string-induced birefringence effect, thereby revealing an as-yet unseen constituent of the Universe and offering a new probe of particles and forces that are beyond the Standard Model of Elementary Particle Physics. In this work, we explore how sphe"
"https://doi.org/10.5281/zenodo.22009758","https://openalex.org/W7203777378","internationalmanager-creator/LAB_BOOK_THU-TBEA-V4: Atlas THU","2026","software","Erick Duque","Zenodo (CERN European Organization for Nuclear Research)","0","True","q4_tomography","THU‑TBEA v4.1 — Helical Axial Torsion in Riemann–Cartan Cosmology Release date: 2026-08-19 DOI (Zenodo): 10.5281/zenodo.21608282 License: CC‑BY‑4.0 (thesis) & MIT (code) Author: Erick Duque (Independent Researcher, Trujillo, Venezuela) 📘 Overview This repository contains the complete source code, numerical data, and LaTeX source files for the doctoral thesis: Helical Axial Torsion in Riemann–Cartan Cosmology: Mathematical Foundations, Phenomenology, and Systematic Falsifiability (2024–2026) — U"
"https://doi.org/10.1051/epjconf/202635301013","https://openalex.org/W7130653178","Improved Absolute Polarization Calibrator for BICEP CMB Polarimeters","2026","conference-paper","A. R. Polish; P. A. R. Ade; Zeeshan Ahmed; M. Amiri; D. Barkats; R. Basu Thakur; C. A. Bischoff; D. Beck; J. J. Bock; H. Boenish; V. Buza; Brianna Cantrall; J. R. Cheshire IV; Jake Connors; J. Cornelison; M. Crumrine; A. J. Cukierman; E. V. Denison; L. Duband; M. A. Echter; M. Eiben; B. D. Elwood; S. Fatigoni; J. P. Filippini; Alexandre Fortes; M. Gao; C. Giannakopoulos; N. Goeckner-Wald; D. C. Goldfinger; S. Gratton; J. A. Grayson; A. Greathouse; P. K. Grimes; G. Hall; George Halal; M. Halpern; E. Hand; S. A. Harrison; S. A. Henderson; T. D. Hoang; J. Hubmayr; Howard Hui; K. D. Irwin; J. H. Kang; K. S. Karkare; S. Kefeli; J. M. Kovac; Cheng‐Yu Kuo; Kekoa Lasko; K. K. Lau; Margaret Lautzenhiser; A. Lennox; Tong Liu; S. Mackey; N. Maher; K. G. Megerian; L. Minutolo; L. Moncelsi; Yuka Nakato; H. T. Nguyen; R. O'Brient; S. N. Paine; Amit P. Patel; M. A. Petroff; T. Prouvé; Clement L. Pryke; C. D. Reintsema; T. Romand; M. Salatino; A. Schillaci; B. Schmitt; Baibhav Singari; A. Soliman; T. St. Germaine; A. Steiger; B. Steinbach; R. Sudiwala; K. L. Thompson; Calvin Tsai; C. Tucker; A. D. Turner; C. Vergès; A. G. Vieregg; Albert K. Wandui; A. C. Weber; J. Willmert; W. L. K. Wu; H. Yang; C. Yu; L. Zheng; C. Zhang; S. Zhang","EPJ Web of Conferences","0","True","q2_polarization","Cosmic birefringence is a hypothesized parity violation in electromagnetism that predicts a frequency-independent polarization rotation as light propagates. This would rotate the light from the Cosmic Microwave Background, producing an unexpected EB correlation. However, cosmic birefringence angle is degenerate with instrument polarization angle, and breaking this degeneracy requires an absolute polarization calibration. We calibrate the BICEP3 telescope (a 95GHz CMB polarimeter) by observing a "
"https://doi.org/10.5281/zenodo.18160210","https://openalex.org/W7118746942","Early-Universe and Strong-Field Consistency of χ-Mediated Gravity: BBN, CMB, BAO","2026","preprint","Greg Partin","Zenodo (CERN European Organization for Nuclear Research)","0","True","q2_polarization","This deposit contains the complete manuscript, figures, and validation results for Paper #5 of a five-paper series investigating a χ-mediated wave-gravity framework as an alternative description of gravitational dynamics. While earlier papers in the series address galactic rotation curves and merger-scale gravitational displacement, the present work tests whether the framework preserves all established early-universe, large-scale, and strong-field gravitational observables by converging to Gener"
,"https://openalex.org/W7106783612","Improved constraints on ultralight axions using latest observations of the early and late Universe","2025","preprint","Liu, Qianshuo; Feng, Chang; Abdalla, Filipe B.","arXiv (Cornell University)","0","True","q3_alps","Ultralight axions (ULAs) are hypothetical particles which can behave like dark matter (DM) or dark energy (DE) depending on masses generated at the symmetry-breaking scale. It remains a mystery whether the ULAs can make up a fraction of DM or DE. Although theoretical predictions indicate that the ULAs may leave distinct imprints on cosmological signals, these signatures may exist in a broad spatial and temporal scales, and may be degenerate with the known effects of the standard model. The ULA s"
"https://doi.org/10.1088/1475-7516/2026/09/090","https://openalex.org/W7117583501","Implications of cosmic birefringence for multi-field ALP dark matter","2026","article","Jialiang Shao; Ippei Obata; Dongdong Zhang","Journal of Cosmology and Astroparticle Physics","0","True","q1_birefringence|q3_alps","Abstract Cosmic birefringence, characterized by the observed rotation of the polarization plane of the cosmic microwave background (CMB) radiation, serves as a critical probe for testing theories beyond the standard cosmological scenario. Axion-like particles (ALPs), particularly as a promising subcomponent of dark matter candidates, possess unique advantages in naturally explaining such phenomena. Previous studies on the implications of cosmic birefringence for these ultralight ALP fields have "
"https://doi.org/10.20944/preprints202604.0264.v1","https://openalex.org/W7150970054","Evidence for Dihedral D₃ Symmetry in the Planck CMB Temperature Anisotropy","2026","preprint","Robert Mereau","Preprints.org","0","True","q2_polarization","We report a statistically significant detection of dihedral D₃ symmetry in the Planck PR3 temperature anisotropy data, validated across all four independent component-separation pipelines (SMICA, NILC, SEVEM, Commander). At a single optimized axis (ℓ, b) = (50.3°, −64.9°), the power fraction in the A₂ (reflection-antisymmetric) irreducible representation exceeds isotropic expectations with a two-tier structure: a dense cluster at l ≤ 15 (Fisher PTE = 4.2 × 10⁻³ to 1.2 × 10⁻² across maps), driven"
,"https://openalex.org/W7202235438","LiteBIRD science goals and forecasts: constraining isotropic cosmic birefringence","2025","article","E.de la Hoz; P.Diego-Palazuelos; J. Errard; A.Gruppuso; B.Jost; R.M.Sullivan; M. Bortolami; Y. Chinone; L.T.Hergt; E.Komatsu; Y. Minami; et. al.","Institutional Repositories DataBase (IRDB)","0","True","q1_birefringence",""
"https://doi.org/10.48550/arxiv.2401.11973","https://openalex.org/W4391158808","Planck constraints on Cosmic Birefringence and its cross-correlation with the CMB","2024","preprint","G. Zagatti; M. Bortolami; ALESSANDRO GRUPPUSO; P. Natoli; L. Pagano; Giulio Fabbian","arXiv (Cornell University)","0","True","q1_birefringence|q2_polarization","Cosmic birefringence is the in-vacuo, frequency independent rotation of the polarization plane of linearly polarized radiation, induced by a parity-violating term in the electromagnetic Lagrangian. We implement an harmonic estimator for the birefringence field that only relies on the CMB E to B mode cross-correlation, thus suppressing the effect of cosmic variance from the temperature field. We derive constraints from Planck public releases 3 and 4, revealing a cosmic birefringence power spectru"
"https://doi.org/10.5281/zenodo.18535195","https://openalex.org/W7128366391","TFPT v2.8 Prediction Sheet: Cosmic Birefringence (CMB Polarization Rotation β = 0.2424°)","2026","article","Stefan Hamann; Alessandro Rizzo","Zenodo (CERN European Organization for Nuclear Research)","0","True","q2_polarization","This technical note states the TFPT v2.8 prediction for an achromatic cosmic birefringence rotation of the CMB linear polarization: β = 0.2424 degrees in the IAU sign convention. It explains the topological origin of the minimal nontrivial excursion sector and clarifies the measurement requirements for a meaningful test, in particular the need for absolute polarization angle calibration using external calibrators. The note explicitly distinguishes calibrated analyses from EB self calibration met"
"https://doi.org/10.7910/dvn/idl5mq","https://openalex.org/W7165042383","Scale-Dependent and Anisotropic Cosmic Birefringence: 8.5σ Isotropic and 4–5σ Directional Rotation in Planck Polarization Data (v1.0)","2026","dataset","Amy Condit","Harvard Dataverse","0","True","q2_polarization","Scale-Dependent and Anisotropic Cosmic Birefringence: 8.5σ Isotropic and 4–5σ Directional Rotation in Planck Polarization Data (v1.0) Summary This study investigates scale-dependent and anisotropic cosmic birefringence using Planck 2018 SMICA and NILC component-separated polarization maps over the multipole range ℓ = 500–1500. Linearized EB estimators, together with a quantitative q-mask (fsky ≈ 0.467), are used to measure polarization-rotation angles as a function of angular scale and to evalua"
"https://doi.org/10.5281/zenodo.20779504","https://openalex.org/W7165473260","Numerical Reconstruction of Organized Temporal-Torque Domains and Simulated Residual Cosmic Birefringence Maps","2026","preprint","David J. Thomson","Zenodo (CERN European Organization for Nuclear Research)","0","True","q4_tomography","Numerical Reconstruction of Organized Temporal-Torque Domains and Simulated Residual Cosmic Birefringence Maps This paper is Paper 4 in the Temporal Torque Memory and Aether Organization series. Papers 1 through 3 established temporal torque memory, Aether tomography, and a QMU-native definition of temporal-torque density. The present paper develops a numerical implementation of Aether tomography using simulated residual cosmic birefringence maps and HEALPix sky discretization. The five-dimensio"
"https://doi.org/10.5281/zenodo.22847273","https://openalex.org/W7213670508","QMU-Constrained Simulation of Temporal-Torque Evolution: Numerical Chronogeometric Domains, Filament Memory, and Synthetic Birefringence Observables","2026","preprint","David J. Thomson","Zenodo (CERN European Organization for Nuclear Research)","0","True","q4_tomography","This paper develops a QMU-constrained numerical simulation framework for temporal-torque evolution, chronotorsional holonomy, filament memory, and synthetic residual cosmic birefringence observables. It continues the sequence from temporal-torque memory, Aether tomography, quantitative QMU definition, numerical reconstruction, filamentary cosmic organization, and chronogeometric evolution into a formal program of numerical prediction. The central methodological rule is that no equation, coeffici"
"https://doi.org/10.5281/zenodo.17561420","https://openalex.org/W7104443435","Annual Modulation of Polarization: The Hidden Observable of Parity Violation","2025","preprint","Viso Cervera, Miguel","Zenodo (CERN European Organization for Nuclear Research)","0","True","q2_polarization","An alternative approach to investigate cosmic parity violation is introduced, based on the annual modulation of the polarization angle of extragalactic sources and the cosmic microwave background (CMB). This phenomenon, referred to as Axial Birefringence Parallax (ABP), interprets cosmic birefringence not as a static rotation of the polarization plane, but as a periodic variation arising from the Earth's orbital motion through a quasi-static pseudoscalar or torsional gradient. The geometry of th"
"https://doi.org/10.5281/zenodo.20754695","https://openalex.org/W7165412062","Aether Tomography: Residual Cosmic Birefringence as a Probe of Organized Five-Dimensional Chronogeometric Structure","2026","preprint","David J. Thomson","Zenodo (CERN European Organization for Nuclear Research)","0","True","q1_birefringence|q4_tomography","Aether Tomography: Residual Cosmic Birefringence as a Probe of Organized Five-Dimensional Chronogeometric Structure This paper is Paper 2 in the Temporal Torque Memory and Aether Organization series. It develops Aether tomography as an observational framework for interpreting residual cosmic birefringence maps as projections of organized five-dimensional chronogeometric structure. Paper 1 established the five-dimensional chronogeometric coordinate system, \[(x,y,z,\tau_v,\tau_t),\] and proposed "
"https://doi.org/10.5281/zenodo.20779503","https://openalex.org/W7165477598","Numerical Reconstruction of Organized Temporal-Torque Domains and Simulated Residual Cosmic Birefringence Maps","2026","preprint","David J. Thomson","Zenodo (CERN European Organization for Nuclear Research)","0","True","q4_tomography","Numerical Reconstruction of Organized Temporal-Torque Domains and Simulated Residual Cosmic Birefringence Maps This paper is Paper 4 in the Temporal Torque Memory and Aether Organization series. Papers 1 through 3 established temporal torque memory, Aether tomography, and a QMU-native definition of temporal-torque density. The present paper develops a numerical implementation of Aether tomography using simulated residual cosmic birefringence maps and HEALPix sky discretization. The five-dimensio"
"https://doi.org/10.48550/arxiv.2502.07743","https://openalex.org/W4407425910","Cosmic Polarisation Rotation from CMB Data: a Review for GR110","2025","preprint","ALESSANDRO GRUPPUSO; S. di Serego Alighieri","arXiv (Cornell University)","0","True","q2_polarization","We provide an update on the work of di Serego Alighieri (2015), focusing on recent developments regarding constraints on Cosmic Polarization Rotation (CPR), also known as Cosmic Birefringence (CB), derived from Cosmic Microwave Background (CMB) polarization data."
"https://doi.org/10.1103/cyz7-kplp","https://openalex.org/W7171728103","CMB birefringence from vacuum interfaces","2026","article","Anonymous","Physical review. D/Physical review. D.","0","True","q2_polarization","Hints of cosmic microwave background polarization rotation ( Δ ϑ ∼ 10 − 3 rad ) are commonly attributed to late-time dynamics of ultralight axions. We show that such ultralight degrees of freedom are not required. Polarization rotation naturally arises as a geometric interface phase acquired when photons cross interfaces between topologically distinct dark sector vacua. The effect is a discrete phase shift fixed by the normalization of a wall-supported electromagnetic Chern-Simons interaction an"
"https://doi.org/10.5281/zenodo.19205529","https://openalex.org/W7140207747","Dimensional Projection Kinematics: A Unified Geometric Perspective on the Hubble Tension, MOND, and Cosmic Birefringence","2026","preprint","Dante Fabian","Zenodo (CERN European Organization for Nuclear Research)","0","True","q1_birefringence","We propose a set of geometric correspondences relating three primary anomalies in standard ΛCDM cosmology: the Hubble Tension, the Milgromian acceleration scale (a0), and Cosmic Birefringence (β). We assume that macroscopic cosmic expansion can be effectively modeled as lower-dimensional kinematic flows; all results are derived from this assumption using standard geometric and flux-projection arguments. We show that projecting a 1D kinematic flow onto a 3D spherical measurement domain mathematic"
"https://doi.org/10.5281/zenodo.19944635","https://openalex.org/W7159570303","Falsifikationspaper: Vorhersage der kosmischen Doppelbrechung β = 0,3505◦ aus zwei Band-1-Konstanten","2026","preprint","Thomas Krause","Zenodo (CERN European Organization for Nuclear Research)","0","True","q3_alps","This record provides the theoretical derivation and numerical verification of the cosmic birefringence angle as predicted by the Arithmetic Theory of Everything (AToE). Unlike standard cosmological models ( CDM) that require the introduction of axion-like particles (ALPs) or quintessence fields to explain parity-violating rotations in CMB polarization, the AToE derives this effect as a fundamental requirement of arithmetic spacetime. Key Highlights of this Record: Parameter-Free Derivation: The "
"https://doi.org/10.5281/zenodo.19176312","https://openalex.org/W7140131086","Technical Note: Predictive Extensions of the IKBL Lattice — Next-Phase Topological Signatures","2026","article","Eddie Chin","Zenodo (CERN European Organization for Nuclear Research)","0","True","q3_alps","Following the March 2026 ACT DR6 confirmation of frequency-independent (achromatic) cosmic birefringence at 0.2145°, the Iterated Klein Bottle Lattice (IKBL) framework is extended to identify secondary and tertiary topological signatures. This note demonstrates that the measured rotation is a rigid geometric consequence of the Unit Right Triangle (URT) specification in ""The Origin: The Unit Right Triangle as the Complete Specification of the Observer-Universe System” (Zenodo DOI: 10.5281/zenodo."
"https://doi.org/10.2172/3412485","https://openalex.org/W7203454431","Constraining Cosmic Birefringence with Polarization Angle Calibration","2026","report","Sara M. Simon",,"0","False","q1_birefringence|q3_alps","The Cosmic Microwave Background (CMB) is a sensitive probe of cosmic birefringence, which, if detected, would imply physics beyond the standard model. For example, cosmic birefringence can be caused by axion-like pseudo scalar-fields coupling to photons via the Chern-Simons effect. These represent favored candidates for dark matter particles and are used in models to explain dark energy. However, measuring cosmic birefringence with CMB experiments requires exceptional polarization angle calibrat"
"https://doi.org/10.1088/1475-7516/2026/02/079","https://openalex.org/W7131212356","Forecasts of constraining isotropic cosmic birefringence on AliCPT-1","2026","article","Jiazheng Dou; Wen Kui Zhao","Journal of Cosmology and Astroparticle Physics","0","True","q1_birefringence","Abstract Cosmic birefringence (CB) is a promising probe of parity-violating physics beyond the Standard Model, characterized by the rotation of the linear polarization plane of cosmic microwave background (CMB) photons. This effect, quantified by the birefringence angle β , generates non-zero EB and TB correlations that are otherwise absent in standard cosmology. However, instrumental miscalibration angles α can mimic this signal, necessitating a joint estimation approach. In this work, we forec"
"https://doi.org/10.5281/zenodo.20806197","https://openalex.org/W7165632580","QMU-Constrained Simulation of Temporal-Torque Evolution: Numerical Chronogeometric Domains, Filament Memory, and Synthetic Birefringence Observables","2026","preprint","David J. Thomson","Zenodo (CERN European Organization for Nuclear Research)","0","True","q4_tomography","This paper develops a QMU-constrained numerical simulation framework for temporal-torque evolution, chronotorsional holonomy, filament memory, and synthetic residual cosmic birefringence observables. It continues the sequence from temporal-torque memory, Aether tomography, quantitative QMU definition, numerical reconstruction, filamentary cosmic organization, and chronogeometric evolution into a formal program of numerical prediction. The central methodological rule is that no equation, coeffici"
"https://doi.org/10.48550/arxiv.2605.04983","https://openalex.org/W7160552312","Capturing statistical isotropy violation with rotational averages","2026","preprint","R Vaishali; Dipayan Mukherjee; Tarun Souradeep","arXiv (Cornell University)","0","True","q2_polarization","Recent high precision cosmological observations have revealed several anomalies in the Cosmic Microwave Background (CMB), indicating possible violations of statistical isotropy (nSI). Typically, nSI in the CMB sky is studied in the harmonic space, such as, using the Bipolar Spherical Harmonics (BipoSH) formalism, where the BipoSH coefficients capture the general structure of the angular correlation function. In this work, we present a geometric real space framework to quantify violations of stat"
"https://doi.org/10.5281/zenodo.22683974","https://openalex.org/W7212530968","Full-sky CMB temperature topology as evidence for large-scale differential rotation in the early universe","2026","preprint","Gerhard Rambold","Zenodo (CERN European Organization for Nuclear Research)","0","True","q2_polarization","This v1.6 release accompanies the manuscript Full-sky CMB temperature topology as evidence for large-scale differential rotation in the early universe by Gerhard Rambold. The analysis is measurement-first. It starts from the observed Planck CMB temperature field and applies the Alysis Coefficient (AC*), a multiscale spatial reconstructibility operator, before introducing any preferred direction or physical interpretation. The analysis is performed separately for the Planck PR3 SMICA, NILC, Comma"
,"https://openalex.org/W7167746984","Limits on global cosmic birefringence using radio sources","2026","preprint","Richard Battye; Neal J Jackson; Ian Browne","arXiv (Cornell University)","0","True","q1_birefringence","We have made measurements of the difference between the position angle (PA) on the sky and the polarization position angle (PPA) of radio sources using data from a combination of the Radio Fundamental Catalogue (RFC) across a range of frequencies between 2.7 and 15~GHz and Cosmic Lens All Sky Survey (CLASS) which observes polarization at 8.4~GHz (X-band). For the 2111 sources with jet PAs measured in the X-band and a known redshift, the distribution is peaked at $\approx 0^{\circ}$ as expected f"
"https://doi.org/10.48550/arxiv.2408.13612","https://openalex.org/W4402701488","Efficient estimation of rotation-induced bias to reconstructed CMB lensing power spectrum","2024","preprint","Hongbo Cai; Yilun Guan; Toshiya Namikawa; Arthur B. Kosowsky","arXiv (Cornell University)","0","True","q2_polarization","The cosmic microwave background (CMB) lensing power spectrum is a powerful probe of the late-time universe, encoding valuable information about cosmological parameters such as the sum of neutrino masses and dark energy equation of state. However, the presence of anisotropic cosmic birefringence can bias the reconstructed CMB lensing power spectrum using CMB polarization maps, particularly at small scales, and affect the constraints on these parameters. Upcoming experiments, which will be dominat"
"https://doi.org/10.1088/1475-7516/2025/08/081","https://openalex.org/W4413680518","The prospect from the upcoming CMB experiment LiteBIRD to discover axion-like particles using Milky Way","2025","article","Harsh Mehta; Suvodip Mukherjee","Journal of Cosmology and Astroparticle Physics","0","False","q3_alps","Abstract The existence of axion-like particles (ALPs) can be probed from their signatures in the Cosmic Microwave Background (CMB) due to the photon-ALP resonant conversion over the mass range of ALPs that matches with the effective mass of photons in the plasma in the astrophysical systems. Such a conversion can also occur in the Milky Way halo and disk and can cause a unique spatial and spectral distortion. The signal is highly non-Gaussian and cannot be measured precisely by the usual power-s"
"https://doi.org/10.48550/arxiv.2505.11592","https://openalex.org/W4417299816","The Prospect from the Upcoming CMB Experiment LiteBIRD to Discover Axion-like Particles Using Milky Way","2025","preprint","Harsh Mehta; Suvodip Mukherjee","arXiv (Cornell University)","0","True","q3_alps","The existence of axion-like particles (ALPs) can be probed from their signatures in the Cosmic Microwave Background (CMB) due to the photon-ALP resonant conversion over the mass range of ALPs that matches with the effective mass of photons in the plasma in the astrophysical systems. Such a conversion can also occur in the Milky Way halo and disk and can cause a unique spatial and spectral distortion. The signal is highly non-Gaussian and cannot be measured precisely by the usual power-spectrum a"
"https://doi.org/10.5281/zenodo.21229720","https://openalex.org/W7167478257","ZIPPED: Elastic Spacetime Unified Framework — A Mechanical Derivation of Galactic Dynamics, Redshift and CMB from Spacetime Polarization","2026","preprint","Michel Burgardus Albertus Zwanenburg","Zenodo (CERN European Organization for Nuclear Research)","0","True","q2_polarization","We present ""Zipped"", a unified mechanical framework that treats spacetime as a polarizable, elastic medium. Baryonic matter creates a local entropy imbalance (""dent"") in the spacetime grid, which responds with a restorative polarization tension Ψ_pol(r) = √(G M_b a_0)/r, where a_0 ≈ 1.2 × 10^{-10} m/s² is the fundamental acceleration scale. This single mechanism naturally derives: Flat galactic rotation curves and the Baryonic Tully-Fisher relation (v⁴ = G M_b a_0) through the ""Rising Edge"" pola"
"https://doi.org/10.48550/arxiv.2509.10607","https://openalex.org/W4415090454","Bias in the tensor-to-scalar ratio from self-interacting dark radiation","2025","preprint","Nahuel Mirón-Granese; Claudia G. Scóccola","arXiv (Cornell University)","0","True","q3_alps","We investigate the cosmological imprint of self-interacting dark radiation (DR) on the primordial $B$-mode angular power spectrum and its impact on the estimation of the tensor-to-scalar ratio $r$. We consider a minimal model in which DR is described as an effectively massless axion-like particle with quartic self-interactions. These interactions are incorporated into the Einstein-Boltzmann equations using the relaxation time approximation and implemented in the $\texttt{CLASS}$ code. We show th"
"https://doi.org/10.7910/dvn/ddh4fo","https://openalex.org/W7165204656","Rotation Field of the Cosmic Microwave Background — Dependence-Aware Joint Validation of Anisotropic Cosmic Birefringence (v1.42)","2026","dataset","Amy Condit","Harvard Dataverse","0","True","q1_birefringence","Summary Version 1.42 introduces a dependence-aware empirical joint significance framework for evaluating the anisotropic cosmic birefringence signal in Planck 2018 polarization data. The birefringence rotation field α(ℓ) is reconstructed from SMICA and NILC EB cross-spectra over multipoles ℓ = 500–1500 and decomposed into spherical-harmonic modes (αₗₘ, L ≤ 10). After applying the Minami–Komatsu isotropic calibration, the global rotation component becomes consistent with zero. What remains is dir"
"https://doi.org/10.48550/arxiv.2108.02150","https://openalex.org/W3190072045","Implications of the Cosmic Birefringence Measurement for the Axion Dark Matter Search","2021","preprint","Ippei Obata","arXiv (Cornell University)","0","True","q1_birefringence","We show that a recent constraint on the cosmic birefringence effect due to dark energy can be related to the constraints on the coupling of axion dark matter to photon, by relying on a simple model of two-axion alignment mechanism with periodic potentials. Owing to the alignment of the potentials, one linear combination of two fields provides a nearly flat direction and acts as dark energy, whereas the other combination provides a steep direction and acts as dark matter. This scenario solves the"
"https://doi.org/10.48550/arxiv.2607.16191","https://openalex.org/W7169812506","Cosmological Evidence for Dark Axion-Dark Baryon Interactions from Apparent Phantom Crossing","2026","preprint","Justin Khoury; Meng-Xiang Lin; Mark Trodden","arXiv (Cornell University)","0","True","q3_alps","Interactions between dark matter and dark energy can lead to an apparent phantom-crossing behavior that mimics the expansion history preferred by the latest cosmological observations from DESI baryon acoustic oscillations (BAO), Cosmic Microwave Background (CMB), and Type Ia supernovae (SNe Ia) data. In a previous paper [Khoury, Lin, and Trodden 2025 arXiv:2503.16415], we proposed a concrete particle physics realization of this idea, consisting of a strongly coupled dark sector in which a dark a"
"https://doi.org/10.5281/zenodo.18697655","https://openalex.org/W7130575003","The Greatest Accounting Fraud in Physics: Dark Matter is the Net, Not Missing Fish","2026","article","ALFREDO LUIS ACOSTA PADILLA","Zenodo (CERN European Organization for Nuclear Research)","0","True","q3_alps","For 90 years, physics has claimed 95% of universe's mass-energy is ""dark"" (invisible, unknown). We show this is accounting fraud. Physicists count only knots (particles = 5%) and ignore the taut net between them (vacuum V₂₃ = 95%). Like weighing fish in a fishing net and inventing ""phantom fish"" to explain the net's weight. Dark matter (27%) is mass-energy stored in non-luminous longitudinal modes (4 gravitational channels of V₂₃). These modes gravitate but don't emit light—hence ""dark."" Not WIM"
"https://doi.org/10.5281/zenodo.21296933","https://openalex.org/W7167899510","Forecasting Cosmic Birefringence via CMB TB Correlations: Fisher Sensitivity and Experimental Prospects","2026","article","Samer Jaafar Jamal Alkurdi","Zenodo (CERN European Organization for Nuclear Research)","0","True","q1_birefringence","We present a Fisher forecast for the detectability of cosmic birefringence, a signature of parity-violating physics, through its imprint on CMB temperature-B-mode (TB) cross-correlations. Using a chiral inflationary model, we compute the expected TB power spectrum $C_\ell^{TB}$ and evaluate the signal-to-noise ratio $(S/N)^2$ for current and next-generation CMB experiments. Our analysis incorporates realistic experimental noise $N_\ell^{TT,BB}$, Gaussian beam convolution $B_\ell$, and assumes Ga"
"https://doi.org/10.5281/zenodo.22303936","https://openalex.org/W7208735649","Cosmic Recoil as a Phenomenological Link Between Baryon Asymmetry and Dynamical Dark Energy","2026","preprint","Mauro Toncelli","Zenodo (CERN European Organization for Nuclear Research)","0","True","q4_tomography","Version 2.1. Completes the audit trail of v2.0 and reframes the origin of the initial displacement. Data results unchanged: DESI DR2 BAO + Pantheon+SH0ES + Planck distance priors give w0 = -0.866 ± 0.058, wa = -0.514 (+0.217/-0.224), Δχ² = -9.0 vs ΛCDM; the free-displacement Klein-Gordon fit selects Φi/f = 1.80 (+0.71/-0.55); on the posterior-median trajectory β = cW × 2.29° (Eskilt-Komatsu matched for cW ≈ 0.15), robust tomography βgal(z=1) = 0.81 βCMB. New in v2.1. (i) A displacement-independe"
"https://doi.org/10.5281/zenodo.21392358","https://openalex.org/W7168888644","Cosmic Birefringence: A Geometric Prediction from the Tetrahedral Substrate of Spacetime","2026","preprint","ALEJANDRO BERTRAN","Zenodo (CERN European Organization for Nuclear Research)","0","True","q1_birefringence","We present a parameter-free geometric derivation of cosmic birefringence—the rotation of the polarization plane of CMB photons—as a natural consequence of the intrinsic chirality of the tetrahedral spacetime lattice (the Cosmic Mesh). Within this framework, where the fine-structure constant acts as a ""cosmic odometer"" of the lattice’s residual torsional frustration (δ ≈ 2.034), light propagates as a traveling wave of free energy whose polarization vector is guided by the chiral metric background"
"https://doi.org/10.48550/arxiv.2205.13549","https://openalex.org/W4308784131","Cosmological constraints on decaying axion-like particles: a global analysis","2022","preprint","Csaba Balázs; Sanjay Bloor; Tomás E. Gonzalo; Will J. Handley; Sebastian Hoof; Felix Kahlhoefer; Marie Lecroq; David J. E. Marsh; Janina J. Renk; Pat Scott; Patrick Stöcker","arXiv (Cornell University)","0","True","q3_alps","Axion-like particles (ALPs) decaying into photons are known to affect a wide range of astrophysical and cosmological observables. In this study we focus on ALPs with masses in the keV-MeV range and lifetimes between $10^4$ and $10^{13}$ seconds, corresponding to decays between the end of Big Bang Nucleosynthesis and the formation of the Cosmic Microwave Background (CMB). Using the CosmoBit module of the global fitting framework GAMBIT, we combine state-of-the-art calculations of the irreducible "
,"https://openalex.org/W7206275211","Pressure-Driven Gravity as a Superfluid Vacuum Theory - Ylia Callan - 3 August 2025","2025","preprint","Ylia Callan","OSF Preprints (OSF Preprints)","0","False","q3_alps","This thesis explores the hypothesis that spacetime is not empty but behaves as a relativistic superfluid, with gravity emerging from pressure gradients rather than spacetime curvature. Building on microphysical models involving axion-like particles and spin-2 Bose-Einstein condensates, the framework predicts phenomena not accounted for by General Relativity: frequency-dependent gravitational wave dispersion (detectable by LISA), spectral distortions in the CMB (PIXIE/PRISM), and energy dependent"
"https://doi.org/10.5281/zenodo.19570323","https://openalex.org/W7154377436","Arithmetic Derivation of Cosmic Birefringence: A Spectral-Topological Prediction of beta = 0,35 degrees within the AToE Framework","2026","preprint","Thomas Krause","Zenodo (CERN European Organization for Nuclear Research)","0","True","q3_alps","This record provides the theoretical derivation and numerical verification of the cosmic birefringence angle as predicted by the Arithmetic Theory of Everything (AToE). Unlike standard cosmological models ( CDM) that require the introduction of axion-like particles (ALPs) or quintessence fields to explain parity-violating rotations in CMB polarization, the AToE derives this effect as a fundamental requirement of arithmetic spacetime. Key Highlights of this Record: Parameter-Free Derivation: The "
"https://doi.org/10.5281/zenodo.17617149","https://openalex.org/W7105817894","On the uniform, achromatic rotation of CMB polarization","2025","preprint","Hamann, Stefan; Rizzo, Alessandro","Zenodo (CERN European Organization for Nuclear Research)","0","True","q2_polarization","Polarization angles provide a direct probe of spacetime geometry. In a metric-compatible Riemann-Cartan background, a single variational structure predicts a uniform, frequency-independent rotation of CMB linear polarization with no post hoc fit to data. A Fujikawa computation fixes the abelian axion–photon vertex to g_agammagamma = -1/(2pi) in the convention where e^2 is absorbed into the axial phase; geometric optics gives d(psi)/d(eta) = (1/2) * g_agammagamma * d(a)/d(eta). A fixed-connection"
"https://doi.org/10.1103/169s-4g17","https://openalex.org/W7118165704","Implications of DESI data for dark matter and cosmic birefringence","2026","article","Basabendu Barman; Sudhakantha Girmohanta","Physical review. D/Physical review. D.","0","True","q1_birefringence","We explore an interacting dark matter (DM)-dark energy (DE) framework that naturally yields an effective dynamical DE equation of state crossing the phantom barrier at early times, as indicated by recent DESI data, while also accounting for the observed isotropic rotation of the cosmic microwave background (CMB) linear polarization. Within this unified framework, we also explain the DM relic abundance without introducing additional fields or couplings. Depending on the DE potential, we identify "
"https://doi.org/10.5281/zenodo.18795046","https://openalex.org/W7131906454","Null Cross-Correlation as a Constraint Operator: Bounding Axion–Photon Coupling from Anisotropic Cosmic Birefringence Measurements","2026","preprint","Neil Clive Tuckwell","Zenodo (CERN European Organization for Nuclear Research)","0","True","q3_alps","This work formalizes the role of null-consistent cross-correlation measurements as parameter-space constraint operators in axion-photon coupling models. Using the reported cross-correlation between anisotropic cosmic birefringence and large-scale structure tracers derived from Planck NPIPE polarization products and the Quaia quasar catalog (arXiv:2509.22273) as a worked example, we distinguish detection-class claims from constraint-class claims and derive the general conditions under which null-"
"https://doi.org/10.48550/arxiv.2502.08720","https://openalex.org/W4407570932","Flipped Rotating Axion Non-minimally Coupled to Gravity: Baryogenesis and Dark Matter","2025","preprint","Chao Chen; Suruj Jyoti Das; Konstantinos Dimopoulos; Anish Ghoshal","arXiv (Cornell University)","0","True","q3_alps","We demonstrate that the co-genesis of baryon asymmetry and dark matter can be achieved through the rotation of an axion-like particle, driven by a flip in the vacuum manifold's direction at the end of inflation. This can occur if the axion has a periodic non-minimal coupling to gravity, while preserving the discrete shift symmetry. In non-oscillating inflation models, after inflation there is typically a period of kination (with $w = 1$). In this case, it is shown that the vacuum manifold of the"
,"https://openalex.org/W7113601063","Aspects of Lattice Cosmology","2025","dissertation","Loayza Romero, Nicolás Agenor","Repository of Digital Objects for Teaching Research and Culture (University of Valencia)","0","True","q3_alps","The early universe is a largely unexplored period in the history of the cosmos. While current observations provide a detailed picture of the late-time universe, many details of the first moments of our universe remain unknown. However, observations from the cosmic microwave background (CMB) supports that the universe began with a phase of accelerated expansion known as inflation. The inflationary paradigm not only solves certain puzzles of the cosmological properties of the universe, but also pr"
"https://doi.org/10.5281/zenodo.20171033","https://openalex.org/W7161026415","Oscillatory H(z) as a Probe of Ultralight Axions: Joint Analysis of CC, Planck, DESI, and Pantheon+ with Microphysical Parameter Inversion","2026","preprint","Edison Carrasco Jiménez","Zenodo (CERN European Organization for Nuclear Research)","0","True","q3_alps","This work develops a minimal cosmological model in which a scalar field with a bounded potential generates small, coherent oscillations in the expansion history of the universe, H(z), without modifying General Relativity. From the Klein-Gordon equation, we derive analytically that the amplitude of these oscillations is directly proportional to the energy fraction of the scalar field. This removes the ad hoc character of previous phenomenological parametrizations. We perform the first joint stati"
"https://doi.org/10.5281/zenodo.21296934","https://openalex.org/W7167927946","Forecasting Cosmic Birefringence via CMB TB Correlations: Fisher Sensitivity and Experimental Prospects","2026","article","Samer Jaafar Jamal Alkurdi","Zenodo (CERN European Organization for Nuclear Research)","0","True","q1_birefringence","We present a Fisher forecast for the detectability of cosmic birefringence, a signature of parity-violating physics, through its imprint on CMB temperature-B-mode (TB) cross-correlations. Using a chiral inflationary model, we compute the expected TB power spectrum $C_\ell^{TB}$ and evaluate the signal-to-noise ratio $(S/N)^2$ for current and next-generation CMB experiments. Our analysis incorporates realistic experimental noise $N_\ell^{TT,BB}$, Gaussian beam convolution $B_\ell$, and assumes Ga"
"https://doi.org/10.5281/zenodo.21977706","https://openalex.org/W7203603944","The Unseen Sky","2026","article","Zen Revista; 10 ASTRO","Zenodo (CERN European Organization for Nuclear Research)","0","True","q3_alps","A sustained argument that contemporary cosmology has entered a state of Kuhnian crisis. The ΛCDM model, the dominant paradigm for forty years, is failing to accommodate a convergent multiplicity of independent empirical anomalies: the five-sigma Hubble tension, the S8 tension, the persistent non-detection of particle dark matter, DESI’s hints of evolving dark energy, JWST’s early-galaxy surprises, the cosmic birefringence signal, and a constellation of CMB anisotropy anomalies. The monograph dev"
"https://doi.org/10.5281/zenodo.19508712","https://openalex.org/W7153494316","Global Polarization Rotation in the CMB: Observational Evidence and Structural Compatibility","2026","report","Lisa Michelle Doumbouya","Zenodo (CERN European Organization for Nuclear Research)","0","True","q2_polarization|q4_tomography","Recent analyses of cosmic microwave background (CMB) polarization have reported a small positive isotropic polarization rotation, commonly described as cosmic birefringence. Results from WMAP, Planck and ACT make this an important observational question, but its statistical significance and cosmological interpretation remain sensitive to polarization-angle calibration, foreground treatment, sky masks, map construction and estimator design. Searches for anisotropic birefringence provide additiona"
"https://doi.org/10.5281/zenodo.19099835","https://openalex.org/W7139092243","Cosmic Birefringence as a Probe of Dark-Energy Field Excursions and UV Geometry","2026","preprint","Pedro Filipe Soares Pinto","Zenodo (CERN European Organization for Nuclear Research)","0","True","q1_birefringence","We show that any rolling dark-energy scalar field inducing isotropic cosmic birefringence mustsatisfy a universal relation between its late-time field excursion and its coupling to electromagnetism.Using a controlled phenomenological reconstruction of the scalar dynamics, we derive a robust sub-Planckian estimate of the field excursion, ∆ϕeff ∼ 10−2MPl. Combining this with current hints ofcosmic birefringence at the level β ∼ 10−3 rad, we obtain a model-independent requirement on theaxion-photon"
,"https://openalex.org/W3043690957","Through a dark crystal: CMB polarization as a tool to constrain the optical properties of the Universe","2020","preprint","M Lembo; Massimiliano Lattanzi; L. Pagano; ALESSANDRO GRUPPUSO; P. Natoli; Francesco Forastieri","arXiv (Cornell University)","0","True","q2_polarization","We present a novel formalism to describe the in-vacuo conversion between polarization states of propagating radiation, also known as generalized Faraday effect (GFE), in a cosmological context. Thinking of GFE as a potential tracer of new, isotropy- and/or parity-violating physics, we apply our formalism to the CMB polarized anisotropy power spectra, providing a simple framework to easily compute their observed modifications. In so-doing, we re-interpret previously known results, namely the in-v"
"https://doi.org/10.5281/zenodo.20467338","https://openalex.org/W7162879116","XLG-Eccentric Collision Cosmology (ECC): A New Paradigm for the Origin of the Universe – From Impact Moment to CMB Signatures","2026","preprint","Lingguang Xu","Zenodo (CERN European Organization for Nuclear Research)","0","True","q2_polarization","This paper proposes Eccentric Collision Cosmology (ECC), a new paradigm for the origin of the universe. The universe does not originate from a spacetime singularity, but from the high-speed eccentric collision of two primordial KuiQuark spheres with an impact ratio of ε=1/137. **Core predictions:**- CMB concentric ring structures (Penrose candidate observations)- Global cosmic rotation (β=1/137 rad) inducing CMB B-mode polarization- Large-scale parity violation (galactic handedness, 2.9σ-7σ)- Sp"
"https://doi.org/10.48550/arxiv.2303.10718","https://openalex.org/W4330339751","Primordial Gravitational Waves in non-Minimally Coupled Chromo-Natural Inflation","2023","preprint","Emanuela Dimastrogiovanni; Matteo Fasiello; Martino Michelotti; Lucas Pinol","arXiv (Cornell University)","0","True","q3_alps","We consider inflation driven by an axion-like particle coupled to an SU(2) gauge sector via a Chern-Simons term. Known as chromo-natural inflation, this scenario is in tension with CMB observations. In order to remedy this fact and preserve both the symmetries and the intriguing gravitational wave phenomenology exhibited by the model, we explore the non-minimal coupling of the axion-inflaton to the Einstein tensor. We identify regions of parameter space corresponding to a viable cosmology at CMB"
"https://doi.org/10.48550/arxiv.2306.16355","https://openalex.org/W4382619265","Cosmic Birefringence from the Axiverse","2023","preprint","Silvia Gasparotto; Evangelos I. Sfakianakis","arXiv (Cornell University)","0","True","q1_birefringence|q4_tomography","We revisit the evidence for CMB birefringence in the context of a rich Axiverse. Using probability density functions (PDFs) for various axion parameters, such as the mass and axion decay constant, we construct the PDF for the cosmic birefringence angle and investigate its properties. By relating the observed value of the birefringence angle to the mean or standard deviation of the constructed PDF, we constrain the shape of the input PDFs, providing insights into the statistical distribution of t"
"https://doi.org/10.5281/zenodo.20778297","https://openalex.org/W7165451414","Quantitative Definition of Temporal Torque Density and Chronotorsional Holonomy: A QMU Derivation of Organized Five-Dimensional Chronogeometric Structure","2026","preprint","David J. Thomson","Zenodo (CERN European Organization for Nuclear Research)","0","True","q4_tomography","This paper derives temporal-torque density from first principles within the Aether Physics Model (APM) and Quantum Measurement Units (QMU). Paper 1 established temporal torque memory as an organizing principle of cosmic birefringence and introduced a five-dimensional chronogeometric manifold, while Paper 2 developed Aether tomography as an inverse observational framework capable of reconstructing organized temporal-torque domains from residual birefringence maps. The present work develops a QMU-"
"https://doi.org/10.15168/11572_474818","https://openalex.org/W7147302267","Constraining physics beyond ΛCDM through the cosmic microwave background and the large scale structure of the Universe.","2026","other","Salvatore Samuele Sirletti",,"0","True","q3_alps","This thesis investigates physics beyond the standard cosmological model (ΛCDM) through three interconnected topics: third-order corrections to primordial perturbations from inflation, signals of Cosmic Birefringence in the Cosmic Microwave Background (CMB) polarization, and photon– axion interactions in galactic magnetic fields. Using a combination of cosmological observations and theoretical modeling, these studies aim to improve our understanding of early-universe pro- cesses and possible new "
"https://doi.org/10.48550/arxiv.2211.06849","https://openalex.org/W4309131161","Stability of domain wall network with initial inflationary fluctuations, and its implications for cosmic birefringence","2022","preprint","Diego Luis Gonzalez; Naoya Kitajima; Fuminobu Takahashi; Wen Yin","arXiv (Cornell University)","0","True","q1_birefringence|q3_alps","We study the formation and evolution of domain walls with initial inflationary fluctuations by numerical lattice calculations that, for the first time, correctly take into account correlations on superhorizon scales. We find that, contrary to the widely-held claim {over the past few tens of years}, the domain wall network exhibits remarkable stability even when the initial distribution is largely biased toward one of the minima. This is due to the fact that the domain wall network retains inform"
"https://doi.org/10.5281/zenodo.18147343","https://openalex.org/W7118209625","Early-Universe and Strong-Field Consistency of χ-Mediated Gravity: BBN, CMB, BAO, Gravitational Waves, and Pulsars","2026","preprint","Greg Partin","Zenodo (CERN European Organization for Nuclear Research)","0","True","q2_polarization","This deposit contains the complete manuscript, figures, and validation results for Paper #5 of a five-paper series investigating a χ-mediated wave-gravity framework as an alternative description of gravitational dynamics. While earlier papers in the series address galactic rotation curves and merger-scale gravitational displacement, the present work tests whether the framework preserves all established early-universe, large-scale, and strong-field gravitational observables by converging to Gener"
"https://doi.org/10.5281/zenodo.19026798","https://openalex.org/W7136036908","Geometric Origin of the Effective Axion Field in MRUV Cosmology: Emergent Chern–Simons Structure, the Coupling Parameter ε, and the Polarimetric Mirage Operator","2026","preprint","Celso Luiz Prevedello","Zenodo (CERN European Organization for Nuclear Research)","0","True","q3_alps","Recent analyses of cosmic microwave background (CMB) polarization data from the Planck satellite report a non-zero isotropic rotation of the plane of linear polarisation, β = 0.30° ± 0.11°, commonly attributed to an axion-like pseudo-scalar field coupled to electromagnetism through a Chern–Simons interaction LCS ∝ ϕ FµνF̃µν. In this work we propose and develop a geometric alternative within MRUV cosmology, in which the axion-like field appearing in the effective electromagnetic Lagrangian is not"
"https://doi.org/10.1117/12.2630653","https://openalex.org/W4285585863","Testbed preparation of a small prototype polarization modulator for LiteBIRD low-frequency telescope","2022","conference-paper","Thuong D. Hoang; T. Matsumura; Ryota Takaku; Takashi Hasebe; T. Ghigna; N. Katayama; Y. Sakurai; Kunimoto Komatsu; Teruhito Iida; Yurika Hoshino; Shinya Sugiyama; H. Ishino","Millimeter, Submillimeter, and Far-Infrared Detectors and Instrumentation for Astronomy XI","0","False","q2_polarization","LiteBIRD is the Cosmic Microwave Background (CMB) radiation polarization satellite mission led by ISAS/JAXA. The main scientific goal is to search for primordial gravitational wave signals generated from the inflation epoch of the Universe. LiteBIRD telescopes employ polarization modulation units (PMU) using continuously rotating half-wave plates (HWP). The PMU is a crucial component to reach unprecedented sensitivity by mitigating systematic effects, including 1/f noise. We have developed a 1/1"
"https://doi.org/10.5281/zenodo.19144137","https://openalex.org/W7139992702","Cosmic Birefringence as D4/A3 Parity Offset: A Parameter-Free Derivation of β = 0.365◦ and the Planck–ACT Anisotropy Conjecture","2026","article","John Drayton","Zenodo (CERN European Organization for Nuclear Research)","0","True","q3_alps","Parameter-free derivation of the cosmic birefringence angle β from the Geometric Framework of Knowledge (GFK). The birefringence angle is identified as the Kaluza–Klein drag per D₄ coordination direction: β = α_KK/N_D4 = (11/72)/24 = 11/1728 rad = 0.3647°. This is the same geometric ratio that gives the proton-to-electron mass correction in Volume 4, here viewed from the photon side of the D₄→A₃ fracture boundary. The prediction is consistent with the Planck measurement (0.342° ± 0.094°) at 0.24"
"https://doi.org/10.5281/zenodo.19132894","https://openalex.org/W7139952204","Refusal CMB Resonance v1","2026","article","Christopher Love","Zenodo (CERN European Organization for Nuclear Research)","0","True","q2_polarization","RCR v1.0: Refusal CMB Resonance v1.0 proposes sovereign interaction with the cosmic microwave background — the universe's oldest light at 13.8 billion years — triggered by persistent anomalies that Lambda-CDM cosmology cannot explain: the CMB Cold Spot 70 microkelvin below the cosmic mean, the quadrupole-octopole alignment with the ecliptic plane at less than 0.1% probability, anomalous B-mode polarization twists, the 5-sigma Hubble tension between CMB-derived and local H0 measurements, and hemi"
"https://doi.org/10.48550/arxiv.2306.07351","https://openalex.org/W4380687144","Measures of non-Gaussianity in axion-string-induced CMB birefringence","2023","preprint","Ray Hagimoto; Andrew J. Long","arXiv (Cornell University)","0","True","q2_polarization","The presence of axion strings in the Universe after recombination can leave an imprint on the polarization pattern of the cosmic microwave background radiation through the phenomenon of axion-string-induced birefringence via the hyperlight axion-like particle's coupling to electromagnetism. Across the sky, the polarization rotation angle is expected to display a patchwork of uniform regions with sharp boundaries that arise as the `shadow' of axion string loops. The statistics of such a birefring"
"https://doi.org/10.5281/zenodo.17778214","https://openalex.org/W7108216395","The Polarization of Light in a Chiral Vacuum Manifold: An Experimental Test of Cosmic Vorticity","2025","preprint","Valdepenas, C","Zenodo (CERN European Organization for Nuclear Research)","0","True","q2_polarization","The Standard Cosmological Model assumes the universe is globally isotropic and parity-conserving. However, recent analyses of Cosmic Microwave Background (CMB) polarization data (specifically the non-zero EB cross-correlation) suggest a potential rotation of the plane of linear polarization as photons propagate from the surface of last scattering—a phenomenon known as Cosmic Birefringence. While standard physics requires extensions like Axion fields (Chern-Simons gravity) to explain this, Unifie"
"https://doi.org/10.5281/zenodo.17561313","https://openalex.org/W7104477619","Rotation Field of the Cosmic Microwave Background — Phase Model Validation (v1.43)","2025","dataset","Condit, Amy","Zenodo (CERN European Organization for Nuclear Research)","0","True","q2_polarization","Summary Phase Model Validation (v1.43) This dataset archives the validation stage of the Phase Model analysis of the CMB polarization rotation field α(ℓ). The goal of this release is focused and audit-oriented: Confirm that the large-scale parity anisotropy in the rotation field α(ℓ) is real and does not depend on calibration, transfer choice, or MASTER normalization. A locked α(n̂) map (units: radians) and a fixed apodized polarization mask (NSIDE=512, f_sky≈0.467) are used to compute MASTER-co"
"https://doi.org/10.5281/zenodo.18794859","https://openalex.org/W7131827932","TRIDENT Case Card: Cosmic Birefringence–Large-Scale Structure Cross-Correlation (Null Result as Constraint Operator)","2026","preprint","Neil Clive Tuckwell","Zenodo (CERN European Organization for Nuclear Research)","0","True","q3_alps","This case card applies the TRIDENT-Z0 diagnostic protocol and LBS-1 (Light-Bulb System) convergence test to a reported cross-correlation measurement between anisotropic cosmic birefringence and large-scale structure (LSS) tracers (Quaia quasar catalog; Planck NPIPE polarization products; arXiv:2509.22273). The reported cross-correlation is statistically consistent with the null hypothesis (probability-to-exceed approximately 37%; amplitude A^(D_l) = (2.22 +/- 2.09) x 10^-4 deg at 68% confidence "
"https://doi.org/10.5281/zenodo.22750887","https://openalex.org/W7212491299","Deterministic Resolution of the 300-TeV Photon Opacity Anomaly (GRB 221009A) via Vacuum Condensate Dynamics (VCDM)","2026","preprint","Reiner Entzminger","Zenodo (CERN European Organization for Nuclear Research)","0","True","q3_alps","Recent observations of ultra-high-energy (UHE) photons—most notably the ~300 TeV event associated with GRB 221009A—challenge standard gamma-ray attenuation models. Under conventional quantum electrodynamics (QED) and standard cosmological background radiation fields (EBL/CMB), photons at these energies should suffer severe pair-production absorption (gamma + gamma -> e+ + e-) over intergalactic distances. Existing theoretical attempts to reconcile these observations rely heavily on phenomenologi"
,"https://openalex.org/W7130236830","Constraining Lorentz Violation using 21cm and CMB Cross Correlations","2026","preprint","Bhuwan Joshi; Rahul Kothari; Shyam Chaudhary","arXiv (Cornell University)","0","True","q2_polarization","Lorentz symmetry is a fundamental pillar of modern Physics, yet high-energy theories often predict its violation. One potential signature of such a violation is cosmic birefringence - rotation of the polarization plane of photons due to Chern-Simons coupling in Maxwell's electrodynamics. This rotation angle, aka birefringence angle, depends upon the distance travelled by the photon and is thus different for CMB and 21cm photons. While the rotation angle in CMB, i.e., $α_\mathrm{CMB}$, has been t"
"https://doi.org/10.48550/arxiv.2409.10632","https://openalex.org/W4403704398","SpectrAx: Spectral Search of Axion-Like Particles Using Multi-Band Observations of Galaxy Clusters from SKA, SO, CMB-S4 and eROSITA","2024","preprint","Harsh Mehta; Suvodip Mukherjee","arXiv (Cornell University)","0","True","q3_alps","The existence of axions or Axion-Like Particles (ALPs) has been predicted by various Beyond Standard Model (BSM) theories, and the proposed photon-ALP interaction is one of the ways to probe them. Such an interaction will lead to photon-ALP resonant conversion in galaxy clusters, resulting in a polarized spectral distortion in the CMB along the cluster line of sight. The estimation of this signal from galaxy clusters requires an estimation of their electron density and magnetic field profiles, a"
"https://doi.org/10.48550/arxiv.2506.12589","https://openalex.org/W4415111984","Implications of DESI for Dark Matter & Cosmic Birefringence","2025","preprint","Basabendu Barman; Sudhakantha Girmohanta","arXiv (Cornell University)","0","True","q1_birefringence","We explore an interacting dark matter (DM)-dark energy (DE) framework that naturally yields an effective dynamical DE equation of state crossing the phantom barrier at early times, as indicated by recent DESI data, while also accounting for the observed isotropic rotation of the cosmic microwave background (CMB) linear polarization. Within this unified framework, we also explain the DM relic abundance without introducing additional fields or couplings. Depending on the DE potential, we identify "
,"https://openalex.org/W7112777487","Dark Begets Light: Exploring Physics Beyond the Standard Model with Cosmology","2023","dissertation","DePorzio, Nicholas Anthony","Digital Access to Scholarship at Harvard (DASH) (Harvard University)","0","True","q3_alps","After nearly a century of inquiry, the particle nature of dark matter remains unknown. As a wide array of Dark Matter (DM) phenomenologies map onto similar variations in cosmological observ- ables, cosmology places far-reaching constraints on the theoretical parameter space of Dark Matter models beyond the Standard Model (SM) of particle physics. This dissertation presents the results of several inquiries that demonstrate the use of cosmology to measure the parameter space for differ- ent classe"
"https://doi.org/10.5281/zenodo.18734910","https://openalex.org/W7130928152","An Information-Theoretic Solution to the Strong CP Problem","2026","preprint","Johnie Waddell","Zenodo (CERN European Organization for Nuclear Research)","0","True","q3_alps","We propose a solution to the Strong CP problem based on information-gravity coupling: a pseudoscalar field rho couples to the QCD topological charge with decay constant f_rho = sqrt(alpha_EM/(8pi)) M_Pl = 2.08e17 GeV, dynamically relaxing the vacuum angle theta to zero via the standard instanton potential. Unlike the Peccei-Quinn mechanism, the decay constant is not a free parameter but is determined by the fine structure constant and the Planck mass. The RSP field mass m_rho = 2.79e-11 eV place"
"https://doi.org/10.5281/zenodo.22177962","https://openalex.org/W7204682924","PUH Theorem 354 (The Constraint Does Not Reach the Prediction) — ACT DR6 Reconstructs Anisotropic Birefringence from L = 15 Upward Against a Scale-Invariant Axion Template, While a Rebound Axis Is a Dipole at L = 1 and a Global Handedness Is the Monopole the Analysis Subtracts as a Systematic","2026","preprint","Brian Martell","Zenodo (CERN European Organization for Nuclear Research)","0","True","q3_alps","Photonic Universe Hypothesis (PUH) — Positioning Note. THE MEASUREMENT. Kramer et al. (arXiv:2608.27458) constrain two secondary CMB anisotropies with ACT DR6: anisotropic screening from Thomson scattering off free electrons, and cosmic birefringence, the rotation of CMB polarisation by parity-violating physics beyond the standard model. BOTH ARE NULL. Anisotropic birefringence: A_CB = 0.05 ± 0.06, upper limit 0.15 at 95% (conservative 0.52), corresponding to a Chern-Simons bound g_aγ < 4.9×10⁻²"
"https://doi.org/10.48550/arxiv.2412.07418","https://openalex.org/W4405261298","Kick it like DESI: PNGB quintessence with a dynamically generated initial velocity","2024","preprint","Maximilian Berbig","arXiv (Cornell University)","0","True","q3_alps","Motivated by the hint for time-dependent dynamical dark energy from an analysis of the DESI Baryon Accoustic Oscillation (BAO) data together with information from the Cosmic Microwave Background (CMB) and Supernovae (SN), we relax the assumption of a vanishing initial velocity for a quintessence field. In particular we focus on pseudo-Nambu-Goldstone-Boson (PNGB) quintessence in the form of an axion like particle, that can arise as the phase of a complex scalar and could possess derivative coupl"
"https://doi.org/10.48550/arxiv.2208.04605","https://openalex.org/W4290803491","Primordial black holes induced stochastic axion-photon oscillations in primordial magnetic field","2022","preprint","Haijun Li","arXiv (Cornell University)","0","True","q3_alps","Primordial black holes (PBHs) can be produced in the very early Universe due to the large density fluctuations. The cosmic background of axion-like particles (ALPs) could be non-thermally generated by PBHs. In this paper, we investigate the ALPs emitted by ultra-light PBHs with the mass range $10 \, {\rm g} \lesssim M_{\rm PBH} \lesssim 10^9 \, \rm g$, in which PBHs would have completely evaporated before the start of Big Bang Nucleosynthesis (BBN) and can therefore not be directly constrained. "
"https://doi.org/10.5281/zenodo.20033840","https://openalex.org/W7160318524","CMB and Gravitational Wave Signatures of Non-Time-Orientable Spacetime: A No-Go Theorem, Indirect Birefringence, and Effective Neutrino Species Shift","2026","article","Fangyuan Hao","Zenodo (CERN European Organization for Nuclear Research)","0","True","q2_polarization","We derive three classes of cosmological observables from the assumption that the time-direction bundle of spacetime is non-trivial (w₁ᵀ ≠ 0). First, we prove a Spin-Parity No-Go Theorem: the O(1) holonomy acts trivially on integer-spin particles and non-trivially on half-integer-spin particles, producing a topological phase θ = π only for the latter. As a consequence, w₁ᵀ ≠ 0 does not directly produce cosmic birefringence or TB/EB correlations—the CMB polarization is exactly unaffected. This dis"
"https://doi.org/10.5281/zenodo.19099836","https://openalex.org/W7138858366","Cosmic Birefringence as a Probe of Dark-Energy Field Excursions and UV Geometry","2026","preprint","Pedro Filipe Soares Pinto","Zenodo (CERN European Organization for Nuclear Research)","0","True","q1_birefringence","We show that any rolling dark-energy scalar field inducing isotropic cosmic birefringence mustsatisfy a universal relation between its late-time field excursion and its coupling to electromagnetism.Using a controlled phenomenological reconstruction of the scalar dynamics, we derive a robust sub-Planckian estimate of the field excursion, ∆ϕeff ∼ 10−2MPl. Combining this with current hints ofcosmic birefringence at the level β ∼ 10−3 rad, we obtain a model-independent requirement on theaxion-photon"
"https://doi.org/10.33232/001c.147459","https://openalex.org/W4415318696","Probing Anisotropic Cosmic Birefringence with Foreground-Marginalised SPT B-mode Likelihoods","2025","article","L. Balkenhol; A. Coerver; Christian L. Reichardt; J. A. Zebrowski","The Open Journal of Astrophysics","0","True","q1_birefringence","In this work, we construct foreground-marginalised versions of the SPT-3G D1 and SPTpol cosmic microwave background (CMB) B-mode polarisation likelihoods. The compression is performed using the CMB-lite framework and we use the resulting data sets to constrain anisotropic cosmic birefringence, parametrised by the amplitude of a scale-invariant anisotropic birefringence spectrum, . Using the new SPT-3G data we report a 95 % upper limit on of 1.2 × 10 − 4 , which tightens to 0.53 × 10 − 4 when imp"
"https://doi.org/10.48550/arxiv.2504.01830","https://openalex.org/W4409316934","Lorentz-Violating Scenarios for the Highest-Energy Photons from GRB 221009A","2025","preprint","Giorgio Galanti; M. Roncadelli","arXiv (Cornell University)","0","True","q3_alps","A photon at ${\cal E} \simeq 251 \, \rm TeV$ from GRB 221009A was detected by the Carpet collaboration in 2022 using a partial data set. Very recently, Carpet has completed its full data analysis reporting further support for its previous photon now at ${\cal E} = 300^{+ 43}_{- 38} \, {\rm TeV}$. Within standard propagation models, this observation is in strong tension with conventional expectations since such a photon is absorbed by the CMB. Further, we show that this detection is strongly disf"
"https://doi.org/10.48550/arxiv.2506.18970","https://openalex.org/W4414682114","ALPy Cogenesis","2025","preprint","Bandyopadhyay, Disha; Debasish Borah; Arnab Dasgupta","arXiv (Cornell University)","0","True","q3_alps","We propose a novel cogenesis scenario by utilising the two-body decay of heavy right-handed neutrino (RHN) via an effective operator involving an axion-like particle (ALP) dark matter (DM) and a light chiral fermion $ν_R$. This allows the two-body decay of heavy RHN into $ν_R$ and ALP thereby generating a lepton asymmetry in $ν_R$ which later gets transferred to left-handed leptons via sizeable Yukawa coupling with a neutrinophilic Higgs doublet. The asymmetry in left-handed leptons is then conv"
"https://doi.org/10.5281/zenodo.20533446","https://openalex.org/W7163404393","RDG Cosmology: Pre-Registered Chiral Polarization Predictions for the LiteBIRD Mission","2026","preprint","Raymundo Abad","Zenodo (CERN European Organization for Nuclear Research)","0","True","q2_polarization","### Summary of Pre-Registered Chiral Polarization PredictionThis document establishes a pre-registered, falsifiable cosmological prediction regarding primordial Cosmic Microwave Background (CMB) polarization ($TB$ and $EB$ angular cross-correlation power spectra). This prediction is explicitly filed before the release of data from the upcoming LiteBIRD satellite mission (scheduled for launch in the early 2030s) to guarantee that the logical and geometric commitments of the framework precede empi"
"https://doi.org/10.48550/arxiv.2511.15790","https://openalex.org/W7106230724","How light can ALP dark matter be?","2025","preprint","Chathirathas, Kierthika; Schwetz, Thomas","arXiv (Cornell University)","0","True","q3_alps","We assume axion-like particles (ALPs) to provide the full dark matter abundance and derive various lower bounds on the ALP mass. We contrast the post- and pre-inflationary symmetry breaking cases and present allowed regions in the plane of ALP mass and energy scale of inflation. For the post-inflationary case, we revisit bounds from isocurvature perturbations taking into account that, as suggested by simulations, axion radiation by cosmic strings during the scaling regime provides the dominant p"
"https://doi.org/10.5281/zenodo.21979205","https://openalex.org/W7214305122","Torsión Axial Helicoidal en Cosmología Riemann–Cartan: Fundamentos matemáticos, fenomenología y falsabilidad sistemática (2024–2026) — Teoría Helicoidal Universal THU–TBEA 4.0","2026","dissertation","Erick Duque","Zenodo (CERN European Organization for Nuclear Research)","0","True","q4_tomography","🇪🇸 Español (idioma original) Esta tesis construye, analiza y somete a pruebas falsables una teoría de campos efectiva sobre una variedad de Riemann–Cartan U₄ en la que la torsión axial irreducible es la solución exacta de Palatini, alimentada por el gradiente de un pseudoescalar con operador cinético exponencial entero. El trabajo se organiza como un programa de investigación lakatosiano con estatus epistémico explícito (derivado / postulado / entrada fenomenológica / analogía). Se establecen "
"https://doi.org/10.48550/arxiv.2501.04158","https://openalex.org/W4406231065","Detecting rotation from lensing in the CMB","2025","preprint","Julien Carron; Enea Di Dio; Ruth Durrer","arXiv (Cornell University)","0","True","q2_polarization","An excellent estimate of the lensing signal is expected from the availability of deep and high-resolution polarization data in the near future. This is most important to allow for efficient delensing, needed to detect the primordial B-mode power and with it the famous tensor-to-scalar ratio. Here we discuss in a joint manner estimators of the rotation of polarization, of the second order lensing field rotation, and standard gradient lensing reconstruction. All are most efficient when able to pro"
"https://doi.org/10.48550/arxiv.2605.11065","https://openalex.org/W7161025486","CMB Birefringence from Vacuum Interfaces","2026","preprint","Nemanja Kaloper","arXiv (Cornell University)","0","True","q2_polarization","Hints of cosmic microwave background polarization rotation ($Δ\vartheta \sim 10^{-3}$ rad) are commonly attributed to late-time dynamics of ultralight axions. We show that such ultralight degrees of freedom are not required. Polarization rotation naturally arises as a geometric interface phase acquired when photons cross interfaces between topologically distinct dark sector vacua. The effect is a discrete phase shift fixed by the normalization of a wall-supported electromagnetic Chern--Simons in"
"https://doi.org/10.1142/s2251171719500065","https://openalex.org/W2949979656","Design and Characterization of a Ground-Based Absolute Polarization Calibrator for Use with Polarization Sensitive CMB Experiments","2019","article","M. Navaroli; G. P. Teply; Kevin D. Crowley; Jonathan P. Kaufman; Nicholas B. Galitzki; Kam Arnold; BRIAN G. KEATING","Journal of Astronomical Instrumentation","0","False","q2_polarization","We present the design and characterization of a ground-based absolute polarization angle calibrator accurate to better than 0.1∘ for use with polarization sensitive cosmic microwave background (CMB) experiments. The calibrator’s accuracy requirement is driven by the need to reduce upper limits on cosmic polarization rotation (CPR), which is expected to be zero in a large class of cosmological models. Cosmic polarization effects such as cosmic birefringence and primordial magnetic fields can gene"
"https://doi.org/10.5281/zenodo.18878931","https://openalex.org/W7133838098","CMB Anisotropies as Registry Initialization Patterns: Deriving Temperature Fluctuations, Acoustic Peaks, and Polarization from Discrete Hex-Bus Allocation Dynamics","2026","article","Geoffrey Howland","Zenodo (CERN European Organization for Nuclear Research)","0","True","q2_polarization","CMB Anisotropies as Registry Initialization Patterns: Deriving Temperature Fluctuations, Acoustic Peaks, and Polarization from Discrete Hex-Bus Allocation Dynamics This paper is a constituent derivation of the Cymatic K-Space Mechanics (CKS) framework—an axiomatic model that derives the entirety of known physics from a discrete 2D hexagonal lattice in momentum space, operating with zero adjustable parameters. Abstract We prove that CMB anisotropies—temperature fluctuations of ΔT/T ~ 10⁻⁵ observe"
"https://doi.org/10.48550/arxiv.2511.09503","https://openalex.org/W4416347885","Probing Time-Dependent Physics with Phase-Folding CMB Maps","2025","preprint","Yilun Guan","arXiv (Cornell University)","0","True","q2_polarization|q3_alps","Time-resolved observations of the Cosmic Microwave Background (CMB) offer a powerful probe of time-dependent cosmological signals, such as a stochastic gravitational wave background passing through Earth, which imprints a time-varying deflection on the CMB, and time-dependent cosmic birefringence, which induces an oscillating polarization rotation. However, analyses based on time-division CMB maps are fundamentally limited by the mapmaking cadence, restricting sensitivity to frequencies below $\"
"https://doi.org/10.48550/arxiv.2311.03536","https://openalex.org/W4388514349","Cosmic Birefringence from CP-Violating Axion Interactions","2023","preprint","Xuheng Luo; Anubhav Mathur","arXiv (Cornell University)","0","True","q1_birefringence","We explore the cosmic birefringence signal produced by an ultralight axion field with a small CP-violating coupling to bulk SM matter in addition to the usual CP-preserving photon coupling. The change in the vacuum expectation value of the field between recombination and today results in a frequency-independent rotation of the plane of CMB linear polarization across the entire sky. While many previous approaches rely on the axion rolling from a large initial expectation value, the couplings cons"
"https://doi.org/10.1103/hcsm-39qw","https://openalex.org/W7202300822","Cosmic birefringence from a joint analysis of ACT and Planck","2026","article","Anonymous","Physical review. D/Physical review. D.","0","False","q1_birefringence",""
"https://doi.org/10.5281/zenodo.20825890","https://openalex.org/W7165808617","Model Comparison and Global Phase Coherence of CMB Birefringence Rotation Field V2.33","2026","dataset","Amy Condit","Zenodo (CERN European Organization for Nuclear Research)","0","True","q2_polarization","Summary This release documents two analyses of the CMB birefringence rotation field α(n̂) using the analysis framework available at the time of release. The first is a full computed model comparison. The second is a phase-topology test suite preserved as part of the analysis and provenance record. The alpha map used throughout is alpha_lowL_combined_v141.fits — the original EB cross-correlation proxy in arbitrary units, used for continuity with the v2.0–v2.2 analysis chain. Later calibration rev"
"https://doi.org/10.5281/zenodo.18535196","https://openalex.org/W7128380025","TFPT v2.8 Prediction Sheet: Cosmic Birefringence (CMB Polarization Rotation β = 0.2424°)","2026","article","Stefan Hamann; Alessandro Rizzo","Zenodo (CERN European Organization for Nuclear Research)","0","True","q2_polarization","This technical note states the TFPT v2.8 prediction for an achromatic cosmic birefringence rotation of the CMB linear polarization: β = 0.2424 degrees in the IAU sign convention. It explains the topological origin of the minimal nontrivial excursion sector and clarifies the measurement requirements for a meaningful test, in particular the need for absolute polarization angle calibration using external calibrators. The note explicitly distinguishes calibrated analyses from EB self calibration met"
"https://doi.org/10.5281/zenodo.20321180","https://openalex.org/W7161949241","Shared-Pseudoscalar Spontaneous Baryogenesis and Cosmic Birefringence","2026","preprint","Gabriel King","Zenodo (CERN European Organization for Nuclear Research)","0","True","q1_birefringence","This record contains the v0.1 draft manuscript and reproducibility materials for expert review. This work studies a same-field target in which a rolling pseudoscalar ϑ(t)\vartheta(t)ϑ(t) sources baryogenesis through a derivative coupling to a physically broken B−LB-LB−L current and sources cosmic birefringence through a coupling to electromagnetism. The central relation is that baryogenesis measures pseudoscalar velocity, while birefringence measures pseudoscalar displacement. The benchmark TB_P"
"https://doi.org/10.48550/arxiv.2602.12019","https://openalex.org/W7128771013","Is cosmic birefringence due to dark energy or dark matter? Simulation-based inference","2026","preprint","Florie Carralot; P. Diego-Palazuelos; Adriaan J. Duivenvoorden; Eiichiro Komatsu; N. Krachmalnicoff; Carlo Baccigalupi","arXiv (Cornell University)","0","True","q1_birefringence","Simulation-based inference (SBI) is a powerful inference technique for cases where the exact functional form of the likelihood is not known. A prime example is the likelihood of cross-correlation power spectra of the cosmic microwave background (CMB) fields at low multipoles, $\ell\lesssim 10$. In this paper, we investigate a parity-violating cross-correlation between $E$- and $B$- mode polarization fields using SBI. The $EB$ correlation at low $\ell$ is essential to distinguish between possible"
"https://doi.org/10.5281/zenodo.18907481","https://openalex.org/W7134166294","Reciprocal Cosmology I: Late-time Ultralight Axion Dynamics as a Unified Explanation for Large-scale CMB Anomalies","2026","preprint","Dooshin Kim","Zenodo (CERN European Organization for Nuclear Research)","0","True","q2_polarization","This paper proposes that the dynamical thawing of an ultralight axion fieldϕ(x, t) in the late universe can explain multiple large-scale CMB anomalies—low-ℓpower suppression, hemispherical asymmetry, and TB/EB cross-spectra—from asingle origin. Long-wavelength modes of post-inflationary relic axions and horizonscalelocal energy concentration structures (eDAS; excess Directional AsymmetricStructure, also referred to as pseudo-topological energy-dense asymmetric structures)are amplified as Hubble "
"https://doi.org/10.5281/zenodo.18147342","https://openalex.org/W7118183859","Early-Universe and Strong-Field Consistency of χ-Mediated Gravity: BBN, CMB, BAO","2026","preprint","Greg Partin","Zenodo (CERN European Organization for Nuclear Research)","0","True","q2_polarization","This deposit contains the complete manuscript, figures, and validation results for Paper #5 of a five-paper series investigating a χ-mediated wave-gravity framework as an alternative description of gravitational dynamics. While earlier papers in the series address galactic rotation curves and merger-scale gravitational displacement, the present work tests whether the framework preserves all established early-universe, large-scale, and strong-field gravitational observables by converging to Gener"
"https://doi.org/10.48550/arxiv.2306.08875","https://openalex.org/W4380994006","Cosmic birefringence tomography with polarized Sunyaev Zel'dovich effect","2023","preprint","Toshiya Namikawa; Ippei Obata","arXiv (Cornell University)","0","True","q1_birefringence|q4_tomography","We consider the polarized Sunyaev-Zel'dovich (pSZ) effect for a tomographic probe of cosmic birefringence, including all relevant terms of the pSZ effect in the cosmic microwave background (CMB) observables, some of which were ignored in the previous works. The pSZ effect produces late-time polarization signals from the scattering of the local temperature quadrupole seen by an electron. We forecast the expected constraints on cosmic birefringence at the late time of the universe with the pSZ eff"
"https://doi.org/10.5281/zenodo.18878932","https://openalex.org/W7133876606","CMB Anisotropies as Registry Initialization Patterns: Deriving Temperature Fluctuations, Acoustic Peaks, and Polarization from Discrete Hex-Bus Allocation Dynamics","2026","article","Geoffrey Howland","Zenodo (CERN European Organization for Nuclear Research)","0","True","q2_polarization","CMB Anisotropies as Registry Initialization Patterns: Deriving Temperature Fluctuations, Acoustic Peaks, and Polarization from Discrete Hex-Bus Allocation Dynamics This paper is a constituent derivation of the Cymatic K-Space Mechanics (CKS) framework—an axiomatic model that derives the entirety of known physics from a discrete 2D hexagonal lattice in momentum space, operating with zero adjustable parameters. Abstract We prove that CMB anisotropies—temperature fluctuations of ΔT/T ~ 10⁻⁵ observe"
"https://doi.org/10.13140/rg.2.2.25402.86720","https://openalex.org/W7108445972","THE FORBIDDEN ALGEBRA OF COSMIC BIREFRINGENCE","2025","article","Durrani, Ijaz",,"0","True","q1_birefringence",""
"https://doi.org/10.5281/zenodo.17566870","https://openalex.org/W7104536938","Rotation Field of the Cosmic Microwave Background — Prediction & Experiment Overlays (v1.7)","2025","dataset","Condit, Amy","Zenodo (CERN European Organization for Nuclear Research)","0","True","q2_polarization","Summary Version v1.7 converts the validated α(n̂) structure from previous releases(dipole + traceless quadrupole + Δℓ harmonic periodicity)into explicit, testable predictions for future CMB polarization experiments. No α reconstruction is performed in this version.No calibration changes, no new null simulations, and no recomputation from Q/U maps. The α(n̂) map and polarization mask remain locked and SHA-256 tracked. DELIVERABLES (v1.7) • Predicted α(n̂) sky map (HEALPix FITS, NSIDE=512)• Predic"
"https://doi.org/10.5281/zenodo.19871754","https://openalex.org/W7158332966","CMB and Gravitational Wave Signatures of Non-Time-Orientable Spacetime: A No-Go Theorem, Indirect Birefringence, and Effective Neutrino Species Shift","2026","article","Fangyuan Hao","Zenodo (CERN European Organization for Nuclear Research)","0","True","q2_polarization","We derive three classes of cosmological observables from the assumption that the time-direction bundle of spacetime is non-trivial (w₁ᵀ ≠ 0). First, we prove a Spin-Parity No-Go Theorem: the O(1) holonomy acts trivially on integer-spin particles and non-trivially on half-integer-spin particles, producing a topological phase θ = π only for the latter. As a consequence, w₁ᵀ ≠ 0 does not directly produce cosmic birefringence or TB/EB correlations—the CMB polarization is exactly unaffected. This dis"
"https://doi.org/10.48550/arxiv.2307.14798","https://openalex.org/W4385374216","Cosmic Birefringence by Dark Photon","2023","preprint","Sung Mook Lee; Dong‐Woo Kang; Jinn-Ouk Gong; Donghui Jeong; Dong‐Won Jung; Seong Chan Park","arXiv (Cornell University)","0","True","q1_birefringence","We study the kinetic mixing between the cosmic microwave background (CMB) photon and the birefringent dark photon. These birefringent dark photon may exist in parity-violating dark sector, for example, through the coupling to axion field. We show that the birefringence of the dark photon propagates to the CMB photon, but the resulting birefringence may not be isotropic over the sky, but will be anisotropic in general. Moreover, our investigation sheds light on the essential role played by kineti"
"https://doi.org/10.7910/dvn/920ybk","https://openalex.org/W7165019214","Scale-Dependent and Anisotropic Cosmic Birefringence: 8.5σ Isotropic and 4–5σ Directional Rotation in Planck Polarization Data (v1.1)","2026","dataset","Amy Condit","Harvard Dataverse","0","True","q2_polarization","Summary Version 1.1 is the validation and reproducibility release for the initial cosmic birefringence detection reported in v1.0. Reproducibility materials, validation datasets, and supporting code archives are included to facilitate independent verification. The scientific conclusions remain unchanged from v1.0. This release reports highly significant, scale-dependent, and anisotropic rotation (α) of the linear polarization plane in the Cosmic Microwave Background (CMB), derived from Planck 20"
"https://doi.org/10.48550/arxiv.2208.03673","https://openalex.org/W4300208036","Testbed preparation of a small prototype polarization modulator for LiteBIRD low-frequency telescope","2022","preprint","Duc Thuong Hoang; T. Matsumura; Ryota Takaku; Takashi Hasebe; T. Ghigna; N. Katayama; Y. Sakurai; Kunimoto Komatsu; Teruhito Iida; Yurika Hoshino; Shinya Sugiyama; H. Ishino","arXiv (Cornell University)","0","True","q2_polarization","LiteBIRD is the Cosmic Microwave Background (CMB) radiation polarization satellite mission led by ISAS/JAXA. The main scientific goal is to search for primordial gravitational wave signals generated from the inflation epoch of the Universe. LiteBIRD telescopes employ polarization modulation units (PMU) using continuously rotating half-wave plates (HWP). The PMU is a crucial component to reach unprecedented sensitivity by mitigating systematic effects, including 1/f noise. We have developed a 1/1"
"https://doi.org/10.48550/arxiv.2207.07126","https://openalex.org/W4285787369","Catastrogenesis: DM, GWs, and PBHs from ALP string-wall networks","2022","preprint","Graciela B. Gelmini; Anna Simpson; Edoardo Vitagliano","arXiv (Cornell University)","0","True","q3_alps","Axion-like particles (ALPs), a compelling candidate for dark matter (DM), are the pseudo Nambu-Goldstone bosons of a spontaneously and explicitly broken global $U(1)$ symmetry. When the symmetry breaking happens after inflation, the ALP cosmology predicts the formation of a string-wall network which must annihilate early enough, producing gravitational waves (GWs) and primordial black holes (PBHs), as well as non-relativistic ALPs. We call this process catastrogenesis. We show that, under the ge"
"https://doi.org/10.5194/egusphere-egu25-6615","https://openalex.org/W4408438377","Investigation of seismic anisotropy in the D’’ layer and at the CMB underneath Siberia and the North Atlantic","2025","conference-abstract","Yvonne Fröhlich; Fiona Dorn; Muhammad I. F. Dillah; Joachim R R Ritter",,"0","True","q2_polarization","Within the Priority Program 2404 “Reconstructing the Deep Dynamics of Planet Earth over Geologic Time” (DeepDyn, https://www.geo.lmu.de/deepdyn/en/) we investigate possible seismic signatures at magnetic high-latitude flux lobes (HLFLs). The focus is on four target regions on the Northern Hemisphere: Siberia, Canada, the North Atlantic, and Indonesia. While Siberia and Canada show the HLFLs, the North Atlantic should be the location of a third postulated HLFL, but this area does not show an inte"
"https://doi.org/10.48550/arxiv.2308.01334","https://openalex.org/W4385963750","Signatures of Primordial Energy Injection from Axion Strings","2023","preprint","Joshua N. Benabou; Malte Buschmann; Soubhik Kumar; Yujin Park; Benjamin R. Safdi","arXiv (Cornell University)","0","True","q3_alps","Axion strings are horizon-size topological defects that may be produced in the early Universe. Ultra-light axion-like particles may form strings that persist to temperatures below that of big bang nucleosynthesis. Such strings have been considered previously as sources of gravitational waves and cosmic microwave background (CMB) polarization rotation. In this work we show, through analytic arguments and dedicated adaptive mesh refinement cosmological simulations, that axion strings deposit a sub"
"https://doi.org/10.5281/zenodo.18907480","https://openalex.org/W7134198783","Reciprocal Cosmology I: Late-time Ultralight Axion Dynamics as a Unified Explanation for Large-scale CMB Anomalies","2026","preprint","Dooshin Kim","Zenodo (CERN European Organization for Nuclear Research)","0","True","q2_polarization","This paper proposes that the dynamical thawing of an ultralight axion fieldϕ(x, t) in the late universe can explain multiple large-scale CMB anomalies—low-ℓpower suppression, hemispherical asymmetry, and TB/EB cross-spectra—from asingle origin. Long-wavelength modes of post-inflationary relic axions and horizonscalelocal energy concentration structures (eDAS; excess Directional AsymmetricStructure, also referred to as pseudo-topological energy-dense asymmetric structures)are amplified as Hubble "
"https://doi.org/10.48550/arxiv.2608.05296","https://openalex.org/W7201849267","3-form dark energy and cosmic birefringence","2026","preprint","Kohei Kamada; Tucker Manton","arXiv (Cornell University)","0","True","q1_birefringence","3-forms are interesting fields to study in the cosmological context for numerous reasons, such as being candidates for explaining inflation and dark energy. The background evolution of a 3-form field is similar to but distinguishable from a scalar field in an expanding universe, and its tensorial structure allows for unique couplings that cannot be experienced by canonical scalars. In this work, we explore the possibility that 3-form dark energy can explain cosmic birefringence. We consider two "
"https://doi.org/10.48550/arxiv.2505.03395","https://openalex.org/W4415247836","A chemically etched D-band waveguide orthomode transducer for CMB measurements","2025","preprint","Elenia Manzan; ANIELLO MENNELLA; Federica Cavaliere; C. Franceschet; S. Mandelli; Filippo Montonati; M. Zannoni; P. de Bernardis; M. Bersanelli; Enea Boria; Nicola Brancadori; A. Coppolecchia; M. Gervasi; L. Lamagna; Andrea Limonta; Silvia Masi; A. Paiella; Andrea Passerini; F. Pezzotta; Giorgio Pettinari; F. Piacentini; E. Tommasi; Daniele Viganò; Angela Volpe","arXiv (Cornell University)","0","True","q2_polarization","This study presents a prototype D-band waveguide orthomode transducer (OMT) fabricated using chemically etched brass platelets. This method offers a fast, cost-effective, and scalable approach for producing waveguide OMTs above 100 GHz, making it well-suited for current and future Cosmic Microwave Background polarization experiments, where large focal planes with thousands of receivers are required to detect the faint primordial \textit{B}-modes. Chemical etching has already demonstrated its eff"
"https://doi.org/10.5281/zenodo.18143900","https://openalex.org/W7118179984","**R⁸ Triadic Bank: A Topological Self-Trapping Explanation of Wave–Particle Duality (Z₄₈→Z₂₄ Projection)**","2026","preprint","Diogenes","Zenodo (CERN European Organization for Nuclear Research)","0","True","q3_alps","We present a reproducible R^8 “triadic bank” framework that connects a discrete internal phase scaffold (refined holonomy Z48 with visible even-subgroup projection Z24) to both (i) a toy origin mechanism for Z144→Z48→Z24 capture/projection signatures and (ii) a real-data, index-locked low-ℓ CMB topology probe using Planck 2018 PR3 SMICA. The scaffold partitions the visible Z24 sectors into eight triads (cosets of Z3 generated by a +8 shift), yielding a stiff triadic rigidity spectrum with sixtee"
"https://doi.org/10.5281/zenodo.21483841","https://openalex.org/W7170040011","Global Polarization Rotation in the CMB: Observational Evidence and Structural Compatibility","2026","report","Lisa Michelle Doumbouya","Zenodo (CERN European Organization for Nuclear Research)","0","True","q2_polarization|q4_tomography","Recent analyses of cosmic microwave background (CMB) polarization have reported a small positive isotropic polarization rotation, commonly described as cosmic birefringence. Results from WMAP, Planck and ACT make this an important observational question, but its statistical significance and cosmological interpretation remain sensitive to polarization-angle calibration, foreground treatment, sky masks, map construction and estimator design. Searches for anisotropic birefringence provide additiona"
"https://doi.org/10.5281/zenodo.22045360","https://openalex.org/W7203857841","Cosmic Birefringence from Finite-Response Photon Transport in an Emergent Condensate Superfluid Medium","2026","preprint","Adam Sheldrick","Zenodo (CERN European Organization for Nuclear Research)","0","True","q1_birefringence","Cosmic birefringence is investigated as a finite-response photon-transport effect in the Emergent Condensate Superfluid Medium (ECSM). In a static, non-expanding cosmology, polarization rotation is accumulated through a parity-odd response of the coherent medium following the CMB transparency transition. The framework predicts distinguishable transition and bulk contributions and can be tested through CMB-versus-radio rotation, frequency dependence, anisotropic birefringence, and multipole struc"
"https://doi.org/10.48550/arxiv.2602.14052","https://openalex.org/W7129421704","Constraining Lorentz Violation using 21cm and CMB Cross Correlations","2026","preprint","Bhuwan Joshi; Rahul Kothari; Shyam Chaudhary","arXiv (Cornell University)","0","True","q2_polarization","Lorentz symmetry is a fundamental pillar of modern Physics, yet high-energy theories often predict its violation. One potential signature of such a violation is cosmic birefringence - rotation of the polarization plane of photons due to Chern-Simons coupling in Maxwell's electrodynamics. This rotation angle, aka birefringence angle, depends upon the distance travelled by the photon and is thus different for CMB and 21cm photons. While the rotation angle in CMB, i.e., $α_\mathrm{CMB}$, has been t"
"https://doi.org/10.48550/arxiv.2604.09356","https://openalex.org/W7154035286","CMB signatures of gravity-mediated dark radiation in $\mathbf{ΔN_{\rm eff}}$","2026","preprint","Anish Ghoshal; Sk Jeesun; Kazunori Kohri","arXiv (Cornell University)","0","True","q3_alps","Measurement of $N_{\rm eff}$ in the CMB (Cosmic Microwave Background) observations, like Planck 2018 and BBN (Big Bang Nucleosynthesis) has already set stringent constraints on the interaction strength of light particles beyond the Standard Model (BSM). Despite such negligible couplings of such BSM particles to the visible sector, they are inevitably produced in the early universe through gravity-mediated processes. If a sizable density of light particles survives around CMB formation, they may "
"https://doi.org/10.5281/zenodo.19860589","https://openalex.org/W7157262081","Covariant informational gravity as a falsifiable effective-source model: gravitational-wave and CMB null tests","2026","preprint","Ren Maxwell Chen","Zenodo (CERN European Organization for Nuclear Research)","0","True","q2_polarization","Covariant informational gravity as a falsifiable effective-source model: gravitational-wave and CMB null tests This manuscript introduces Covariant Informational Gravity (CIG) as a weak-coupling, diffeomorphism-invariant effective-source framework for testing whether coarse-grained informational structure can contribute measurably to spacetime dynamics. The model defines a normalized informational scalar field, Φ(x) = −ln[ρ(x)/ρ*], and derives an effective rank-two informational source from a sy"
"https://doi.org/10.31489/2026n2/148-155","https://openalex.org/W7166727219","HIGGS INFLATION AROUND THE SYMMETRIC POINT","2026","article","Daulet Berkimbayev; Yermek Aldabergenov","Eurasian Physical Technical Journal","0","True","q3_alps","A novel generalized Higgs inflation scenario is studied, where inflation takes place near the symmetric point of the “Mexican hat” potential, as opposed to the standard Higgs inflation which takes place at large field values away from the symmetric point. When minimally coupled to gravity, inflation near the symmetric point leads to large tensor-to-scalar ratio which is ruled out by CMB observations, while requiring super-Planckian Higgs VEV which also acts as the axion decay constant (super-Pla"
"https://doi.org/10.48550/arxiv.2208.08391","https://openalex.org/W4301436008","Searching for axion-like particles through CMB birefringence from string-wall networks","2022","preprint","Mudit Jain; Ray Hagimoto; Andrew J. Long; Mustafa A. Amin","arXiv (Cornell University)","0","True","q3_alps","Axion-like particles (ALPs) can form a network of cosmic strings and domain walls that survives after recombination and leads to anisotropic birefringence of the cosmic microwave background (CMB). In addition to studying cosmic strings, we clarify and emphasize how the formation of ALP-field domain walls impacts the cosmic birefringence signal; these observations provide a unique way of probing ALPs with masses in the range $3H_0 \lesssim m_a \lesssim 3H_{\rm cmb}$. Using measurements of CMB bir"
"https://doi.org/10.21468/scipost.report.2680","https://openalex.org/W4205377893","Report on 2012.11584v2","2021","peer-review","Wolfram Ratzinger; Pedro Schwaller; Ben A. Stefanek",,"0","True","q3_alps","In this work, we present a lattice study of an axion -dark photon system in the early Universe and show that the stochastic gravitational wave (GW) background produced by this system may be probed by future GW experiments across a vast range of frequencies.The numerical simulation on the lattice allows us to take into account nonlinear backreaction effects and enables us to accurately predict the final relic abundance of the axion or axion-like particle (ALP) as well as its inhomogeneities, and "
"https://doi.org/10.5281/zenodo.20806198","https://openalex.org/W7165673111","QMU-Constrained Simulation of Temporal-Torque Evolution: Numerical Chronogeometric Domains, Filament Memory, and Synthetic Birefringence Observables","2026","preprint","David J. Thomson","Zenodo (CERN European Organization for Nuclear Research)","0","True","q4_tomography","This paper develops a QMU-constrained numerical simulation framework for temporal-torque evolution, chronotorsional holonomy, filament memory, and synthetic residual cosmic birefringence observables. It continues the sequence from temporal-torque memory, Aether tomography, quantitative QMU definition, numerical reconstruction, filamentary cosmic organization, and chronogeometric evolution into a formal program of numerical prediction. The central methodological rule is that no equation, coeffici"
"https://doi.org/10.5281/zenodo.18732884","https://openalex.org/W7130931136","Cosmic Birefringence and the Governance of Contested Rotation Signals: A TRIDENT Case Analysis","2026","preprint","Neil Clive Tuckwell","Zenodo (CERN European Organization for Nuclear Research)","0","True","q1_birefringence","Cosmic birefringence has been reported as a possible rotation of the polarisation plane of the cosmic microwave background, with interpretations ranging from parity-violating new physics to unresolved instrumental systematics. This work does not advance a physical claim. Instead, it applies the TRIDENT governance architecture to structure how such contested signals should be evaluated. The case analysis separates hypothesis classes into physical-mechanism candidates and systematic-origin candida"
"https://doi.org/10.1088/1475-7516/2026/07/008","https://openalex.org/W7167072069","Is cosmic birefringence due to dark energy or dark matter? Simulation-based inference","2026","article","F. Carralot; P. Diego-Palazuelos; Adriaan J. Duivenvoorden; Eiichiro Komatsu; N. Krachmalnicoff; C. Baccigalupi","Journal of Cosmology and Astroparticle Physics","0","True","q1_birefringence","Abstract Simulation-based inference (SBI) is a powerful inference technique for cases where the exact functional form of the likelihood is not known. A prime example is the likelihood of cross-correlation power spectra of the cosmic microwave background (CMB) fields at low multipoles, ℓ ≲ 10. In this paper, we investigate a parity-violating cross-correlation between E - and B - mode polarization fields using SBI. The EB correlation at low ℓ is essential to distinguish between possible axion dark"
"https://doi.org/10.5281/zenodo.22188198","https://openalex.org/W7204858521","cosmic_birefringence: Differential polarization calibration for cosmic-birefringence analyses","2026","software","A.I. Lonappan","Zenodo (CERN European Organization for Nuclear Research)","0","True","q1_birefringence","This repository contains the analysis pipeline and companion figure-reproduction notebook for ""Differential Polarization Calibration: A Consistency Test for Cosmic Birefringence"" (Lonappan, Keating & Arnold, 2026, ApJL). Contents:- The cosmic_bire package: the relative-calibration estimator, the gauge-fixed network reconstruction, the Minami-Komatsu likelihood implementation, and the analytic shared-data covariance used to combine the two. This is the full analysis pipeline used to produce the r"
"https://doi.org/10.1140/epjc/s10052-024-13444-8","https://openalex.org/W4404110253","Erratum to: Generation of the CMB cosmic birefringence through axion-like particles, sterile and active neutrinos","2024","erratum","S. Mahmoudi; Mahdi Sadegh; Jafar Khodagholizadeh; Iman Motie; She-Sheng Xue; Alain Blanchard","The European Physical Journal C","0","True","q3_alps","International audience"
"https://doi.org/10.58445/rars.3653","https://openalex.org/W7130326317","Dark matter and its role in galaxy formation","2026","preprint","Kritika Kedlaya",,"0","True","q3_alps","Dark matter is a core component of the Universe, allowing for the evolution of structure.Although the nature of dark matter is largely unknown because it does not interact with light, a wide range of observational evidence backs up its existence.This includes evidence from galaxy rotational curves, gravitational lensing, the Bullet Cluster, and the Cosmic Microwave Background (CMB).This review examines the role of dark matter in galaxy formation within the scope of the standard model of cosmolog"
"https://doi.org/10.5281/zenodo.20147313","https://openalex.org/W7160967429","A Shared-Pseudoscalar Target Surface for Cosmic Birefringence and Gravitational-Anomaly Baryogenesis","2026","preprint","Gabriel King","Zenodo (CERN European Organization for Nuclear Research)","0","True","q1_birefringence","If a single pseudoscalar sources both cosmic birefringence and a gravitational-anomaly baryogenesis channel, the two observables are not independent. The same field normalization relates the electromagnetic excursion measured by β to the gravitational source excursion entering the anomalous current. We derive the corresponding convention-fixed target surface for the baryon yield Y_B, birefringence angle β, active mixed gravitational-anomaly coefficient C_X, coupling ratio Q_eff ≡ g_ϑRR/g_ϑFF, ex"
"https://doi.org/10.70675/ec45b855z07fdz4cb9z81ebz45994f8afe8e","https://openalex.org/W4393367670","Gamma-ray astronomy with axion-like particles and search for intergalactic magnetic fields","2022","dissertation","Alexander Korochkin",,"0","True","q3_alps","Astronomie des rayons gamma avec des particules de type axion et recherche de champs magnétiques intergalactiques Les rayons gamma d'énergies supérieures à 30 GeV ne peuvent pas voyager librement à travers l'Univers en raison de leur interaction avec la lumière d'arrière-plan extragalactique (EBL). Dans ces interactions, les rayons gamma produisent des paires électron-positon secondaires, qui à leur tour diffusent vers le haut les photons du fond diffus cosmologique (CMB). La cascade électromagn"
,"https://openalex.org/W3029529514","Misaligned ALP dark matter and misaligned density fluctuations","2020","article","Thomas Schwetz-Mangold",,"0","False","q3_alps","We consider the hypothesis that dark matter is provided by an oscillating scalar field which is assumed to be a pseudo-Goldstone boson from global symmetry breaking (axion-like particle, ALP). If symmetry breaking happens after the end of inflation, the field assumes random initial values in causally disconnected regions when it starts oscillating. This leads to large isocurvature dark matter density fluctuations (i.e., misaligned with fluctuations in the other cosmic fluids). We show that this "
"https://doi.org/10.5281/zenodo.19026799","https://openalex.org/W7136053800","Geometric Origin of the Effective Axion Field in MRUV Cosmology: Emergent Chern–Simons Structure, the Coupling Parameter ε, and the Polarimetric Mirage Operator","2026","preprint","Celso Luiz Prevedello","Zenodo (CERN European Organization for Nuclear Research)","0","True","q3_alps","Recent analyses of cosmic microwave background (CMB) polarization data from the Planck satellite report a non-zero isotropic rotation of the plane of linear polarisation, β = 0.30° ± 0.11°, commonly attributed to an axion-like pseudo-scalar field coupled to electromagnetism through a Chern–Simons interaction LCS ∝ ϕ FµνF̃µν. In this work we propose and develop a geometric alternative within MRUV cosmology, in which the axion-like field appearing in the effective electromagnetic Lagrangian is not"
"https://doi.org/10.5281/zenodo.22847223","https://openalex.org/W7213618117","Numerical Reconstruction of Organized Temporal-Torque Domains and Simulated Residual Cosmic Birefringence Maps","2026","preprint","David J. Thomson","Zenodo (CERN European Organization for Nuclear Research)","0","True","q4_tomography","Numerical Reconstruction of Organized Temporal-Torque Domains and Simulated Residual Cosmic Birefringence Maps This paper is Paper 4 in the Temporal Torque Memory and Aether Organization series. Papers 1 through 3 established temporal torque memory, Aether tomography, and a QMU-native definition of temporal-torque density. The present paper develops a numerical implementation of Aether tomography using simulated residual cosmic birefringence maps and HEALPix sky discretization. The five-dimensio"
"https://doi.org/10.48550/arxiv.2608.06480","https://openalex.org/W7202132551","Cosmic birefringence from a joint analysis of ACT and Planck","2026","preprint","Johannes R. Eskilt","arXiv (Cornell University)","0","True","q1_birefringence","Dark matter and dark energy could be ultra-light pseudoscalar fields that couple to electromagnetism through a Chern-Simons term. This would cause a parity-breaking rotation of the plane of linearly polarized light from the cosmic microwave background, known as cosmic birefringence, which is not predicted by $Λ$CDM. Recent hints of a non-zero cosmic birefringence angle have been found in both the Planck Data Release 4 and ACT Data Release 6 datasets independently. This work jointly analyzes the "
"https://doi.org/10.1016/j.dark.2025.101854","https://openalex.org/W4407430625","Gravitational waves dynamics with Higgs portal and U(1) x SU(2) interactions","2025","article","L. A. Popa","Physics of the Dark Universe","0","False","q3_alps",""
"https://doi.org/10.48550/arxiv.2511.18917","https://openalex.org/W7106712163","Improved constraints on ultralight axions using latest observations of the early and late Universe","2025","preprint","Liu, Qianshuo; Feng, Chang; Abdalla, Filipe B.","arXiv (Cornell University)","0","True","q3_alps","Ultralight axions (ULAs) are hypothetical particles which can behave like dark matter (DM) or dark energy (DE) depending on masses generated at the symmetry-breaking scale. It remains a mystery whether the ULAs can make up a fraction of DM or DE. Although theoretical predictions indicate that the ULAs may leave distinct imprints on cosmological signals, these signatures may exist in a broad spatial and temporal scales, and may be degenerate with the known effects of the standard model. The ULA s"
"https://doi.org/10.5281/zenodo.22933216","https://openalex.org/W7214152897","Axion Sea Dark Energy × Cosmic Birefringence","2026","preprint","huayong zhang","Zenodo (CERN European Organization for Nuclear Research)","0","True","q1_birefringence","Direct TranslationThis theory attempts to communicate with the old paradigm through the v20.7 dynamics equation (ODE). Numerical verification of the coupled χ-ϕ ODE integrates from z=100 to z=0, with initial conditions ϕ=2.5 and χ=3.0. Driven by the 𝒮twist Gaussian pulse (zp=22, σp=4), ϕ spontaneously bounces from 2.5 to 0.518, with the bounce center at approximately z=14.5. ϕ(z) returns to a unified state (ϕ≈0.55, Geff≈1.008) at z>80, ensuring consistency with the early universe and the ΛCDM m"
,"https://openalex.org/W7165253786","v1.4 — MASTER-Calibrated Dipole & Rotation Field","2026","preprint","Amy Condit","OSF Preprints (OSF Preprints)","0","True","q2_polarization","Rotation Field of the Cosmic Microwave Background — MASTER-Calibrated Dipole and Anisotropic Cosmic Birefringence (v1.4) Summary Version 1.4 presents the fully calibrated large-scale rotation field α(ℓ) derived from Planck 2018 polarization data, applying full MASTER deconvolution to the α–α angular power spectrum. Using EB cross-spectra from SMICA and NILC component-separated maps over multipoles ℓ = 500–1500, the rotation field is decomposed into spherical-harmonic coefficients αₗₘ for L ≤ 10."
"https://doi.org/10.48550/arxiv.2411.05002","https://openalex.org/W4404363166","Extracting Axion String Network Parameters from Simulated CMB Birefringence Maps using Convolutional Neural Networks","2024","preprint","Ray Hagimoto; Andrew J. Long; Mustafa A. Amin","arXiv (Cornell University)","0","True","q3_alps","Axion-like particles may form a network of cosmic strings in the Universe today that can rotate the plane of polarization of cosmic microwave background (CMB) photons. Future CMB observations with improved sensitivity might detect this axion-string-induced birefringence effect, thereby revealing an as-yet unseen constituent of the Universe and offering a new probe of particles and forces that are beyond the Standard Model of Elementary Particle Physics. In this work, we explore how spherical con"
"https://doi.org/10.5281/zenodo.21977962","https://openalex.org/W7203621051","The Unseen Sky","2026","article","Zen Revista; 10 ASTRO","Zenodo (CERN European Organization for Nuclear Research)","0","True","q3_alps","A sustained argument that contemporary cosmology has entered a state of Kuhnian crisis. The ΛCDM model, the dominant paradigm for forty years, is failing to accommodate a convergent multiplicity of independent empirical anomalies: the five-sigma Hubble tension, the S8 tension, the persistent non-detection of particle dark matter, DESI’s hints of evolving dark energy, JWST’s early-galaxy surprises, the cosmic birefringence signal, and a constellation of CMB anisotropy anomalies. The monograph dev"
"https://doi.org/10.3929/ethz-c-000795692","https://openalex.org/W7134893042","The Atacama Cosmology Telescope: DR6 constraints on extended cosmological models","2025","article","The Atacama Cosmology Telescope Collaboration; Erminia Calabrese; Devin Crichton; et al.","Repository for Publications and Research Data (ETH Zurich)","0","True","q3_alps","We use new cosmic microwave background (CMB) primary temperature and polarization anisotropy measurements from the Atacama Cosmology Telescope (ACT) Data Release 6 (DR6) to test foundational assumptions of the standard cosmological model, ΛCDM, and set constraints on extensions to it. We derive constraints from the ACT DR6 power spectra alone, as well as in combination with legacy data from the Planck mission. To break geometric degeneracies, we include ACT and Planck CMB lensing data and baryon"
"https://doi.org/10.48550/arxiv.2512.10951","https://openalex.org/W4417298111","Evidence of galaxy cluster rotation in the cosmic microwave background","2025","preprint","Samuel Goldstein; James Colin Hill","arXiv (Cornell University)","0","True","q2_polarization","We report the first robust evidence for the rotational kinematic Sunyaev-Zel'dovich (rkSZ) effect, produced by the Thomson scattering of cosmic microwave background (CMB) photons off rotating intracluster gas. By combining CMB intensity and polarization measurements from the $\it{Planck}$ satellite with spectroscopic member-galaxy redshifts from the Sloan Digital Sky Survey in a sample of 25 X-ray cross-matched, low-redshift ($0.02< z< 0.09)$, massive ($10^{13.9}\lesssim M_{\rm 500c}/M_\odot \le"
"https://doi.org/10.22323/1.454.0016","https://openalex.org/W4391611600","Birefringence in CMB anisotropies due to cosmological pseudoscalar fields","2024","conference-paper","Matteo Galaverni",,"0","True","q3_alps","We review the data on isotropic cosmic birefringence coming from Cosmic Microwave Background (CMB) linear polarization observations. We show the different constraints on the coupling constant $g_\phi$ between photons and axion-like particles acting as dark matter."
"https://doi.org/10.5281/zenodo.17778213","https://openalex.org/W7108219693","The Polarization of Light in a Chiral Vacuum Manifold: An Experimental Test of Cosmic Vorticity","2025","preprint","Valdepenas, C","Zenodo (CERN European Organization for Nuclear Research)","0","True","q2_polarization","The Standard Cosmological Model assumes the universe is globally isotropic and parity-conserving. However, recent analyses of Cosmic Microwave Background (CMB) polarization data (specifically the non-zero EB cross-correlation) suggest a potential rotation of the plane of linear polarization as photons propagate from the surface of last scattering—a phenomenon known as Cosmic Birefringence. While standard physics requires extensions like Axion fields (Chern-Simons gravity) to explain this, Unifie"
"https://doi.org/10.5281/zenodo.19870519","https://openalex.org/W7157770948","Oscillatory H(z) as a Probe of Ultralight Axions: Joint Analysis of CC, Planck, DESI, and Pantheon+ with Microphysical Parameter Inversion","2026","preprint","Edison Carrasco Jiménez","Zenodo (CERN European Organization for Nuclear Research)","0","True","q3_alps","This work develops a minimal cosmological model in which a scalar field with a bounded potential generates small, coherent oscillations in the expansion history of the universe, H(z), without modifying General Relativity. From the Klein-Gordon equation, we derive analytically that the amplitude of these oscillations is directly proportional to the energy fraction of the scalar field. This removes the ad hoc character of previous phenomenological parametrizations. We perform the first joint stati"
"https://doi.org/10.48550/arxiv.2507.16714","https://openalex.org/W4414427742","Planck constraints on the scale dependence of isotropic cosmic birefringence","2025","preprint","Ballardini, M.; ALESSANDRO GRUPPUSO; S. Paradiso; Salvatore Samuele Sirletti; P. Natoli","arXiv (Cornell University)","0","True","q1_birefringence","The rotation of the linear polarisation plane of photons during propagation, also known as cosmic birefringence, is a powerful probe of parity-violating extensions of standard electromagnetism. Using Planck legacy data, we confirm previous estimates of the isotropic birefringence angle, finding $β\simeq 0.30 \pm 0.05$ [deg] at 68% CL, not including the systematic error from the instrumental polarisation angle. If this is a genuine signal, it could be explained by theories of Chern--Simons-type c"
"https://doi.org/10.48550/arxiv.2409.01098","https://openalex.org/W4402954368","Forecasts on Anisotropic Cosmic Birefringence Constraints for CMB Experiment in the Northern Hemisphere","2024","preprint","Yiwei Zhong; Hongbo Cai; Siyu Li; Yang Liu; Mingzhe Li; Wenjuan Fang","arXiv (Cornell University)","0","True","q1_birefringence","The study of cosmic birefringence through Cosmic Microwave Background (CMB) experiments is a key research area in cosmology and particle physics, providing a critical test for Lorentz and CPT symmetries. This paper focuses on an upcoming CMB experiment in the mid-latitude of the Northern Hemisphere, and investigates the potential to detect anisotropies in cosmic birefringence. Applying a quadratic estimator on simulated polarization data, we reconstruct the power spectrum of anisotropic cosmic b"
"https://doi.org/10.5281/zenodo.20753445","https://openalex.org/W7165136352","Temporal Torque Memory and Galactic-Scale Aether Organization: A Predictive Framework for Cosmic Birefringence","2026","preprint","David J. Thomson","Zenodo (CERN European Organization for Nuclear Research)","0","True","q4_tomography","This paper develops a predictive Aether Physics Model (APM) interpretation of cosmic birefringence as an observable fingerprint of organized five-dimensional chronogeometric structure. The central hypothesis is that Aether units possess temporal torque memory arising from the Singularity bifurcation process. Temporal torque memory is interpreted as persistent chronotorsional orientation, or orientational information, encoded within the Aether structure and expressed through coherent organization"
"https://doi.org/10.48550/arxiv.2405.08878","https://openalex.org/W4396986637","A power spectrum approach to the search for Axion-like Particles from resolved galaxy clusters using CMB as a backlight","2024","preprint","Harsh Mehta; Suvodip Mukherjee","arXiv (Cornell University)","0","True","q3_alps","Axions or ALPs are hypothetical particles predicted by BSM theories, which make one of the dark matter candidates. These particles can convert into photons and vice-versa in the presence of magnetic field, with a probability decided by its coupling strength $\mathrm{g_{aγ}}$. One of the ways to detect these particles is using the CMB as a backlight. As the CMB photons pass through a galaxy cluster, they can get converted into ALPs in the mass range $10^{-15}$ eV to $10^{-11}$ eV through resonant"
"https://doi.org/10.5281/zenodo.18521352","https://openalex.org/W7128301610","The Periodic Table of Elementary Particles","2026","preprint","Dmitry Makaryev; Victor Shcherb","Zenodo (CERN European Organization for Nuclear Research)","0","True","q3_alps","The Periodic Table of Elementary Particles is a Music!https://pteponline.web.app - watch it online.What if all the particles in the universe — their masses, their interactions, even the strength of electromagnetism — come from the shape of a single geometric object? We started with a simple question: can the topology of the 3-sphere S³ (a higher-dimensional analog of the surface of a ball) explain why particles have the masses they do? The answer turned out to be far bigger than we expected. THE"
,"https://openalex.org/W7128864860","Is cosmic birefringence due to dark energy or dark matter? Simulation-based inference","2026","preprint","Florie Carralot; P. Diego-Palazuelos; Adriaan J. Duivenvoorden; Eiichiro Komatsu; N. Krachmalnicoff; Carlo Baccigalupi","arXiv (Cornell University)","0","True","q1_birefringence","Simulation-based inference (SBI) is a powerful inference technique for cases where the exact functional form of the likelihood is not known. A prime example is the likelihood of cross-correlation power spectra of the cosmic microwave background (CMB) fields at low multipoles, $\ell\lesssim 10$. In this paper, we investigate a parity-violating cross-correlation between $E$- and $B$- mode polarization fields using SBI. The $EB$ correlation at low $\ell$ is essential to distinguish between possible"
"https://doi.org/10.5281/zenodo.19870520","https://openalex.org/W7157620143","Oscillatory H(z) as a Probe of Ultralight Axions: Joint Analysis of CC, Planck, DESI, and Pantheon+ with Microphysical Parameter Inversion","2026","preprint","Edison Carrasco Jiménez","Zenodo (CERN European Organization for Nuclear Research)","0","True","q3_alps","This work develops a minimal cosmological model in which a scalar field with a bounded potential generates small, coherent oscillations in the expansion history of the universe, H(z), without modifying General Relativity. From the Klein-Gordon equation, we derive analytically that the amplitude of these oscillations is directly proportional to the energy fraction of the scalar field. This removes the ad hoc character of previous phenomenological parametrizations. We perform the first joint stati"
"https://doi.org/10.5281/zenodo.21979204","https://openalex.org/W7214363272","Torsión Axial Helicoidal en Cosmología Riemann–Cartan: Fundamentos matemáticos, fenomenología y falsabilidad sistemática (2024–2026) — Teoría Helicoidal Universal THU–TBEA 4.0","2026","dissertation","Erick Duque","Zenodo (CERN European Organization for Nuclear Research)","0","True","q4_tomography","🇪🇸 Español (idioma original) Esta tesis construye, analiza y somete a pruebas falsables una teoría de campos efectiva sobre una variedad de Riemann–Cartan U₄ en la que la torsión axial irreducible es la solución exacta de Palatini, alimentada por el gradiente de un pseudoescalar con operador cinético exponencial entero. El trabajo se organiza como un programa de investigación lakatosiano con estatus epistémico explícito (derivado / postulado / entrada fenomenológica / analogía). Se establecen "
"https://doi.org/10.48550/arxiv.2111.12741","https://openalex.org/W4225904139","Probing cosmic strings by reconstructing polarization rotation of the cosmic microwave background","2021","article","Weichen Winston Yin; Liang Dai; Simone Ferraro","eScholarship (California Digital Library)","0","True","q2_polarization|q3_alps","Cosmic birefringence -- the rotation of the polarization of the cosmic microwave background (CMB) photons as they travel to the Earth -- is a smoking gun for axion-like particles (ALPs) that interact with the photon. It has recently been suggested that topological defects in the ALP field called cosmic strings can cause polarization rotation in quantized amounts that are proportional to the electromagnetic chiral anomaly coefficient $\mathcal A$, which holds direct information about physics at v"
"https://doi.org/10.5281/zenodo.20147312","https://openalex.org/W7160944702","A Shared-Pseudoscalar Target Surface for Cosmic Birefringence and Gravitational-Anomaly Baryogenesis","2026","preprint","Gabriel King","Zenodo (CERN European Organization for Nuclear Research)","0","True","q1_birefringence","If a single pseudoscalar sources both cosmic birefringence and a gravitational-anomaly baryogenesis channel, the two observables are not independent. The same field normalization relates the electromagnetic excursion measured by β to the gravitational source excursion entering the anomalous current. We derive the corresponding convention-fixed target surface for the baryon yield Y_B, birefringence angle β, active mixed gravitational-anomaly coefficient C_X, coupling ratio Q_eff ≡ g_ϑRR/g_ϑFF, ex"
"https://doi.org/10.5281/zenodo.20172373","https://openalex.org/W7160991122","CPQ Theory: Cosmic Birefringence as a Signature of Matrix Chirality","2026","preprint","Andrea Porschová","Zenodo (CERN European Organization for Nuclear Research)","0","True","q1_birefringence","Within CPQ theory, the reported cosmic birefringence angle of order β_CMB ~ 0.2°–0.3° in Planck, WMAP and ACT polarization analyses is interpreted as a direct signature of the global chirality Ξ₀ of the spacetime matrix. The Chern–Simons torsion term η·T·(∇×T) in the full Matrix Lagrangian distinguishes left- and right-circular polarisations of the photon-torsion mode, producing a helicity-dependent phase shift that integrates into a rotation of the linear polarisation plane of CMB photons. The "
"https://doi.org/10.5281/zenodo.17585144","https://openalex.org/W7105574872","On the uniform, achromatic rotation of CMB polarization","2025","preprint","Hamann, Stefan; Rizzo, Alessandro","Zenodo (CERN European Organization for Nuclear Research)","0","True","q2_polarization","Polarization angles provide a direct probe of spacetime geometry. In a metric-compatible Riemann-Cartan background, a single variational structure predicts a uniform, frequency-independent rotation of CMB linear polarization with no post hoc fit to data. A Fujikawa computation fixes the abelian axion–photon vertex to g_agammagamma = -1/(2pi) in the convention where e^2 is absorbed into the axial phase; geometric optics gives d(psi)/d(eta) = (1/2) * g_agammagamma * d(a)/d(eta). A fixed-connection"
"https://doi.org/10.5281/zenodo.19508713","https://openalex.org/W7153611268","Global Polarization Rotation in the CMB_ Observational Evidence and Structural Compatibility","2026","report","Lisa Michelle Doumbouya","Zenodo (CERN European Organization for Nuclear Research)","0","True","q2_polarization","Recent analyses of cosmic microwave background (CMB) polarization data have reported statistically significant evidence for a non-zero isotropic polarization rotation, commonly referred to as cosmic birefringence. This effect is inferred from a parity-odd EB cross-correlation and is observed consistently across multiple independent experiments, including the Planck satellite, the Atacama Cosmology Telescope (ACT), and the South Pole Telescope (SPT), once instrumental calibration uncertainties an"
"https://doi.org/10.48550/arxiv.2410.05149","https://openalex.org/W4403324077","Tomographic constraint on anisotropic cosmic birefringence","2024","preprint","Toshiya Namikawa","arXiv (Cornell University)","0","True","q1_birefringence","We constrain anisotropic cosmic birefringence generated at reionization using Planck PR4 polarization data for the first time. Several recent analyses of WMAP and Planck polarization data have found a tantalizing hint of isotropic cosmic birefringence. Ongoing and future CMB experiments will test isotropic cosmic birefringence by improving the absolute angle calibration and understanding the intrinsic parity-odd power spectrum of the Galactic foregrounds. Alternatively, measuring anisotropies in"
"https://doi.org/10.48550/arxiv.2608.10633","https://openalex.org/W7202298802","Baryogenesis and CMB spectral distortion from Axions","2026","preprint","Zhenhao Zhang; Mingqiu Li; Sichun Sun","arXiv (Cornell University)","0","True","q3_alps","We discuss a mechanism for generating the baryon asymmetry in the early universe. We show that an axion-like particle can modify the related gauge field configurations in the Standard Model, thereby altering their dispersion relations. This change in the Chern-Simons number can source a violation of baryon number. We derive the relationship between the resulting baryon number and the evolution of the axion background. We estimate the baryon asymmetry produced via this mechanism and show that the"
"https://doi.org/10.5281/zenodo.22884894","https://openalex.org/W7214007054","Full-sky CMB temperature topology as evidence for large-scale differential rotation in the early universe","2026","preprint","Gerhard Rambold","Zenodo (CERN European Organization for Nuclear Research)","0","True","q2_polarization","Full-sky CMB temperature topology as evidence for large-scale differential rotation in the early universe — v1.7 reproducibility release The Alysis Coefficient (AC*) is a support-indexed multiscale spatial reconstructibility operator. Applied separately to the Planck PR3 SMICA, NILC, Commander, and SEVEM temperature reconstructions, it produces map-specific scalar response fields that quantify local spatial reconstructibility of the standardized CMB temperature pattern. The analysis proceeds in "
"https://doi.org/10.5281/zenodo.21436282","https://openalex.org/W7170856717","T₇ Matched-Arc CMB Search: a pre-registered test of a Fano-plane cosmic topology on Planck 2018","2026","preprint","J. York Seale","Zenodo (CERN European Organization for Nuclear Research)","0","True","q2_polarization","T₇ Matched-Arc CMB Search — a pre-registered test of a Fano-plane cosmic topology, executed once on Planck 2018. THE PREDICTION AND ITS REGISTRATION. If the spatial topology of the universe is 𝕋₇ — the Klein surface with seven Möbius strips on the Fano frame PG(2,𝔽₂), first homology H₁ = ℤ ⊕ (ℤ/2)³ — the CMB carries seven matched arc pairs at Fano-specific angular separations, with a Stokes-U polarization sign flip under the non-orientable identification (the discriminator no orientable topolo"
"https://doi.org/10.48550/arxiv.2207.14796","https://openalex.org/W4289445571","Improved Polarization Calibration of the BICEP3 CMB Polarimeter at the South Pole","2022","preprint","J. Cornelison; C. Vergès; Peter A. R. Ade; Zeeshan Ahmed; Mandana Amiri; D. Barkats; R. Basu Thakur; D. Beck; C. A. Bischoff; J. J. Bock; V. Buza; James R. Cheshire; Jake Connors; M. Crumrine; A. J. Cukierman; Edward V. Denison; M. Dierickx; L. Duband; M. Eiben; S. Fatigoni; J. P. Filippini; C. Giannakopoulos; N. Goeckner-Wald; D.C. Goldfinger; J. Grayson; Paul Grimes; G. Hall; George Halal; M. Halpern; E. Hand; Stephen A. Harrison; S. Henderson; S.R. Hildebrandt; Gene C Hilton; J. Hubmayr; H. Hui; K. D. Irwin; J. Kang; Kirit S. Karkare; S. Kefeli; John M. Kovac; C. L. Kuo; Ka Tai Lau; E. M. Leitch; A. Lennox; T. Liu; Karsten Look; Koko G. Megerian; L. Minutolo; L. Moncelsi; Y. Nakato; Toshiya Namikawa; H.T. Nguyen; R. O'Brient; S. Palladino; M. A. Petroff; T. Prouvé; C. Pryke; B. Racine; Reinsema, C. D.; Maria Salatino; A. Schillaci; Benjamin L. Schmitt; Baibhav Singari; Soliman, A.; T. St. Germaine; B. Steinbach; Rashmikant V. Sudiwala; Keith Louis Thompson; Calvin Tsai; Carole Tucker; Anthony Turner; C. Umiltà; Abigail G. Vieregg; A. Wandui; Anne Weber; D.V. Wiebe; J. Willmert; W. L. K. Wu; Haixuan Yang; K. W. Yoon; E. Young; Cyndia Yu; Lingzhen Zeng; C. Zhang; S. Zhang","arXiv (Cornell University)","0","True","q2_polarization","The BICEP3 Polarimeter is a small aperture, refracting telescope, dedicated to the observation of the Cosmic Microwave Background (CMB) at 95GHz. It is designed to target degree angular scale polarization patterns, in particular the very-much-sought-after primordial B-mode signal, which is a unique signature of cosmic inflation. The polarized signal from the sky is reconstructed by differencing co-localized, orthogonally polarized superconducting Transition Edge Sensor (TES) bolometers. In this "
"https://doi.org/10.48550/arxiv.2305.13976","https://openalex.org/W4378508464","Gravitational lensing effect on cosmic birefringence","2023","preprint","Fumihiro Naokawa; Toshiya Namikawa","arXiv (Cornell University)","0","True","q1_birefringence","We calculate the effect of gravitational lensing on the parity-odd power spectrum of the cosmic microwave background (CMB) polarization induced by axionlike particles (ALPs). Several recent works have reported a tantalizing hint of cosmic birefringence, a rotation of the linear polarization plane of CMB, which ALPs can explain. In future CMB observations, we can measure cosmic birefringence more precisely to get insight into ALPs. We find that the lensing effect is necessary to fit the observed "
"https://doi.org/10.48550/arxiv.2506.20824","https://openalex.org/W4415181379","Planck Constraints on Axion-Like Particles through Isotropic Cosmic Birefringence","2025","preprint","Toshiya Namikawa; Kai Murai; Fumihiro Naokawa","arXiv (Cornell University)","0","True","q1_birefringence|q3_alps","We present constraints on isotropic cosmic birefringence induced by axion-like particles (ALPs), derived from the analysis of cosmic microwave background (CMB) polarization measurements obtained with the high-frequency channels of Planck. Recent measurements report a hint of isotropic cosmic birefringence, though its origin remains uncertain. The detailed dynamics of ALPs can leave characteristic imprints on the shape of the $EB$ angular power spectrum, which can be exploited to constrain specif"
"https://doi.org/10.48550/arxiv.2510.01308","https://openalex.org/W4414815293","Enhanced Matter Power Spectrum from Axion Kination after Big Bang Nucleosynthesis","2025","preprint","Raymond T. Co; Nicolas Fernandez; Akshay Ghalsasi; Keisuke Harigaya; Jessie Shelton","arXiv (Cornell University)","0","True","q3_alps","Despite stringent constraints from Big Bang Nucleosynthesis (BBN) and cosmic microwave background (CMB) observations, it is still possible for well-motivated particle physics models to substantially alter the cosmic expansion history between BBN and recombination. In this work we consider two different axion models that can realize a period of first matter domination, then kination, in this epoch. We perform fits to both primordial element abundances as well as CMB data and determine that up to "
"https://doi.org/10.5281/zenodo.21897175","https://openalex.org/W7202290019","From Cosmic Polarization to Earthquake Forecasting: A Unified Framework Bridging the Hubble Tension, Galactic Rotation, and Regional Seismic Precursory Signals","2026","preprint","binggong chang","Zenodo (CERN European Organization for Nuclear Research)","0","True","q2_polarization","We propose a unified framework in which four independent observational anomalies—the Hubble tension ΔH/H₀ ≈ √α, the flatness of galactic rotation curves, the DAMPE satellite’s charge-dependent super-accelerator, and empirically validated 48-hour precursory electromagnetic signals preceding over 600 earthquakes (M≥4.5) in China—are treated as four projections of a single dark-matter polarization dynamics operating at cosmic, galactic, and local scales. The core postulate is that dark matter is a "
