"doi","title","year","journal","cited_by","decision","razon","tipo_medicion"
"https://doi.org/10.1103/physrevlett.125.221301","New Extraction of the Cosmic Birefringence from the Planck 2018 Polarization Data","2020","Physical Review Letters","290","incluido","tiene_beta_extraible","isotropica_primaria"
"https://doi.org/10.1088/1475-7516/2025/11/063","The Atacama Cosmology Telescope: DR6 constraints on extended cosmological models","2025","Journal of Cosmology and Astroparticle Physics","179","excluido","sin_beta_en_abstract",""
"https://doi.org/10.1038/s42254-022-00452-4","New physics from the polarized light of the cosmic microwave background","2022","Nature Reviews Physics","172","excluido","sin_beta_en_abstract",""
"https://doi.org/10.1103/physrevlett.128.091302","Cosmic Birefringence from thePlanckData Release 4","2022","Physical Review Letters","153","incluido","tiene_beta_extraible","isotropica_reanalisis_PR4"
"https://doi.org/10.1103/physrevd.106.063503","Improved constraints on cosmic birefringence from the WMAP and Planck cosmic microwave background polarization data","2022","Physical review. D/Physical review. D.","130","incluido","tiene_beta_extraible","isotropica_primaria"
"https://doi.org/10.1103/physrevd.101.083537","Thermal friction as a solution to the Hubble tension","2020","Physical review. D/Physical review. D.","125","excluido","sin_beta_en_abstract",""
"https://doi.org/10.1103/physrevd.109.l121305","Quintessential interpretation of the evolving dark energy in light of DESI observations","2024","Physical review. D/Physical review. D.","120","excluido","sin_beta_en_abstract",""
"https://doi.org/10.1093/ptep/ptz079","Simultaneous determination of the cosmic birefringence and miscalibrated polarization angles from CMB experiments","2019","Progress of Theoretical and Experimental Physics","89","excluido","sin_beta_en_abstract",""
"https://doi.org/10.1103/physrevd.103.043509","Detection of isotropic cosmic birefringence and its implications for axionlike particles including dark energy","2021","Physical review. D/Physical review. D.","88","incluido","tiene_beta_extraible","isotropica_primaria"
"https://doi.org/10.1103/physrevd.101.083527","Atacama Cosmology Telescope: Constraints on cosmic birefringence","2020","Physical review. D/Physical review. D.","84","excluido","sin_beta_en_abstract",""
"https://doi.org/10.1088/1475-7516/2021/04/007","Kilobyte Cosmic Birefringence from ALP domain walls","2021","Journal of Cosmology and Astroparticle Physics","83","excluido","sin_beta_en_abstract",""
"https://doi.org/10.1051/0004-6361/202243269","Frequency-dependent constraints on cosmic birefringence from the LFI and HFI Planck Data Release 4","2022","Astronomy and Astrophysics","82","incluido","tiene_beta_extraible","isotropica_reanalisis_PR4"
"https://doi.org/10.1093/mnras/stab1997","Spectral distortion constraints on photon injection from low-mass decaying particles","2021","Monthly Notices of the Royal Astronomical Society","77","excluido","sin_beta_en_abstract",""
"https://doi.org/10.1103/physrevd.102.083504","Searching for anisotropic cosmic birefringence with polarization data from SPTpol","2020","Physical review. D/Physical review. D.","71","incluido","tiene_beta_extraible","sin_clasificar"
"https://doi.org/10.1103/physrevd.104.l101302","Cosmic birefringence and electroweak axion dark energy","2021","Physical review. D/Physical review. D.","70","excluido","sin_beta_en_abstract",""
"https://doi.org/10.3847/1538-4357/ac0e35","The Origin of Parity Violation in Polarized Dust Emission and Implications for Cosmic Birefringence","2021","The Astrophysical Journal","70","excluido","sin_beta_en_abstract",""
"https://doi.org/10.1038/s41563-022-01414-y","Topological steering of light by nematic vortices and analogy to cosmic strings","2022","Nature Materials","65","excluido","sin_beta_en_abstract",""
"https://doi.org/10.1103/physrevd.107.l041302","Isotropic cosmic birefringence from early dark energy","2023","Physical review. D/Physical review. D.","60","incluido","tiene_beta_extraible","teorico"
"https://doi.org/10.1093/mnras/stac1946","Fuzzy dark matter and the Dark Energy Survey Year 1 data","2022","Monthly Notices of the Royal Astronomical Society","60","excluido","sin_beta_en_abstract",""
"https://doi.org/10.1016/j.physletb.2023.137990","Stability of domain wall network with initial inflationary fluctuations and its implications for cosmic birefringence","2023","Physics Letters B","60","excluido","sin_beta_en_abstract",""
"https://doi.org/10.1103/physrevlett.131.121001","Constraints on Early Dark Energy from Isotropic Cosmic Birefringence","2023","Physical Review Letters","57","excluido","sin_beta_en_abstract",""
"https://doi.org/10.1103/physrevd.100.023507","Future CMB constraints on cosmic birefringence and implications for fundamental physics","2019","Physical review. D/Physical review. D.","57","excluido","sin_beta_en_abstract",""
"https://doi.org/10.1088/1475-7516/2022/09/021","Novel cosmological bounds on thermally-produced axion-like particles","2022","Journal of Cosmology and Astroparticle Physics","55","excluido","sin_beta_en_abstract",""
"https://doi.org/10.1103/physrevd.105.123509","Is cosmic birefringence due to dark energy or dark matter? A tomographic approach","2022","Physical review. D/Physical review. D.","54","excluido","sin_beta_en_abstract",""
"https://doi.org/10.1007/jhep07(2020)138","A CMB Millikan experiment with cosmic axiverse strings","2020","Journal of High Energy Physics","52","excluido","sin_beta_en_abstract",""
"https://doi.org/10.1088/1475-7516/2022/12/027","Cosmological constraints on decaying axion-like particles: a global analysis","2022","Journal of Cosmology and Astroparticle Physics","51","excluido","sin_beta_en_abstract",""
"https://doi.org/10.1007/jhep07(2019)095","ALP inflation and Big Bang on Earth","2019","Journal of High Energy Physics","50","excluido","sin_beta_en_abstract",""
"https://doi.org/10.1088/1475-7516/2021/05/055","CMB birefringence from ultralight-axion string networks","2021","Journal of Cosmology and Astroparticle Physics","47","excluido","sin_beta_en_abstract",""
"https://doi.org/10.1093/ptep/ptaa130","Simultaneous determination of the cosmic birefringence and miscalibrated polarization angles II: Including cross-frequency spectra","2020","Progress of Theoretical and Experimental Physics","47","incluido","tiene_beta_extraible","isotropica_primaria"
"https://doi.org/10.1103/physrevd.103.063508","Probing axionlike particles via cosmic microwave background polarization","2021","Physical review. D/Physical review. D.","47","excluido","sin_beta_en_abstract",""
"https://doi.org/10.1088/1475-7516/2021/03/090","Production of thermal axions across the electroweak phase transition","2021","Journal of Cosmology and Astroparticle Physics","47","excluido","sin_beta_en_abstract",""
"https://doi.org/10.1088/1475-7516/2023/02/031","Catastrogenesis: DM, GWs, and PBHs from ALP string-wall networks","2023","Journal of Cosmology and Astroparticle Physics","45","excluido","sin_beta_en_abstract",""
"https://doi.org/10.1088/1475-7516/2022/10/043","Power spectrum of domain-wall network, and its implications for isotropic and anisotropic cosmic birefringence","2022","Journal of Cosmology and Astroparticle Physics","44","incluido","tiene_beta_extraible","teorico"
"https://doi.org/10.1103/physrevlett.127.181103","Cosmic Birefringence Triggered by Dark Matter Domination.","2021","PubMed","43","excluido","sin_beta_en_abstract",""
"https://doi.org/10.1103/physrevlett.131.181001","Do the CMB Temperature Fluctuations Conserve Parity?","2023","Physical Review Letters","43","excluido","sin_beta_en_abstract",""
"https://doi.org/10.1103/physrevd.101.123529","Cosmic birefringence test of the Hubble tension","2020","Physical review. D/Physical review. D.","41","excluido","sin_beta_en_abstract",""
"https://doi.org/10.1088/1475-7516/2021/04/040","Synthetic Gravitational Waves from a Rolling Axion Monodromy","2021","Journal of Cosmology and Astroparticle Physics","40","excluido","sin_beta_en_abstract",""
"https://doi.org/10.1088/1475-7516/2022/09/062","Implications of the cosmic birefringence measurement for the axion dark matter search","2022","Journal of Cosmology and Astroparticle Physics","39","incluido","tiene_beta_extraible","teorico"
"https://doi.org/10.48550/arxiv.2203.05728","Snowmass2021 CMB-HD White Paper","2022","arXiv (Cornell University)","39","excluido","preprint_arxiv_sin_peer_review",""
"https://doi.org/10.1007/jhep04(2022)157","Axion isocurvature collider","2022","Journal of High Energy Physics","38","excluido","sin_beta_en_abstract",""
"https://doi.org/10.1088/1475-7516/2020/11/066","Planck 2018 constraints on anisotropic birefringence and its cross-correlation with CMB anisotropy","2020","Journal of Cosmology and Astroparticle Physics","38","incluido","tiene_beta_extraible","anisotropica"
"https://doi.org/10.1088/1475-7516/2022/08/025","Cosmic birefringence from monodromic axion dark energy","2022","Journal of Cosmology and Astroparticle Physics","38","incluido","tiene_beta_extraible","teorico"
"https://doi.org/10.1088/1475-7516/2022/10/090","Searching for axion-like particles through CMB birefringence from string-wall networks","2022","Journal of Cosmology and Astroparticle Physics","37","excluido","sin_beta_en_abstract",""
"https://doi.org/10.1103/physrevd.107.083529","Redshift evolution of cosmic birefringence in CMB anisotropies","2023","Physical review. D/Physical review. D.","36","excluido","sin_beta_en_abstract",""
"https://doi.org/10.1088/1475-7516/2023/01/044","Robustness of cosmic birefringence measurement against Galactic foreground emission and instrumental systematics","2023","Journal of Cosmology and Astroparticle Physics","36","excluido","sin_beta_en_abstract",""
"https://doi.org/10.3847/1538-4357/acc85c","BICEP/Keck. XVII. Line-of-sight Distortion Analysis: Estimates of Gravitational Lensing, Anisotropic Cosmic Birefringence, Patchy Reionization, and Systematic Errors","2023","The Astrophysical Journal","36","incluido","tiene_beta_extraible","cota_superior_anisotropica"
"https://doi.org/10.1088/1475-7516/2022/09/075","Planck constraints on cross-correlations between anisotropic cosmic birefringence and CMB polarization","2022","Journal of Cosmology and Astroparticle Physics","32","incluido","tiene_beta_extraible","cross_correlacion"
"https://doi.org/10.1093/mnras/stac3146","Cosmic birefringence tomography and calibration independence with reionization signals in the CMB","2023","Monthly Notices of the Royal Astronomical Society","32","incluido","tiene_beta_extraible","tomografia"
"https://doi.org/10.1088/1475-7516/2024/05/066","Axionic defects in the CMB: birefringence and gravitational waves","2024","Journal of Cosmology and Astroparticle Physics","32","incluido","tiene_beta_extraible","teorico"
"https://doi.org/10.1007/s10909-020-02511-5","GroundBIRD: A CMB Polarization Experiment with MKID Arrays","2020","Journal of Low Temperature Physics","31","excluido","sin_beta_en_abstract",""
"https://doi.org/10.1103/physrevd.106.083518","Probing cosmic birefringence with polarized Sunyaev-Zel’dovich tomography","2022","Physical review. D/Physical review. D.","30","excluido","sin_beta_en_abstract",""
"https://doi.org/10.1051/0004-6361/202243913","High precision modeling of polarized signals: Moment expansion method generalized to spin-2 fields","2022","Astronomy and Astrophysics","29","excluido","sin_beta_en_abstract",""
"https://doi.org/10.1103/physrevd.106.042011","Searching for axionlike time-dependent cosmic birefringence with data from SPT-3G","2022","Physical review. D/Physical review. D.","29","excluido","sin_beta_en_abstract",""
"https://doi.org/10.1088/1475-7516/2022/03/050","Cosmic birefrigence: cross-spectra and cross-bispectra with CMB anisotropies","2022","Journal of Cosmology and Astroparticle Physics","29","incluido","tiene_beta_extraible","cross_correlacion"
"https://doi.org/10.1088/1475-7516/2022/09/069","Measuring the inflaton coupling in the CMB","2022","Journal of Cosmology and Astroparticle Physics","28","excluido","sin_beta_en_abstract",""
"https://doi.org/10.21468/scipostphys.11.1.001","Gravitational waves from an axion-dark photon system: A lattice study","2021","SciPost Physics","28","excluido","sin_beta_en_abstract",""
"https://doi.org/10.1088/1475-7516/2023/06/060","CMB and Lyman-α constraints on dark matter decays to photons","2023","Journal of Cosmology and Astroparticle Physics","28","excluido","sin_beta_en_abstract",""
"https://doi.org/10.1103/physrevd.105.022006","BICEP/ Keck XIV: Improved constraints on axionlike polarization oscillations in the cosmic microwave background","2022","Physical review. D/Physical review. D.","27","incluido","tiene_beta_extraible","cota_superior_oscilacion"
"https://doi.org/10.1103/physrevd.99.043501","Circular polarization of the cosmic microwave background from vector and tensor perturbations","2019","Physical review. D/Physical review. D.","25","excluido","sin_beta_en_abstract",""
"https://doi.org/10.1088/1475-7516/2019/05/021","Isocurvature bounds on axion-like particle dark matter in the post-inflationary scenario","2019","Journal of Cosmology and Astroparticle Physics","24","excluido","sin_beta_en_abstract",""
"https://doi.org/10.1088/1475-7516/2021/05/070","Hidden photon dark matter interacting via axion-like particles","2021","Journal of Cosmology and Astroparticle Physics","23","excluido","sin_beta_en_abstract",""
"https://doi.org/10.1088/1475-7516/2024/02/039","Primordial gravitational waves in non-minimally coupled chromo-natural inflation","2024","Journal of Cosmology and Astroparticle Physics","23","excluido","sin_beta_en_abstract",""
"https://doi.org/10.1088/1475-7516/2020/02/032","A new probe of axion-like particles: CMB polarization distortions due to cluster magnetic fields","2020","Journal of Cosmology and Astroparticle Physics","23","excluido","sin_beta_en_abstract",""
"https://doi.org/10.1103/physrevd.108.083510","Cosmic birefringence tomography with polarized Sunyaev-Zel’dovich effect","2023","Physical review. D/Physical review. D.","22","excluido","sin_beta_en_abstract",""
"https://doi.org/10.1007/jhep09(2021)207","The stochastic axiverse","2021","Journal of High Energy Physics","22","excluido","sin_beta_en_abstract",""
"https://doi.org/10.1088/1475-7516/2025/03/015","Kick it like DESI: PNGB quintessence with a dynamically generated initial velocity","2025","Journal of Cosmology and Astroparticle Physics","21","excluido","sin_beta_en_abstract",""
"https://doi.org/10.1103/physrevd.106.103529","Can primordial parity violation explain the observed cosmic birefringence?","2022","Physical review. D/Physical review. D.","21","excluido","sin_beta_en_abstract",""
"https://doi.org/10.1088/1475-7516/2023/05/026","Probing axions through tomography of anisotropic cosmic birefringence","2023","Journal of Cosmology and Astroparticle Physics","21","excluido","sin_beta_en_abstract",""
"https://doi.org/10.1103/physrevd.108.063525","Gravitational lensing effect on cosmic birefringence","2023","Physical review. D/Physical review. D.","20","excluido","sin_beta_en_abstract",""
"https://doi.org/10.1088/1475-7516/2020/11/046","Post-inflationary axion isocurvature perturbations facing CMB and large-scale structure","2020","Journal of Cosmology and Astroparticle Physics","20","excluido","sin_beta_en_abstract",""
"https://doi.org/10.1103/physrevd.109.055005","Signatures of primordial energy injection from axion strings","2024","Physical review. D/Physical review. D.","20","excluido","sin_beta_en_abstract",""
"https://doi.org/10.1088/1475-7516/2023/10/007","Is cosmic birefringence model-dependent?","2023","Journal of Cosmology and Astroparticle Physics","19","excluido","sin_beta_en_abstract",""
"https://doi.org/10.1088/1475-7516/2024/05/034","Planck constraints on cosmic birefringence and its cross-correlation with the CMB","2024","Journal of Cosmology and Astroparticle Physics","19","incluido","tiene_beta_extraible","cross_correlacion"
"https://doi.org/10.1103/physrevd.107.l021302","Consistency of the string inspired electroweak axion with cosmic birefringence","2023","Physical review. D/Physical review. D.","19","excluido","sin_beta_en_abstract",""
"https://doi.org/10.1103/physrevd.108.043017","Constraints on axionlike polarization oscillations in the cosmic microwave background with POLARBEAR","2023","Physical review. D/Physical review. D.","19","incluido","tiene_beta_extraible","sin_clasificar"
"https://doi.org/10.1103/physrevd.103.042002","BICEP / K e c k XII: Constraints on axionlike polarization oscillations in the cosmic microwave background","2021","Physical review. D/Physical review. D.","18","excluido","sin_beta_en_abstract",""
"https://doi.org/10.1088/1475-7516/2022/06/033","Probing cosmic strings by reconstructing polarization rotation of the cosmic microwave background","2022","Journal of Cosmology and Astroparticle Physics","18","excluido","sin_beta_en_abstract",""
"https://doi.org/10.1103/physrevd.108.082005","Characterizing cosmic birefringence in the presence of Galactic foregrounds and instrumental systematic effects","2023","Physical review. D/Physical review. D.","17","incluido","tiene_beta_extraible","sistematicas"
"https://doi.org/10.1093/mnras/stac126","Cosmological forecasts on thermal axions, relic neutrinos and light elements","2021","arXiv (Cornell University)","17","excluido","sin_beta_en_abstract",""
"https://doi.org/10.1088/1475-7516/2022/03/032","Determination of polarization angles in CMB experiments and application to CMB component separation analyses","2022","Journal of Cosmology and Astroparticle Physics","17","excluido","sin_beta_en_abstract",""
"https://doi.org/10.1093/mnras/stab1796","CMB mode coupling with isotropic polarization rotation","2021","Monthly Notices of the Royal Astronomical Society","17","excluido","sin_beta_en_abstract",""
"https://doi.org/10.1007/jhep01(2024)057","Can we explain cosmic birefringence without a new light field beyond Standard Model?","2024","Journal of High Energy Physics","17","excluido","sin_beta_en_abstract",""
"https://doi.org/10.1088/1475-7516/2019/06/031","Constraints on non-resonant photon-axion conversion from the Planck satellite data","2019","Journal of Cosmology and Astroparticle Physics","17","excluido","sin_beta_en_abstract",""
"https://doi.org/10.1088/1475-7516/2025/10/023","Testing quintessence axion dark energy with recent cosmological results","2025","Journal of Cosmology and Astroparticle Physics","17","excluido","sin_beta_en_abstract",""
"https://doi.org/10.1103/physrevd.109.124003","Birefringence tests of gravity with multimessenger binaries","2024","Physical review. D/Physical review. D.","16","excluido","sin_beta_en_abstract",""
"https://doi.org/10.1088/1475-7516/2023/03/034","Impact of half-wave plate systematics on the measurement of cosmic birefringence from CMB polarization","2023","Journal of Cosmology and Astroparticle Physics","16","excluido","sin_beta_en_abstract",""
"https://doi.org/10.1088/1475-7516/2024/10/028","A new solution for the observed isotropic cosmic birefringence angle and its implications for the anisotropic counterpart through a Boltzmann approach","2024","Journal of Cosmology and Astroparticle Physics","16","incluido","tiene_beta_extraible","teorico"
"https://doi.org/10.1088/1475-7516/2023/11/017","Cosmic birefringence from the Axiverse","2023","Journal of Cosmology and Astroparticle Physics","15","incluido","tiene_beta_extraible","teorico"
"https://doi.org/10.1103/physrevd.100.043508","Rotation of the CMB polarization by foreground lensing","2019","Physical review. D/Physical review. D.","15","excluido","sin_beta_en_abstract",""
"https://doi.org/10.1016/j.physletb.2021.136752","Constraints on global symmetry breaking in quantum gravity from cosmic birefringence measurements","2021","Physics Letters B","14","excluido","sin_beta_en_abstract",""
"https://doi.org/10.1140/epjc/s10052-020-08482-x","Gravitational theory of cosmology, galaxies and galaxy clusters","2020","The European Physical Journal C","14","excluido","sin_beta_en_abstract",""
"https://doi.org/10.1016/j.physletb.2025.139774","Interpreting cosmic birefringence and DESI data with evolving axion in ΛCDM","2025","Physics Letters B","14","excluido","sin_beta_en_abstract",""
"https://doi.org/10.48550/arxiv.2503.14454","The Atacama Cosmology Telescope: DR6 Constraints on Extended Cosmological Models","2025","arXiv (Cornell University)","14","excluido","preprint_arxiv_sin_peer_review",""
"https://doi.org/10.1088/1475-7516/2020/12/051","The effects on CMB power spectra and bispectra from the polarization rotation and its correlations with temperature and E-polarization","2020","Journal of Cosmology and Astroparticle Physics","14","incluido","tiene_beta_extraible","metodologico"
"https://doi.org/10.1088/1475-7516/2023/08/048","How to detect lensing rotation","2023","Journal of Cosmology and Astroparticle Physics","13","excluido","sin_beta_en_abstract",""
"https://doi.org/10.1088/1475-7516/2022/01/030","Reconstructing cosmic polarization rotation with ResUNet-CMB","2022","Journal of Cosmology and Astroparticle Physics","13","excluido","sin_beta_en_abstract",""
"https://doi.org/10.1088/1475-7516/2019/01/045","Real-space computation of E / B -mode maps. Part I. Formalism, compact kernels, and polarized filaments","2019","Journal of Cosmology and Astroparticle Physics","13","excluido","sin_beta_en_abstract",""
"https://doi.org/10.48550/arxiv.1904.12440","Simultaneous determination of the cosmic birefringence and miscalibrated polarisation angles from CMB experiments","2019","arXiv (Cornell University)","12","excluido","preprint_arxiv_sin_peer_review",""
"https://doi.org/10.1063/1.5095160","The POLARBEAR Fourier transform spectrometer calibrator and spectroscopic characterization of the POLARBEAR instrument","2019","Review of Scientific Instruments","12","excluido","sin_beta_en_abstract",""
"https://doi.org/10.1088/1475-7516/2024/07/086","LiteBIRD science goals and forecasts: primordial magnetic fields","2024","Journal of Cosmology and Astroparticle Physics","12","excluido","sin_beta_en_abstract",""
"https://doi.org/10.1103/physrevlett.127.011301","Cosmic Microwave Background Polarization as a Tool to Constrain the Optical Properties of the Universe","2021","Physical Review Letters","12","excluido","sin_beta_en_abstract",""
"https://doi.org/10.1088/1475-7516/2022/04/039","QUBIC VI: Cryogenic half wave plate rotator, design and performance","2022","Journal of Cosmology and Astroparticle Physics","12","excluido","sin_beta_en_abstract",""
"https://doi.org/10.1103/pjf4-sn4v","Isotropic cosmic birefringence from string axion domain walls without cosmic strings and DESI results","2025","Physical review. D/Physical review. D.","12","excluido","sin_beta_en_abstract",""
"https://doi.org/10.1140/epjc/s10052-019-6713-8","On the CMB circular polarization: I. The Cotton–Mouton effect","2019","The European Physical Journal C","11","excluido","sin_beta_en_abstract",""
"https://doi.org/10.1103/physrevlett.134.161001","New Probe of Cosmic Birefringence Using Galaxy Polarization and Shapes","2025","Physical Review Letters","11","excluido","sin_beta_en_abstract",""
"https://doi.org/10.1103/physrevd.111.083532","Modeling parity-violating spectra in Galactic dust polarization with filaments and its applications to cosmic birefringence searches","2025","Physical review. D/Physical review. D.","11","excluido","sin_beta_en_abstract",""
"","The POLARBEAR Fourier transform spectrometer calibrator and spectroscopic characterization of the POLARBEAR instrument","2019","Sussex Research Online (University of Sussex)","11","excluido","sin_doi_valido",""
"https://doi.org/10.1103/physrevd.107.043513","Impact of anisotropic birefringence on measuring cosmic microwave background lensing","2023","Physical review. D/Physical review. D.","11","excluido","sin_beta_en_abstract",""
"https://doi.org/10.1088/1475-7516/2025/07/083","LiteBIRD science goals and forecasts: constraining isotropic cosmic birefringence","2025","Journal of Cosmology and Astroparticle Physics","11","incluido","tiene_beta_extraible","forecast"
"https://doi.org/10.1088/1475-7516/2019/09/038","The Different Regimes of Axion Gauge Field Inflation","2019","Journal of Cosmology and Astroparticle Physics","10","excluido","sin_beta_en_abstract",""
"https://doi.org/10.1103/physrevd.109.123521","Exact CMB B -mode power spectrum from anisotropic cosmic birefringence","2024","Physical review. D/Physical review. D.","10","excluido","sin_beta_en_abstract",""
"https://doi.org/10.1051/0004-6361/201834495","Systematic effects induced by half-wave plate precession into measurements of the cosmic microwave background polarization","2019","Astronomy and Astrophysics","10","excluido","sin_beta_en_abstract",""
"https://doi.org/10.1117/12.2620212","Improved polarization calibration of the BICEP3 CMB polarimeter at the South Pole","2022","Millimeter, Submillimeter, and Far-Infrared Detectors and Instrumentation for Astronomy XI","9","excluido","sin_beta_en_abstract",""
"https://doi.org/10.48550/arxiv.2110.13602","Evaporating primordial black holes, the string axiverse, and hot dark radiation","2021","arXiv (Cornell University)","9","excluido","preprint_arxiv_sin_peer_review",""
"https://doi.org/10.1103/x1qj-t4jz","Observational evidence for early dark energy as a unified explanation for cosmic birefringence and the Hubble tension","2025","Physical review. D/Physical review. D.","9","excluido","sin_beta_en_abstract",""
"https://doi.org/10.1103/physrevd.111.063505","BICEP/ Keck XVIII: Measurement of BICEP3 polarization angles and consequences for constraining cosmic birefringence and inflation","2025","Physical review. D/Physical review. D.","9","excluido","sin_beta_en_abstract",""
"https://doi.org/10.48550/arxiv.2108.09287","Cosmic birefringence tomography and calibration-independence with reionization signals in the CMB","2021","arXiv (Cornell University)","9","excluido","preprint_arxiv_sin_peer_review",""
"https://doi.org/10.1088/1475-7516/2025/06/025","Planck PR4 (NPIPE) map-space cosmic birefringence","2025","Journal of Cosmology and Astroparticle Physics","9","incluido","tiene_beta_extraible","isotropica_reanalisis_PR4"
"https://doi.org/10.48550/arxiv.2108.13317","Interacting dark energy axions in light of the Hubble tension","2021","arXiv (Cornell University)","8","excluido","preprint_arxiv_sin_peer_review",""
"https://doi.org/10.1093/mnras/stz1637","CMB foreground measurements through broad-band radio spectro-polarimetry: prospects of the SKA-MPG telescope","2019","Monthly Notices of the Royal Astronomical Society","8","excluido","sin_beta_en_abstract",""
"","The Different Regimes of Axion Gauge Field Inflation","2019","DESY (CERN, DESY, Fermilab, IHEP, and SLAC)","8","excluido","sin_doi_valido",""
"https://doi.org/10.1088/1475-7516/2025/07/023","A minimal axio-dilaton dark sector","2025","Journal of Cosmology and Astroparticle Physics","8","excluido","sin_beta_en_abstract",""
"https://doi.org/10.1103/qgnn-6hsf","Resolving the Negative Effective Neutrino Mass Parameter with Cosmic Birefringence","2025","Physical Review Letters","8","excluido","sin_beta_en_abstract",""
"https://doi.org/10.1088/1475-7516/2022/11/045","Primordial black holes induced stochastic axion-photon oscillations in primordial magnetic field","2022","Journal of Cosmology and Astroparticle Physics","8","excluido","sin_beta_en_abstract",""
"https://doi.org/10.1088/1475-7516/2024/09/037","A power spectrum approach to the search for axion-like particles from resolved galaxy clusters using CMB as a backlight","2024","Journal of Cosmology and Astroparticle Physics","8","excluido","sin_beta_en_abstract",""
"https://doi.org/10.1088/1475-7516/2021/10/029","Unified approach to secondary effects on the CMB B-mode polarization","2021","Journal of Cosmology and Astroparticle Physics","8","excluido","sin_beta_en_abstract",""
"","Gravitational Waves from a Rolling Axion Monodromy","2020","arXiv (Cornell University)","8","excluido","sin_doi_valido",""
"https://doi.org/10.1103/physrevd.110.103525","Constraining ultralight ALP dark matter in light of cosmic birefringence","2024","Physical review. D/Physical review. D.","8","excluido","sin_beta_en_abstract",""
"https://doi.org/10.1103/physrevd.105.063536","Computing microwave background polarization power spectra from cosmic birefringence","2022","Physical review. D/Physical review. D.","8","incluido","tiene_beta_extraible","metodologico"
"https://doi.org/10.1088/1475-7516/2023/07/053","Cosmic birefringence from neutrino and dark matter asymmetries","2023","Journal of Cosmology and Astroparticle Physics","8","incluido","tiene_beta_extraible","teorico"
"https://doi.org/10.1088/1475-7516/2024/07/084","A diffused background from axion-like particles in the microwave sky","2024","Journal of Cosmology and Astroparticle Physics","7","excluido","sin_beta_en_abstract",""
"https://doi.org/10.1117/12.2560918","On-site performance of GroundBIRD, a CMB polarization telescope for large angular scale observations","2020","","7","excluido","sin_beta_en_abstract",""
"https://doi.org/10.1088/1475-7516/2023/09/024","Measures of non-Gaussianity in axion-string-induced CMB birefringence","2023","Journal of Cosmology and Astroparticle Physics","7","incluido","tiene_beta_extraible","teorico"
"https://doi.org/10.1088/1475-7516/2024/04/074","Effect of instrumental polarization with a half-wave plate on the B-mode signal: prediction and correction","2024","Journal of Cosmology and Astroparticle Physics","7","excluido","sin_beta_en_abstract",""
"https://doi.org/10.1088/1475-7516/2020/04/055","Probing a cosmic axion-like particle background within the jets of active galactic nuclei","2020","Journal of Cosmology and Astroparticle Physics","7","excluido","sin_beta_en_abstract",""
"https://doi.org/10.1103/physrevd.111.023501","Tomographic constraint on anisotropic cosmic birefringence","2025","Physical review. D/Physical review. D.","6","incluido","tiene_beta_extraible","tomografia"
"https://doi.org/10.1093/mnras/stz2607","Controlling systematics in ground-based CMB surveys with partial boresight rotation","2019","Monthly Notices of the Royal Astronomical Society","6","excluido","sin_beta_en_abstract",""
"https://doi.org/10.1103/physrevd.111.043514","Isotropic cosmic birefringence from an oscillating axionlike field","2025","Physical review. D/Physical review. D.","6","excluido","sin_beta_en_abstract",""
"https://doi.org/10.1117/12.2630636","Heat dissipation of rotation mechanism of polarization modulator unit for LiteBIRD low-frequency telescope","2022","Space Telescopes and Instrumentation 2022: Optical, Infrared, and Millimeter Wave","6","excluido","sin_beta_en_abstract",""
"https://doi.org/10.1088/1475-7516/2023/06/044","Cross-correlation power spectra and cosmic birefringence of the CMB via photon-neutrino interaction","2023","Journal of Cosmology and Astroparticle Physics","6","excluido","sin_beta_en_abstract",""
"https://doi.org/10.1088/1475-7516/2023/07/052","Testing charge quantization with axion string-induced cosmic birefringence","2023","Journal of Cosmology and Astroparticle Physics","6","incluido","tiene_beta_extraible","teorico"
"https://doi.org/10.1103/physrevd.100.063506","Cross-correlation between 21-cm radiation and CMB B modes from the cosmic birefringence in the presence of a light scalar field","2019","Physical review. D/Physical review. D.","6","excluido","sin_beta_en_abstract",""
"https://doi.org/10.1088/1475-7516/2022/08/033","Constraints on cosmic birefringence using E-mode polarisation","2022","Journal of Cosmology and Astroparticle Physics","6","incluido","tiene_beta_extraible","isotropica_primaria"
"","Synthetic Gravitational Waves from a Rolling Axion Monodromy","2020","arXiv (Cornell University)","6","excluido","sin_doi_valido",""
"https://doi.org/10.1088/1475-7516/2025/12/013","Field-level constraints on cosmic birefringence from hybrid ILC maps combining E- and B-mode channels","2025","Journal of Cosmology and Astroparticle Physics","5","incluido","tiene_beta_extraible","isotropica_reanalisis_PR4"
"https://doi.org/10.1088/1742-6596/1293/1/012083","Development of a contact-less cryogenic rotation mechanism employed for a polarization modulator unit in cosmic microwave background polarization experiments","2019","Journal of Physics Conference Series","5","excluido","sin_beta_en_abstract",""
"https://doi.org/10.1103/pbc3-t52s","Cosmic birefringence from the Atacama Cosmology Telescope Data Release 6","2026","Physical review. D/Physical review. D.","5","incluido","tiene_beta_extraible","isotropica_primaria_ACT"
"https://doi.org/10.48550/arxiv.2005.10280","Synthetic Gravitational Waves from a Rolling Axion Monodromy","2020","arXiv (Cornell University)","5","excluido","preprint_arxiv_sin_peer_review",""
"https://doi.org/10.48550/arxiv.2008.10667","QUBIC VI: cryogenic half wave plate rotator, design and performances","2020","arXiv (Cornell University)","5","excluido","preprint_arxiv_sin_peer_review",""
"https://doi.org/10.1088/1475-7516/2024/10/101","Conversations in the dark: cross-correlating birefringence and LSS to constrain axions","2024","Journal of Cosmology and Astroparticle Physics","5","excluido","sin_beta_en_abstract",""
"https://doi.org/10.1038/s41586-026-10859-z","Vacuum birefringence and the polarized X-ray emission from a radio magnetar","2026","Nature","5","excluido","sin_beta_en_abstract",""
"https://doi.org/10.1016/j.physletb.2020.135240","Joint constraint on primordial gravitational waves and polarization rotation angle with current CMB polarization data","2020","Physics Letters B","5","excluido","sin_beta_en_abstract",""
"https://doi.org/10.1117/12.2562905","Polarization calibration of the BICEP3 CMB polarimeter at the South Pole","2020","","5","excluido","sin_beta_en_abstract",""
"https://doi.org/10.1007/jhep08(2024)038","Cosmic birefringence from CP-violating axion interactions","2024","Journal of High Energy Physics","5","excluido","sin_beta_en_abstract",""
"https://doi.org/10.1103/physrevd.108.023023","Cosmic birefringence as a probe of the nature of dark matter: Sterile neutrino and dipolar dark matter","2023","Physical review. D/Physical review. D.","5","excluido","sin_beta_en_abstract",""
"https://doi.org/10.48550/arxiv.2309.14803","The Simons Observatory: Cryogenic Half Wave Plate Rotation Mechanism for the Small Aperture Telescopes","2023","arXiv (Cornell University)","5","excluido","preprint_arxiv_sin_peer_review",""
"https://doi.org/10.1088/1475-7516/2024/10/106","Constraining UV freeze-in of light relics with current and next-generation CMB observations","2024","Journal of Cosmology and Astroparticle Physics","5","excluido","sin_beta_en_abstract",""
"https://doi.org/10.48550/arxiv.2006.15982","Simultaneous determination of the cosmic birefringence and miscalibrated polarization angles II: Including cross frequency spectra","2020","arXiv (Cornell University)","5","excluido","preprint_arxiv_sin_peer_review",""
"https://doi.org/10.1051/0004-6361/201834485","Secondary CMB anisotropies from magnetized haloes","2019","Astronomy and Astrophysics","4","excluido","sin_beta_en_abstract",""
"https://doi.org/10.1016/j.dark.2024.101601","Induced cosmological anisotropies and CMB anomalies by a non-abelian gauge-gravity interaction","2024","Physics of the Dark Universe","4","excluido","sin_beta_en_abstract",""
"https://doi.org/10.48550/arxiv.2202.13919","New physics from the polarised light of the cosmic microwave background","2022","arXiv (Cornell University)","4","excluido","preprint_arxiv_sin_peer_review",""
"https://doi.org/10.48550/arxiv.2303.15369","Constraint on Early Dark Energy from Isotropic Cosmic Birefringence","2023","arXiv (Cornell University)","4","excluido","preprint_arxiv_sin_peer_review",""
"https://doi.org/10.48550/arxiv.2012.05934","Polarization Calibration of the BICEP3 CMB polarimeter at the South Pole","2020","arXiv (Cornell University)","4","excluido","preprint_arxiv_sin_peer_review",""
"https://doi.org/10.1088/1475-7516/2025/02/050","SpectrAx: spectral search of axion-like particles using multi-band observations of galaxy clusters from SKA, SO, CMB-S4 and eROSITA","2025","Journal of Cosmology and Astroparticle Physics","3","excluido","sin_beta_en_abstract",""
"https://doi.org/10.48550/arxiv.2203.04830","Cosmic Birefringence from Planck Public Release 4","2022","arXiv (Cornell University)","3","excluido","preprint_arxiv_sin_peer_review",""
"https://doi.org/10.48550/arxiv.2303.07370","Exotic energy injection in the early universe II: CMB spectral distortions and constraints on light dark matter","2023","arXiv (Cornell University)","3","excluido","preprint_arxiv_sin_peer_review",""
"https://doi.org/10.1142/s0218271825400085","Cosmic Polarization Rotation from CMB data: A review for GR110","2024","International Journal of Modern Physics D","3","excluido","sin_beta_en_abstract",""
"https://doi.org/10.1016/j.jheap.2022.04.001","On dark radiation from string moduli decay to ALPs","2022","Journal of High Energy Astrophysics","3","excluido","sin_beta_en_abstract",""
"https://doi.org/10.1088/1475-7516/2020/09/006","Constraining cosmic polarization rotation and implications for primordial B-modes","2020","Journal of Cosmology and Astroparticle Physics","3","excluido","sin_beta_en_abstract",""
"https://doi.org/10.1088/1475-7516/2025/07/009","Improving cosmic birefringence constraints via delensing","2025","Journal of Cosmology and Astroparticle Physics","3","incluido","tiene_beta_extraible","forecast"
"https://doi.org/10.5281/zenodo.20257701","Spacetime Wrinkles: Defect-Like Textures as a Geometric Origin of Dark-Matter Phenomenology","2026","Zenodo (CERN European Organization for Nuclear Research)","3","excluido","self_publicacion_zenodo",""
"https://doi.org/10.1103/tsff-hz9m","Optimal joint reconstruction from CMB observations: Application to cosmic birefringence, patchy reionization, and CMB lensing","2025","Physical review. D/Physical review. D.","3","excluido","sin_beta_en_abstract",""
"https://doi.org/10.1117/12.3019544","Commissioning the CMB polarization telescope GroundBIRD with the full set of detectors","2024","","3","excluido","sin_beta_en_abstract",""
"https://doi.org/10.48550/arxiv.2212.08007","Characterising cosmic birefringence in the presence of galactic foregrounds and instrumental systematic effects","2022","arXiv (Cornell University)","3","excluido","preprint_arxiv_sin_peer_review",""
"https://doi.org/10.48550/arxiv.2303.07426","CMB and Lyman-$α$ constraints on dark matter decays to photons","2023","arXiv (Cornell University)","3","excluido","preprint_arxiv_sin_peer_review",""
"https://doi.org/10.1140/epjc/s10052-025-14586-z","Flipped rotating axion non-minimally coupled to gravity: baryogenesis and dark matter","2025","The European Physical Journal C","3","excluido","sin_beta_en_abstract",""
"https://doi.org/10.1103/6z1m-r1j5","n π Phase Ambiguity of Cosmic Birefringence","2025","Physical Review Letters","3","incluido","tiene_beta_extraible","metodologico"
"https://doi.org/10.48550/arxiv.2007.05659","New cosmological bounds on axions in the XENON1T window","2020","arXiv (Cornell University)","2","excluido","preprint_arxiv_sin_peer_review",""
"https://doi.org/10.5281/zenodo.21967580","Priority-Axis Z-Algebra Dark Matter Theory: A Unified Framework of Interface Rigidity Conservation and Dynamical Tension","2026","Zenodo (CERN European Organization for Nuclear Research)","2","excluido","self_publicacion_zenodo",""
"https://doi.org/10.1117/12.3019100","Capacitive sensors for the polarization modulator unit of the mid- and high-frequency telescopes of LiteBIRD space mission","2024","","2","excluido","sin_beta_en_abstract",""
"https://doi.org/10.1088/1475-7516/2025/05/051","Turbulence induced non-Gaussian spectral distortion in the microwave sky from photon-axion conversion in galaxy clusters","2025","Journal of Cosmology and Astroparticle Physics","2","excluido","sin_beta_en_abstract",""
"https://doi.org/10.1007/s10909-022-02919-1","Polarization Modulator Unit Harness Thermal Design for the Mid- and High-Frequency Telescopes of the LiteBIRD Space Mission","2022","Journal of Low Temperature Physics","2","excluido","sin_beta_en_abstract",""
"https://doi.org/10.48550/arxiv.2402.18568","A New Probe of Cosmic Birefringence Using Galaxy Polarization and Shapes","2024","arXiv (Cornell University)","2","excluido","preprint_arxiv_sin_peer_review",""
"https://doi.org/10.48550/arxiv.2303.13313","How to detect lensing rotation","2023","arXiv (Cornell University)","2","excluido","preprint_arxiv_sin_peer_review",""
"https://doi.org/10.7298/947m-mf06","Detector Development and Polarization Analyses for the Atacama Cosmology Telescope","2019","eCommons (Cornell University)","2","excluido","sin_beta_en_abstract",""
"https://doi.org/10.48550/arxiv.2310.09152","Can we explain cosmic birefringence without a new light field beyond Standard Model?","2023","arXiv (Cornell University)","2","excluido","preprint_arxiv_sin_peer_review",""
"https://doi.org/10.1103/physrevd.110.103507","Efficient estimation of rotation-induced bias to reconstructed CMB lensing power spectrum","2024","Physical review. D/Physical review. D.","2","excluido","sin_beta_en_abstract",""
"https://doi.org/10.1103/kc89-xjkb","Planck constraints on axionlike particles through isotropic cosmic birefringence","2025","Physical review. D/Physical review. D.","2","incluido","tiene_beta_extraible","isotropica_reanalisis_PR4"
"https://doi.org/10.22323/1.331.0021","Constraints on parity violation from the Cosmic Microwave Background","2019","","2","excluido","sin_beta_en_abstract",""
"https://doi.org/10.1117/12.2560486","Demonstration of five-layer phase-flat achromatic half-wave plate with anti-reflective structures and superconducting magnetic bearing for CMB polarization experiments","2020","","2","excluido","sin_beta_en_abstract",""
"https://doi.org/10.48550/arxiv.1910.10819","Resolving the Hubble Tension and 32 Foundational Anomalies: A Unified Nested Rotating Black Hole Framework Beyond $\Lambda$CDM","2019","arXiv (Cornell University)","2","excluido","preprint_arxiv_sin_peer_review",""
"https://doi.org/10.5281/zenodo.18957650","Analytical Supplement: Parallel Transport of the Polarization Vector in the IKBL Framework and the Derivation of Topological Birefringence.","2026","Zenodo (CERN European Organization for Nuclear Research)","2","excluido","self_publicacion_zenodo",""
"https://doi.org/10.48550/arxiv.2411.13701","Revisiting Constraints on Resonant Axion-Photon Conversions from CMB Spectral Distortions","2024","arXiv (Cornell University)","2","excluido","preprint_arxiv_sin_peer_review",""
"https://doi.org/10.22323/1.390.0586","Production of Thermal Axions across the ElectroWeak Phase Transition","2021","Proceedings of 40th International Conference on High Energy physics — PoS(ICHEP2020)","2","excluido","sin_beta_en_abstract",""
"https://doi.org/10.1088/1475-7516/2025/04/077","Forecasts on anisotropic cosmic birefringence constraints for CMB experiment in the northern hemisphere","2025","Journal of Cosmology and Astroparticle Physics","2","incluido","tiene_beta_extraible","forecast"
"https://doi.org/10.48550/arxiv.2209.07804","Isotropic cosmic birefringence from early dark energy","2022","arXiv (Cornell University)","2","excluido","preprint_arxiv_sin_peer_review",""
"https://doi.org/10.5281/zenodo.21453155","The Khôra Scar Tensor: A Single Spin-2 Object Unifying the CMB Axis Alignment, Dark-Energy Subdominance, and Cosmic Birefringence","2026","Zenodo (CERN European Organization for Nuclear Research)","2","excluido","self_publicacion_zenodo",""
"https://doi.org/10.1103/physrevd.102.103513","QCD axions and CMB anisotropy","2020","Physical review. D/Physical review. D.","2","excluido","sin_beta_en_abstract",""
"https://doi.org/10.5281/zenodo.18732885","Cosmic Birefringence and the Governance of Contested Rotation Signals: A TRIDENT Case Analysis","2026","Zenodo (CERN European Organization for Nuclear Research)","2","excluido","self_publicacion_zenodo",""
"https://doi.org/10.1103/srfg-9fdy","Universal Profile for Cosmic Birefringence Tomography with Radio Galaxies","2025","Physical Review Letters","2","excluido","sin_beta_en_abstract",""
"https://doi.org/10.48550/arxiv.2403.16763","LiteBIRD Science Goals and Forecasts: Primordial Magnetic Fields","2024","arXiv (Cornell University)","2","excluido","preprint_arxiv_sin_peer_review",""
"https://doi.org/10.1103/physics.13.s149","Hints of Cosmic Birefringence?","2020","Physics","2","excluido","sin_beta_en_abstract",""
"https://doi.org/10.1016/j.dark.2026.102335","Improved cosmological constraints on axion-lepton interactions","2026","Physics of the Dark Universe","2","excluido","sin_beta_en_abstract",""
"https://doi.org/10.48550/arxiv.2410.12089","BICEP/Keck XVIII: Measurement of BICEP3 polarization angles and consequences for constraining cosmic birefringence and inflation","2024","arXiv (Cornell University)","1","excluido","preprint_arxiv_sin_peer_review",""
"https://doi.org/10.3204/pubdb-2020-02699","Primordial Nucleosynthesis in the Presence of MeV-scale Dark Sectors","2020","DESY (CERN, DESY, Fermilab, IHEP, and SLAC)","1","excluido","sin_beta_en_abstract",""
"https://doi.org/10.48550/arxiv.2402.08716","Axion dark matter from inflation-driven quantum phase transition","2024","arXiv (Cornell University)","1","excluido","preprint_arxiv_sin_peer_review",""
"https://doi.org/10.2139/ssrn.6877220","Constraining the Potential Index $n$ of the Early Dark Energy Model Using Cosmic Birefringence from Planck and ACT","2026","SSRN Electronic Journal","1","excluido","sin_beta_en_abstract",""
"https://doi.org/10.1088/1475-7516/2026/02/082","Enhanced matter power spectrum from axion kination after Big Bang nucleosynthesis","2026","Journal of Cosmology and Astroparticle Physics","1","excluido","sin_beta_en_abstract",""
"https://doi.org/10.48550/arxiv.2410.11099","A Minimal Axio-dilaton Dark Sector","2024","White Rose Research Online (University of Leeds, The University of Sheffield, University of York)","1","excluido","preprint_arxiv_sin_peer_review",""
"https://doi.org/10.5281/zenodo.19669049","Boundary-Conditioned Modulation of the Fine-Structure Constant Around a Structurally Derived Ground State","2026","Zenodo (CERN European Organization for Nuclear Research)","1","excluido","self_publicacion_zenodo",""
"https://doi.org/10.48550/arxiv.2111.01199","Fuzzy Dark Matter and the Dark Energy Survey Year 1 Data","2021","arXiv (Cornell University)","1","excluido","preprint_arxiv_sin_peer_review",""
"https://doi.org/10.48550/arxiv.2606.01360","A short review on Quintom dark energy theory","2026","arXiv (Cornell University)","1","excluido","preprint_arxiv_sin_peer_review",""
"https://doi.org/10.22323/1.454.0047","Axion field tomography: cosmic birefringence from the epochs of recombination and reionization","2024","","1","excluido","sin_beta_en_abstract",""
"https://doi.org/10.1088/1742-6596/2323/1/012039","Evaluation of the effect of gravity on the rotational loss of superconducting magnetic bearings for space applications","2022","Journal of Physics Conference Series","1","excluido","sin_beta_en_abstract",""
"https://doi.org/10.1103/yxmh-rh9z","Constraints on anisotropic cosmic birefringence from CMB B -mode polarization","2025","Physical review. D/Physical review. D.","1","incluido","tiene_beta_extraible","anisotropica"
"https://doi.org/10.48550/arxiv.2308.00967","Effect of Instrumental Polarization with a Half-Wave Plate on the $B$-Mode Signal: Prediction and Correction","2023","arXiv (Cornell University)","1","excluido","preprint_arxiv_sin_peer_review",""
"https://doi.org/10.1140/epjc/s10052-025-14079-z","Forecasts for decaying dark matter from cross-correlation between line intensity mapping and large scale structures surveys","2025","The European Physical Journal C","1","excluido","sin_beta_en_abstract",""
"https://doi.org/10.48550/arxiv.2312.14513","Induced Cosmological Anisotropies and CMB Anomalies by a non-Abelian Gauge-Gravity Interaction","2023","arXiv (Cornell University)","1","excluido","preprint_arxiv_sin_peer_review",""
"https://doi.org/10.1117/12.2591659","Front Matter: Volume 11450","2020","","1","excluido","sin_beta_en_abstract",""
"https://doi.org/10.48550/arxiv.2111.08025","Strong constraints on decay and annihilation of dark matter from heating of gas-rich dwarf galaxies","2021","arXiv (Cornell University)","1","excluido","preprint_arxiv_sin_peer_review",""
"https://doi.org/10.1063/5.0274694","The Simons Observatory: Large diameter and large load-capacity superconducting magnetic bearing for a millimeter-wave polarization modulator","2025","Review of Scientific Instruments","1","excluido","sin_beta_en_abstract",""
"https://doi.org/10.48550/arxiv.2411.00764","Primordial Black Holes and Second-order Gravitational Waves in Axion-like Hybrid Inflation","2024","arXiv (Cornell University)","1","excluido","preprint_arxiv_sin_peer_review",""
"https://doi.org/10.1140/epjc/s10052-024-13004-0","Generation of the CMB cosmic birefringence through axion-like particles, sterile and active neutrinos","2024","The European Physical Journal C","1","incluido","tiene_beta_extraible","teorico"
"https://doi.org/10.48550/arxiv.2109.00152","Cross-correlation Power Spectra and Cosmic Birefringence of the CMB via Photon-neutrino Interaction","2021","arXiv (Cornell University)","1","excluido","preprint_arxiv_sin_peer_review",""
"https://doi.org/10.1088/1475-7516/2024/08/037","Cosmic birefringence by dark photon","2024","Journal of Cosmology and Astroparticle Physics","1","excluido","sin_beta_en_abstract",""
"https://doi.org/10.1140/epjc/s10052-026-15544-z","Nucleosynthesis and CMB bounds on photophilic ALPs: a fresh look","2026","The European Physical Journal C","1","excluido","sin_beta_en_abstract",""
"https://doi.org/10.22323/1.414.0126","Redshift dependent cosmic birefringence from axion-like dark matter","2022","Proceedings of 41st International Conference on High Energy physics — PoS(ICHEP2022)","1","excluido","sin_beta_en_abstract",""
"https://doi.org/10.1088/1475-7516/2026/08/041","How light can ALP dark matter be?","2026","Journal of Cosmology and Astroparticle Physics","1","excluido","sin_beta_en_abstract",""
"https://doi.org/10.1134/s1063772921100243","Discovering Axion-Like Particles Using Cosmic Microwave Background as the Backlight","2021","Astronomy Reports","1","excluido","sin_beta_en_abstract",""
"https://doi.org/10.1088/1475-7516/2025/07/069","Detecting rotation from lensing in the CMB","2025","Journal of Cosmology and Astroparticle Physics","1","excluido","sin_beta_en_abstract",""
"https://doi.org/10.48550/arxiv.2304.03647","Search for ultra-light axions with CMB polarization","2023","arXiv (Cornell University)","1","excluido","preprint_arxiv_sin_peer_review",""
"https://doi.org/10.48550/arxiv.2408.09521","Observational evidence for Early Dark Energy as a unified explanation for Cosmic Birefringence and the Hubble tension","2024","arXiv (Cornell University)","1","excluido","preprint_arxiv_sin_peer_review",""
"https://doi.org/10.5281/zenodo.19144138","Cosmic Birefringence as D4/A3 Parity Offset: A Parameter-Free Derivation of β = 0.365◦ and the Planck–ACT Anisotropy Conjecture","2026","Zenodo (CERN European Organization for Nuclear Research)","0","excluido","self_publicacion_zenodo",""
"https://doi.org/10.1117/12.3101389","The Simons Observatory: overview of the cryogenic half-wave plate polarization modulators","2026","","0","excluido","sin_beta_en_abstract",""
"https://doi.org/10.5281/zenodo.20778298","Quantitative Definition of Temporal Torque Density and Chronotorsional Holonomy: A QMU Derivation of Organized Five-Dimensional Chronogeometric Structure","2026","Zenodo (CERN European Organization for Nuclear Research)","0","excluido","self_publicacion_zenodo",""
"https://doi.org/10.5281/zenodo.20798551","Temporal-Torque Evolution and the Dynamics of Filamentary Chronogeometry: A Predictive Theory of Chronogeometric Growth, Domain Evolution, and Cosmic-Web Memory","2026","Zenodo (CERN European Organization for Nuclear Research)","0","excluido","self_publicacion_zenodo",""
"https://doi.org/10.5281/zenodo.22847196","Temporal-Torque Evolution and the Dynamics of Filamentary Chronogeometry: A Predictive Theory of Chronogeometric Growth, Domain Evolution, and Cosmic-Web Memory","2026","Zenodo (CERN European Organization for Nuclear Research)","0","excluido","self_publicacion_zenodo",""
"https://doi.org/10.5281/zenodo.18928941","Cosmic Birefringence as a Quantum-Geometric Signature of the Universal Field Φ in MRUV Cosmology","2026","Zenodo (CERN European Organization for Nuclear Research)","0","excluido","self_publicacion_zenodo",""
"https://doi.org/10.5281/zenodo.20993416","Starlink Scheduler Evolution Toward CMB Birefringence Field Properties: Evidence of Undisclosed Adoption and Implications for Covert Global Defense Synchronization (V2.35)","2026","Zenodo (CERN European Organization for Nuclear Research)","0","excluido","self_publicacion_zenodo",""
"https://doi.org/10.48550/arxiv.2207.05687","Probing cosmic birefringence with polarized Sunyaev-Zel'dovich tomography","2022","arXiv (Cornell University)","0","excluido","preprint_arxiv_sin_peer_review",""
"https://doi.org/10.5281/zenodo.18913315","Topological Selection of Cosmic Birefringence in a T3 Cosmology","2026","Zenodo (CERN European Organization for Nuclear Research)","0","excluido","self_publicacion_zenodo",""
"https://doi.org/10.22323/1.507.0016","Constraining ALPs with Cosmic Microwave Background Polarization Birefringence","2026","","0","excluido","sin_beta_en_abstract",""
"https://doi.org/10.30967/ijcrset/diriba-gonfa-tolasa/175","Unveiling Dark Matter: A Comprehensive Review of Theoretical and Observational Advances","2025","International Journal of Current Research in Science Engineering & Technology","0","excluido","sin_beta_en_abstract",""
"https://doi.org/10.48550/arxiv.2204.01130","On dark radiation from string moduli decay to ALPs","2022","arXiv (Cornell University)","0","excluido","preprint_arxiv_sin_peer_review",""
"https://doi.org/10.48550/arxiv.2507.17438","CMB constraints on $U(1)$ axion warm inflation","2025","arXiv (Cornell University)","0","excluido","preprint_arxiv_sin_peer_review",""
"https://doi.org/10.5281/zenodo.21866228","From Cosmic Polarization to Earthquake Forecasting: A Unified Framework Bridging the Hubble Tension, Galactic Rotation, and Regional Seismic Precursory Signals","2026","Zenodo (CERN European Organization for Nuclear Research)","0","excluido","self_publicacion_zenodo",""
"https://doi.org/10.5281/zenodo.18697654","The Greatest Accounting Fraud in Physics: Dark Matter is the Net, Not Missing Fish","2026","Zenodo (CERN European Organization for Nuclear Research)","0","excluido","self_publicacion_zenodo",""
"https://doi.org/10.5281/zenodo.18817456","Information Conservation in Cyclic Cosmology: Entropy Functional Definition, CEFE Weyl–Φ Coupling, and Parity-Odd CMB Signatures""","2026","Zenodo (CERN European Organization for Nuclear Research)","0","excluido","self_publicacion_zenodo",""
"https://doi.org/10.5281/zenodo.18795045","Null Cross-Correlation as a Constraint Operator: Bounding Axion–Photon Coupling from Anisotropic Cosmic Birefringence Measurements","2026","Zenodo (CERN European Organization for Nuclear Research)","0","excluido","self_publicacion_zenodo",""
"https://doi.org/10.1088/1475-7516/2026/06/095","Constraining Lorentz Violation using 21cm and CMB Cross Correlations","2026","Journal of Cosmology and Astroparticle Physics","0","incluido","tiene_beta_extraible","cross_correlacion"
"https://doi.org/10.3847/2041-8213/aea401","Differential Polarization Calibration: A Consistency Test for Cosmic Birefringence","2026","The Astrophysical Journal Letters","0","incluido","tiene_beta_extraible","instrumental"
"https://doi.org/10.48550/arxiv.2608.24456","CMB Birefringence from Axion String Networks Calibrated to an AMR Simulation","2026","arXiv (Cornell University)","0","excluido","preprint_arxiv_sin_peer_review",""
"https://doi.org/10.48550/arxiv.2305.02318","Testing charge quantization with axion string-induced cosmic birefringence","2023","arXiv (Cornell University)","0","excluido","preprint_arxiv_sin_peer_review",""
"https://doi.org/10.5281/zenodo.19132893","Refusal CMB Resonance v1","2026","Zenodo (CERN European Organization for Nuclear Research)","0","excluido","self_publicacion_zenodo",""
"https://doi.org/10.5281/zenodo.22684159","Which Axion Couplings Admit Heavy-Fermion Completions?","2026","Zenodo (CERN European Organization for Nuclear Research)","0","excluido","self_publicacion_zenodo",""
"https://doi.org/10.48550/arxiv.2212.05161","Non-equilibrium dynamics of Axion-like particles: the quantum master equation","2022","arXiv (Cornell University)","0","excluido","preprint_arxiv_sin_peer_review",""
"https://doi.org/10.5281/zenodo.18794860","TRIDENT Case Card: Cosmic Birefringence–Large-Scale Structure Cross-Correlation (Null Result as Constraint Operator)","2026","Zenodo (CERN European Organization for Nuclear Research)","0","excluido","self_publicacion_zenodo",""
"https://doi.org/10.5281/zenodo.20134321","Thawing Axion-like Dark Energy from Torsional Electroweak Baryogenesis: Tests at DESI, CMB Birefringence and Structure Growth","2026","Zenodo (CERN European Organization for Nuclear Research)","0","excluido","self_publicacion_zenodo",""
"https://doi.org/10.48550/arxiv.2405.09449","Constraining UV freeze-in of light relics with current and next-generation CMB observations","2024","arXiv (Cornell University)","0","excluido","preprint_arxiv_sin_peer_review",""
"https://doi.org/10.5281/zenodo.21905668","Geodesic Line-of-Sight Tension: A Gravitational Interpretation of the Density-Weighted Ariza Length","2026","Zenodo (CERN European Organization for Nuclear Research)","0","excluido","self_publicacion_zenodo",""
"https://doi.org/10.48550/arxiv.2302.11140","Cosmic Birefringence from Neutrino and Dark Matter Asymmetries","2023","arXiv (Cornell University)","0","excluido","preprint_arxiv_sin_peer_review",""
"https://doi.org/10.5281/zenodo.19570322","Falsifikationspaper: Vorhersage der kosmischen Doppelbrechung β = 0,3505◦ aus zwei Band-1-Konstanten","2026","Zenodo (CERN European Organization for Nuclear Research)","0","excluido","self_publicacion_zenodo",""
"https://doi.org/10.5281/zenodo.21866227","From Cosmic Polarization to Earthquake Forecasting: A Unified Framework Bridging the Hubble Tension, Galactic Rotation, and Regional Seismic Precursory Signals","2026","Zenodo (CERN European Organization for Nuclear Research)","0","excluido","self_publicacion_zenodo",""
"https://doi.org/10.13140/rg.2.2.23690.12481","Assessing the Dynamics of Dark Energy by Observing the Rotation of the CMB Polarization Plane over Cosmic History","2025","","0","excluido","sin_beta_en_abstract",""
"https://doi.org/10.48550/arxiv.2207.13292","Testing magnetic interference between TES detectors and the telescope environment for future CMB satellite missions","2022","arXiv (Cornell University)","0","excluido","preprint_arxiv_sin_peer_review",""
"https://doi.org/10.5281/zenodo.21599311","Investigations into an unobserved photonic law of nature: Quantitative Observational Bounds from the CMB: Constraining Torsional Anomaly Inflow (Paper V)","2026","Zenodo (CERN European Organization for Nuclear Research)","0","excluido","self_publicacion_zenodo",""
"https://doi.org/10.48550/arxiv.2503.22203","The Simons Observatory: Large Diameter and Large Load-Capacity Superconducting Magnetic Bearing for a Millimeter-Wave Polarization Modulator","2025","arXiv (Cornell University)","0","excluido","preprint_arxiv_sin_peer_review",""
"https://doi.org/10.21203/rs.3.rs-9307498/v1","Evidence for Dihedral D₃ Symmetry in the Planck CMB Temperature Anisotropy","2026","Research Square","0","excluido","sin_beta_en_abstract",""
"https://doi.org/10.48550/arxiv.2510.13032","Improved Absolute Polarization Calibrator for BICEP CMB Polarimeters","2025","arXiv (Cornell University)","0","excluido","preprint_arxiv_sin_peer_review",""
"https://doi.org/10.5281/zenodo.21229721","ZIPPED: Elastic Spacetime Unified Framework — A Mechanical Derivation of Galactic Dynamics, Redshift and CMB from Spacetime Polarization","2026","Zenodo (CERN European Organization for Nuclear Research)","0","excluido","self_publicacion_zenodo",""
"https://doi.org/10.48550/arxiv.2511.14864","Improved cosmological constraints on axion-lepton interactions","2025","arXiv (Cornell University)","0","excluido","preprint_arxiv_sin_peer_review",""
"https://doi.org/10.48550/arxiv.2407.02144","Conversations in the dark: cross-correlating birefringence and LSS to constrain axions","2024","arXiv (Cornell University)","0","excluido","preprint_arxiv_sin_peer_review",""
"https://doi.org/10.48550/arxiv.2211.06380","Probing Axions through Tomography of Anisotropic Cosmic Birefringence","2022","arXiv (Cornell University)","0","excluido","preprint_arxiv_sin_peer_review",""
"https://doi.org/10.5281/zenodo.18347054","Vacuum-Spark Hypothesis VI: Endogenous Genesis of Dark Matter and Energy via Probabilistic Multi-Spark Dynamics in the Quantum Void","2026","Zenodo (CERN European Organization for Nuclear Research)","0","excluido","self_publicacion_zenodo",""
"https://doi.org/10.5281/zenodo.21436281","T₇ Matched-Arc CMB Search: a pre-registered test of a Fano-plane cosmic topology on Planck 2018","2026","Zenodo (CERN European Organization for Nuclear Research)","0","excluido","self_publicacion_zenodo",""
"https://doi.org/10.5281/zenodo.19621704","Local Physics in a Luneburg Cavity: Resolution of Open Problems via Gravitational Gradient Equivalence","2026","Zenodo (CERN European Organization for Nuclear Research)","0","excluido","self_publicacion_zenodo",""
"https://doi.org/10.2139/ssrn.4937608","Post-Inflationary Production of Particle Dark Matter:Non-Minimal Natural Inflationary Scenarios","2024","SSRN Electronic Journal","0","excluido","sin_beta_en_abstract",""
"https://doi.org/10.1117/12.2630091","Testing magnetic interference between TES detectors and the telescope environment for future CMB satellite missions","2022","Millimeter, Submillimeter, and Far-Infrared Detectors and Instrumentation for Astronomy XI","0","excluido","sin_beta_en_abstract",""
"https://doi.org/10.5281/zenodo.21204545","Full-sky CMB temperature topology as evidence for large-scale differential rotation in the early universe","2026","Zenodo (CERN European Organization for Nuclear Research)","0","excluido","self_publicacion_zenodo",""
"https://doi.org/10.5281/zenodo.20247281","Inflation as ED Diffusion Outpacing ED Production","2026","Zenodo (CERN European Organization for Nuclear Research)","0","excluido","self_publicacion_zenodo",""
"https://doi.org/10.5281/zenodo.21411400","Cosmic Birefringence: A Geometric Prediction from the Tetrahedral Substrate of Spacetime","2026","Zenodo (CERN European Organization for Nuclear Research)","0","excluido","self_publicacion_zenodo",""
"https://doi.org/10.5281/zenodo.21897174","From Cosmic Polarization to Earthquake Forecasting: A Unified Framework Bridging the Hubble Tension, Galactic Rotation, and Regional Seismic Precursory Signals","2026","Zenodo (CERN European Organization for Nuclear Research)","0","excluido","self_publicacion_zenodo",""
"https://doi.org/10.48550/arxiv.2607.02664","Limits on global cosmic birefringence using radio sources","2026","arXiv (Cornell University)","0","excluido","preprint_arxiv_sin_peer_review",""
"https://doi.org/10.2139/ssrn.5258781","Cosmic Birefringence and the Concept of Spirits, Angels, and Demons","2025","SSRN Electronic Journal","0","excluido","sin_beta_en_abstract",""
"https://doi.org/10.22323/1.509.0236","Cosmological implications of an Axion-Like Majoron","2026","","0","excluido","sin_beta_en_abstract",""
"https://doi.org/10.5281/zenodo.18817455","Information Conservation in Cyclic Cosmology: Entropy Functional Definition, CEFE Weyl–Φ Coupling, and Parity-Odd CMB Signatures""","2026","Zenodo (CERN European Organization for Nuclear Research)","0","excluido","self_publicacion_zenodo",""
"https://doi.org/10.5281/zenodo.22846929","Quantitative Definition of Temporal Torque Density and Chronotorsional Holonomy: A QMU Derivation of Organized Five-Dimensional Chronogeometric Structure","2026","Zenodo (CERN European Organization for Nuclear Research)","0","excluido","self_publicacion_zenodo",""
"","Cosmic birefringence from axion monodromy potential","2021","MPG.PuRe (Max Planck Society)","0","excluido","sin_doi_valido",""
"https://doi.org/10.5281/zenodo.18928940","Cosmic Birefringence as a Quantum-Geometric Signature of the Universal Field Φ in MRUV Cosmology","2026","Zenodo (CERN European Organization for Nuclear Research)","0","excluido","self_publicacion_zenodo",""
"","Precise Astronomical Polarization Angle Calibration and its Impact on Studying Lorentz and Parity Violation in the Cosmic Microwave Background","2020","eScholarship (California Digital Library)","0","excluido","sin_doi_valido",""
"https://doi.org/10.17605/osf.io/n48hu","Paper 3: Cosmological Tests of the Huaxia Spacetime Total Conservation Theory: CMB Power Spectrum Modification and a Unified Resolution of the Hubble Constant Crisis","2026","","0","excluido","sin_beta_en_abstract",""
"https://doi.org/10.1016/j.physletb.2026.140521","Axion-like particle dark matter intensity mapping: A new probe via cross-correlation with galaxy surveys","2026","Physics Letters B","0","excluido","sin_beta_en_abstract",""
"","Snowmass2021 CMB-HD White Paper","2022","HAL (Le Centre pour la Communication Scientifique Directe)","0","excluido","sin_doi_valido",""
"https://doi.org/10.48550/arxiv.2305.07937","Is Cosmic Birefringence model-dependent?","2023","arXiv (Cornell University)","0","excluido","preprint_arxiv_sin_peer_review",""
"https://doi.org/10.48550/arxiv.2503.18924","Interpreting Cosmic Birefringence and DESI Data with Evolving Axion in $Λ$CDM","2025","arXiv (Cornell University)","0","excluido","preprint_arxiv_sin_peer_review",""
"","Cosmic Acceleration from a Two-Component Dark Matter Superfluid","2020","NORA - Norwegian Open Research Archives","0","excluido","sin_doi_valido",""
"","Detecting Axion-like particles using Cosmic Variance Cancellation with CMB and Radio surveys","2026","arXiv (Cornell University)","0","excluido","sin_doi_valido",""
"https://doi.org/10.7910/dvn/5lvskh","Rotation Field of the Cosmic Microwave Background — Phase Model Validation (v1.43)","2026","Harvard Dataverse","0","excluido","sin_beta_en_abstract",""
"https://doi.org/10.48550/arxiv.2409.12950","Stochastic Axion-like Curvaton: Non-Gaussianity and Primordial Black Holes Without Large Power Spectrum","2024","arXiv (Cornell University)","0","excluido","preprint_arxiv_sin_peer_review",""
"https://doi.org/10.5281/zenodo.19341308","Cosmic Birefringence as Fossilized Bandwidth Decay: A Coherence Framework Derivation","2026","Zenodo (CERN European Organization for Nuclear Research)","0","excluido","self_publicacion_zenodo",""
"https://doi.org/10.2139/ssrn.7392119","Cosmic Birefringence from the Spectre Substrate: A 0.05σ Match at the Conformal Crossover","2026","SSRN Electronic Journal","0","excluido","sin_beta_en_abstract",""
"https://doi.org/10.17605/osf.io/esgcb","Paper 9: CMB Analytical Verification and Parameter Constraints of the Huaxia Spacetime Total Conservation Theory","2026","","0","excluido","sin_beta_en_abstract",""
"https://doi.org/10.48550/arxiv.2509.09472","Axion-Photon Conversion in FLRW with Primordial Magnetic Fields: Explaining the Radio Excess","2025","arXiv (Cornell University)","0","excluido","preprint_arxiv_sin_peer_review",""
"https://doi.org/10.5281/zenodo.22847528","Temporal Torque Memory and Galactic-Scale Aether Organization: A Predictive Framework for Cosmic Birefringence","2026","Zenodo (CERN European Organization for Nuclear Research)","0","excluido","self_publicacion_zenodo",""
"https://doi.org/10.48550/arxiv.2609.25202","Cosmic Birefringence and Axiogenesis","2026","arXiv (Cornell University)","0","excluido","preprint_arxiv_sin_peer_review",""
"","Cosmological implications of ModMax theory","2025","Electronic Theses and Dissertations Repository (University of Pisa)","0","excluido","sin_doi_valido",""
"https://doi.org/10.1051/0004-6361/202660054","A quantum theory of the alignment and polarization of very small dust grains","2026","Astronomy and Astrophysics","0","excluido","sin_beta_en_abstract",""
"https://doi.org/10.48550/arxiv.2310.05827","A Leptonic ALP Portal to the Dark Sector","2023","arXiv (Cornell University)","0","excluido","preprint_arxiv_sin_peer_review",""
"https://doi.org/10.5281/zenodo.22116653","Universal Hydromechanical Law (UHL): A Rheological Cosmological Medium Reproducing the CMB Spectrum Without Dark Matter or Dark Energy","2026","Zenodo (CERN European Organization for Nuclear Research)","0","excluido","self_publicacion_zenodo",""
"https://doi.org/10.1088/1475-7516/2026/07/099","Beyond thermal approximations: precise cosmological bounds on axion-like particles","2026","Journal of Cosmology and Astroparticle Physics","0","excluido","sin_beta_en_abstract",""
"https://doi.org/10.7910/dvn/byavvr","Rotation Field of the Cosmic Microwave Background — MASTER-Calibrated Dipole and Anisotropic Cosmic Birefringence (v1.4)","2026","Harvard Dataverse","0","excluido","sin_beta_en_abstract",""
"https://doi.org/10.5281/zenodo.18521353","The Periodic Table of Elementary Particles","2026","Zenodo (CERN European Organization for Nuclear Research)","0","excluido","self_publicacion_zenodo",""
"https://doi.org/10.5281/zenodo.22684158","Which Axion Couplings Admit Heavy-Fermion Completions?","2026","Zenodo (CERN European Organization for Nuclear Research)","0","excluido","self_publicacion_zenodo",""
"https://doi.org/10.1088/1475-7516/2026/09/002","Detecting axion-like particles using cosmic variance cancellation with CMB and radio surveys","2026","Journal of Cosmology and Astroparticle Physics","0","excluido","sin_beta_en_abstract",""
"https://doi.org/10.48550/arxiv.2602.11100","Beyond thermal approximations: Precise cosmological bounds on Axion-Like Particles","2026","arXiv (Cornell University)","0","excluido","preprint_arxiv_sin_peer_review",""
"https://doi.org/10.48550/arxiv.2405.15538","$nπ$ phase ambiguity of cosmic birefringence","2024","arXiv (Cornell University)","0","excluido","preprint_arxiv_sin_peer_review",""
"https://doi.org/10.5281/zenodo.22077653","Full-sky CMB temperature topology as evidence for large-scale differential rotation in the early universe","2026","Zenodo (CERN European Organization for Nuclear Research)","0","excluido","self_publicacion_zenodo",""
"https://doi.org/10.48550/arxiv.2208.08101","Can primordial parity violation explain the observed cosmic birefringence?","2022","arXiv (Cornell University)","0","excluido","preprint_arxiv_sin_peer_review",""
"https://doi.org/10.48550/arxiv.2607.17500","Simultaneous inference of isotropic and anisotropic polarization rotation angles for next-generation cosmic microwave background experiments","2026","arXiv (Cornell University)","0","excluido","preprint_arxiv_sin_peer_review",""
"https://doi.org/10.48550/arxiv.2504.06709","Universal profile for cosmic birefringence tomography with radio galaxies","2025","arXiv (Cornell University)","0","excluido","preprint_arxiv_sin_peer_review",""
"https://doi.org/10.48550/arxiv.2208.06843","Consistency of the string inspired electroweak axion with cosmic birefringence","2022","arXiv (Cornell University)","0","excluido","preprint_arxiv_sin_peer_review",""
"https://doi.org/10.5281/zenodo.22188197","cosmic_birefringence: Differential polarization calibration for cosmic-birefringence analyses","2026","Zenodo (CERN European Organization for Nuclear Research)","0","excluido","self_publicacion_zenodo",""
"https://doi.org/10.5281/zenodo.18143899","**R⁸ Triadic Bank: A Topological Self-Trapping Explanation of Wave–Particle Duality (Z₄₈→Z₂₄ Projection)**","2026","Zenodo (CERN European Organization for Nuclear Research)","0","excluido","self_publicacion_zenodo",""
"https://doi.org/10.48550/arxiv.2404.13771","Exact CMB B-mode power spectrum from anisotropic cosmic birefringence","2024","arXiv (Cornell University)","0","excluido","preprint_arxiv_sin_peer_review",""
"https://doi.org/10.5281/zenodo.19341309","Cosmic Birefringence as Fossilized Bandwidth Decay: A Coherence Framework Derivation","2026","Zenodo (CERN European Organization for Nuclear Research)","0","excluido","self_publicacion_zenodo",""
"https://doi.org/10.1103/5j64-ybm5","Limits on Global Cosmic Birefringence Using Radio Sources","2026","Physical Review Letters","0","excluido","sin_beta_en_abstract",""
"https://doi.org/10.5281/zenodo.20424381","CMB Birefringence Field α(n) Anomalies: Planck Legacy Data Correlation, In Vivo Nanoscale Signal Grounding, and Covert Bio-Electronic Weapon Deployment","2026","Zenodo (CERN European Organization for Nuclear Research)","0","excluido","self_publicacion_zenodo",""
"https://doi.org/10.48550/arxiv.2301.07971","Redshift evolution of cosmic birefringence in CMB anisotropies","2023","arXiv (Cornell University)","0","excluido","preprint_arxiv_sin_peer_review",""
"https://doi.org/10.5281/zenodo.18347053","Vacuum-Spark Hypothesis VI: Endogenous Genesis of Dark Matter and Energy via Probabilistic Multi-Spark Dynamics in the Quantum Void","2026","Zenodo (CERN European Organization for Nuclear Research)","0","excluido","self_publicacion_zenodo",""
"https://doi.org/10.5281/zenodo.20753446","Temporal Torque Memory and Galactic-Scale Aether Organization: A Predictive Framework for Cosmic Birefringence","2026","Zenodo (CERN European Organization for Nuclear Research)","0","excluido","self_publicacion_zenodo",""
"","Implications of Cosmic Birefringence for Multi-Field ALP Dark Matter","2025","arXiv (Cornell University)","0","excluido","sin_doi_valido",""
"https://doi.org/10.5281/zenodo.22846904","Aether Tomography: Residual Cosmic Birefringence as a Probe of Organized Five-Dimensional Chronogeometric Structure","2026","Zenodo (CERN European Organization for Nuclear Research)","0","excluido","self_publicacion_zenodo",""
"https://doi.org/10.5281/zenodo.22045359","Cosmic Birefringence from Finite-Response Photon Transport in an Emergent Condensate Superfluid Medium","2026","Zenodo (CERN European Organization for Nuclear Research)","0","excluido","self_publicacion_zenodo",""
"https://doi.org/10.48550/arxiv.2408.08063","Constraining Ultralight ALP Dark Matter in Light of Cosmic Birefringence","2024","arXiv (Cornell University)","0","excluido","preprint_arxiv_sin_peer_review",""
"https://doi.org/10.48550/arxiv.2601.03925","Polarization rotation through differential transmission in refractive CMB telescopes identified using a hybrid physical optics method","2026","arXiv (Cornell University)","0","excluido","preprint_arxiv_sin_peer_review",""
"https://doi.org/10.5281/zenodo.21714837","Multiscale reconstructibility reveals anisotropic organization relative to a preferred axis in the Planck CMB temperature field","2026","Zenodo (CERN European Organization for Nuclear Research)","0","excluido","self_publicacion_zenodo",""
"https://doi.org/10.20944/preprints202604.0264.v2","Evidence for Dihedral D₃ Symmetry in the Planck CMB Temperature Anisotropy","2026","Preprints.org","0","excluido","sin_beta_en_abstract",""
"https://doi.org/10.5281/zenodo.21599310","Investigations into an unobserved photonic law of nature: Quantitative Observational Bounds from the CMB: Constraining Torsional Anomaly Inflow (Paper V)","2026","Zenodo (CERN European Organization for Nuclear Research)","0","excluido","self_publicacion_zenodo",""
"https://doi.org/10.5281/zenodo.20754696","Aether Tomography: Residual Cosmic Birefringence as a Probe of Organized Five-Dimensional Chronogeometric Structure","2026","Zenodo (CERN European Organization for Nuclear Research)","0","excluido","self_publicacion_zenodo",""
"https://doi.org/10.48550/arxiv.2506.22999","Resolving the negative effective neutrino mass parameter with cosmic birefringence","2025","arXiv (Cornell University)","0","excluido","preprint_arxiv_sin_peer_review",""
"https://doi.org/10.48550/arxiv.2509.13654","Cosmic Birefringence from the Atacama Cosmology Telescope Data Release 6","2025","arXiv (Cornell University)","0","excluido","preprint_arxiv_sin_peer_review",""
"https://doi.org/10.5281/zenodo.21905669","Geodesic Line-of-Sight Tension: A Gravitational Interpretation of the Density-Weighted Ariza Length","2026","Zenodo (CERN European Organization for Nuclear Research)","0","excluido","self_publicacion_zenodo",""
"https://doi.org/10.1088/1475-7516/2026/02/003","Systematic effect induced by misalignment in a reflective polarization modulator for CMB, and application to the LiteBIRD case","2026","Journal of Cosmology and Astroparticle Physics","0","excluido","sin_beta_en_abstract",""
"https://doi.org/10.21468/scipost.report.2689","Report on 2012.11584v2","2021","","0","excluido","sin_beta_en_abstract",""
"https://doi.org/10.48550/arxiv.2409.18588","Generation of the CMB cosmic Birefringence through Axion-like particles, Sterile and Active neutrinos","2024","arXiv (Cornell University)","0","excluido","preprint_arxiv_sin_peer_review",""
"https://doi.org/10.5281/zenodo.22116652","Universal Hydromechanical Law (UHL): A Rheological Cosmological Medium Reproducing the CMB Spectrum Without Dark Matter or Dark Energy","2026","Zenodo (CERN European Organization for Nuclear Research)","0","excluido","self_publicacion_zenodo",""
"https://doi.org/10.5281/zenodo.20467339","XLG-Eccentric Collision Cosmology (ECC): A New Paradigm for the Origin of the Universe – From Impact Moment to CMB Signatures","2026","Zenodo (CERN European Organization for Nuclear Research)","0","excluido","self_publicacion_zenodo",""
"https://doi.org/10.21468/scipostphys.11.1","","2021","SciPost Physics","0","excluido","sin_beta_en_abstract",""
"https://doi.org/10.48550/arxiv.2212.06739","Higgs-dilaton model revisited: can dilaton act as QCD axion?","2022","arXiv (Cornell University)","0","excluido","preprint_arxiv_sin_peer_review",""
"https://doi.org/10.5281/zenodo.19140046","Analysis of Quadrupole–Octopole Structure in Low-Multipole CMB Anisotropies: Evidence of a Directional Axis of Alignment","2026","Zenodo (CERN European Organization for Nuclear Research)","0","excluido","self_publicacion_zenodo",""
"https://doi.org/10.1088/1475-7516/2026/08/008","Study the nature of dynamical dark energy by measuring the CMB polarization rotation angle","2026","Journal of Cosmology and Astroparticle Physics","0","incluido","tiene_beta_extraible","forecast"
"https://doi.org/10.5281/zenodo.20788912","Filamentary Chronogeometry and Large-Scale Aether Organization: A Predictive Theory of Temporal-Torque Corridors and Cosmic Filament Structure","2026","Zenodo (CERN European Organization for Nuclear Research)","0","excluido","self_publicacion_zenodo",""
"","Cosmic Birefringence from the Scale-Symmetric Theory","2020","viXra","0","excluido","sin_doi_valido",""
"https://doi.org/10.5281/zenodo.20321179","Shared-Pseudoscalar Spontaneous Baryogenesis and Cosmic Birefringence","2026","Zenodo (CERN European Organization for Nuclear Research)","0","excluido","self_publicacion_zenodo",""
"https://doi.org/10.5281/zenodo.22933217","Axion Sea Dark Energy × Cosmic Birefringence","2026","Zenodo (CERN European Organization for Nuclear Research)","0","excluido","self_publicacion_zenodo",""
"https://doi.org/10.48550/arxiv.2607.12446","Measuring Ultralight-Axion Coherence with Galaxy Polarization Correlations","2026","arXiv (Cornell University)","0","excluido","preprint_arxiv_sin_peer_review",""
"https://doi.org/10.5281/zenodo.21392357","Cosmic Birefringence: A Geometric Prediction from the Tetrahedral Substrate of Spacetime","2026","Zenodo (CERN European Organization for Nuclear Research)","0","excluido","self_publicacion_zenodo",""
"https://doi.org/10.5281/zenodo.20533445","RDG Cosmology: Pre-Registered Chiral Polarization Predictions for the LiteBIRD Mission","2026","Zenodo (CERN European Organization for Nuclear Research)","0","excluido","self_publicacion_zenodo",""
"https://doi.org/10.5281/zenodo.20798552","Temporal-Torque Evolution and the Dynamics of Filamentary Chronogeometry: A Predictive Theory of Chronogeometric Growth, Domain Evolution, and Cosmic-Web Memory","2026","Zenodo (CERN European Organization for Nuclear Research)","0","excluido","self_publicacion_zenodo",""
"https://doi.org/10.5281/zenodo.19205530","Dimensional Projection Kinematics: A Unified Geometric Perspective on the Hubble Tension, MOND, and Cosmic Birefringence","2026","Zenodo (CERN European Organization for Nuclear Research)","0","excluido","self_publicacion_zenodo",""
"https://doi.org/10.48550/arxiv.2605.05906","Axion-Like Particle Dark Matter Intensity Mapping: A New Probe via Cross-Correlation with Galaxy Surveys","2026","arXiv (Cornell University)","0","excluido","preprint_arxiv_sin_peer_review",""
"https://doi.org/10.5281/zenodo.22750886","Deterministic Resolution of the 300-TeV Photon Opacity Anomaly (GRB 221009A) via Vacuum Condensate Dynamics (VCDM)","2026","Zenodo (CERN European Organization for Nuclear Research)","0","excluido","self_publicacion_zenodo",""
"https://doi.org/10.5281/zenodo.18957651","Analytical Supplement: Parallel Transport of the Polarization Vector in the IKBL Framework and the Derivation of Topological Birefringence.","2026","Zenodo (CERN European Organization for Nuclear Research)","0","excluido","self_publicacion_zenodo",""
"https://doi.org/10.48550/arxiv.2502.07654","Planck PR4 (NPIPE) map-space cosmic birefringence","2025","arXiv (Cornell University)","0","excluido","preprint_arxiv_sin_peer_review",""
"https://doi.org/10.5281/zenodo.19860590","Covariant informational gravity as a falsifiable effective-source model: gravitational-wave and CMB null tests","2026","Zenodo (CERN European Organization for Nuclear Research)","0","excluido","self_publicacion_zenodo",""
"https://doi.org/10.22323/1.454.0017","Photon to axion conversion during BBN","2024","","0","excluido","sin_beta_en_abstract",""
"https://doi.org/10.5281/zenodo.20788913","Filamentary Chronogeometry and Large-Scale Aether Organization: A Predictive Theory of Temporal-Torque Corridors and Cosmic Filament Structure","2026","Zenodo (CERN European Organization for Nuclear Research)","0","excluido","self_publicacion_zenodo",""
"https://doi.org/10.31526/acp.bsm-2023.2","CMB and Lyman-α constraints on dark matter decays to photons","2023","Letters in High Energy Physics","0","excluido","sin_beta_en_abstract",""
"https://doi.org/10.48550/arxiv.2206.01635","Planck constraints on cross-correlations between anisotropic cosmic birefringence and CMB polarization","2022","arXiv (Cornell University)","0","excluido","preprint_arxiv_sin_peer_review",""
"","v1.0 — Scale‑Dependent & Anisotropic Cosmic Birefringence: 8.5σ Isotropic and 4–5σ Directional Rotation","2026","OSF Preprints (OSF Preprints)","0","excluido","sin_doi_valido",""
"https://doi.org/10.5281/zenodo.21977963","The Unseen Sky","2026","Zenodo (CERN European Organization for Nuclear Research)","0","excluido","self_publicacion_zenodo",""
"https://doi.org/10.5281/zenodo.19140045","Analysis of Quadrupole–Octopole Structure in Low-Multipole CMB Anisotropies: Evidence of a Directional Axis of Alignment","2026","Zenodo (CERN European Organization for Nuclear Research)","0","excluido","self_publicacion_zenodo",""
"https://doi.org/10.5281/zenodo.22009757","internationalmanager-creator/LAB_BOOK_THU-TBEA-V4: Atlas THU","2026","Zenodo (CERN European Organization for Nuclear Research)","0","excluido","self_publicacion_zenodo",""
"","A quantum theory of the alignment and polarization of very small dust grains","2026","arXiv (Cornell University)","0","excluido","sin_doi_valido",""
"https://doi.org/10.1051/epjconf/202635301013/pdf","Improved Absolute Polarization Calibrator for BICEP CMB Polarimeters","2026","Springer Link (Chiba Institute of Technology)","0","incluido","tiene_beta_extraible","instrumental"
"https://doi.org/10.21203/rs.3.rs-6564112/v1","A chemically etched D-band waveguide orthomode transducer for CMB measurements","2025","Research Square","0","excluido","sin_beta_en_abstract",""
"https://doi.org/10.5281/zenodo.22177961","PUH Theorem 354 (The Constraint Does Not Reach the Prediction) — ACT DR6 Reconstructs Anisotropic Birefringence from L = 15 Upward Against a Scale-Invariant Axion Template, While a Rebound Axis Is a Dipole at L = 1 and a Global Handedness Is the Monopole the Analysis Subtracts as a Systematic","2026","Zenodo (CERN European Organization for Nuclear Research)","0","excluido","self_publicacion_zenodo",""
"https://doi.org/10.5281/zenodo.19621705","Local Physics in a Luneburg Cavity: Resolution of Open Problems via Gravitational Gradient Equivalence","2026","Zenodo (CERN European Organization for Nuclear Research)","0","excluido","self_publicacion_zenodo",""
"https://doi.org/10.1142/s2251171719930012","Notice of Retraction: ""Design and Characterization of a Ground-Based Absolute Polarization Calibrator for Use with Polarization Sensitive CMB Experiments""","2019","Journal of Astronomical Instrumentation","0","excluido","sin_beta_en_abstract",""
"https://doi.org/10.5281/zenodo.17561419","Annual Modulation of Polarization: The Hidden Observable of Parity Violation","2025","Zenodo (CERN European Organization for Nuclear Research)","0","excluido","self_publicacion_zenodo",""
"https://doi.org/10.5281/zenodo.20172374","CPQ Theory: Cosmic Birefringence as a Signature of Matrix Chirality","2026","Zenodo (CERN European Organization for Nuclear Research)","0","excluido","self_publicacion_zenodo",""
"https://doi.org/10.7910/dvn/ngs6hg","Rotation Field of the Cosmic Microwave Background — Axis + Frequency + Half-Mission Validation (v1.44)","2026","Harvard Dataverse","0","excluido","sin_beta_en_abstract",""
"https://doi.org/10.5281/zenodo.20134614","Cosmic Recoil as a Phenomenological Link Between Baryon Asymmetry and Dynamical Dark Energy","2026","Zenodo (CERN European Organization for Nuclear Research)","0","excluido","self_publicacion_zenodo",""
"https://doi.org/10.5281/zenodo.18734911","An Information-Theoretic Solution to the Strong CP Problem","2026","Zenodo (CERN European Organization for Nuclear Research)","0","excluido","self_publicacion_zenodo",""
"https://doi.org/10.1088/1475-7516/2025/03/001","Extracting axion string network parameters from simulated CMB birefringence maps using convolutional neural networks","2025","Journal of Cosmology and Astroparticle Physics","0","excluido","sin_beta_en_abstract",""
"https://doi.org/10.5281/zenodo.22009758","internationalmanager-creator/LAB_BOOK_THU-TBEA-V4: Atlas THU","2026","Zenodo (CERN European Organization for Nuclear Research)","0","excluido","self_publicacion_zenodo",""
"https://doi.org/10.1051/epjconf/202635301013","Improved Absolute Polarization Calibrator for BICEP CMB Polarimeters","2026","EPJ Web of Conferences","0","incluido","tiene_beta_extraible","instrumental"
"https://doi.org/10.5281/zenodo.18160210","Early-Universe and Strong-Field Consistency of χ-Mediated Gravity: BBN, CMB, BAO","2026","Zenodo (CERN European Organization for Nuclear Research)","0","excluido","self_publicacion_zenodo",""
"","Improved constraints on ultralight axions using latest observations of the early and late Universe","2025","arXiv (Cornell University)","0","excluido","sin_doi_valido",""
"https://doi.org/10.1088/1475-7516/2026/09/090","Implications of cosmic birefringence for multi-field ALP dark matter","2026","Journal of Cosmology and Astroparticle Physics","0","excluido","sin_beta_en_abstract",""
"https://doi.org/10.20944/preprints202604.0264.v1","Evidence for Dihedral D₃ Symmetry in the Planck CMB Temperature Anisotropy","2026","Preprints.org","0","excluido","sin_beta_en_abstract",""
"","LiteBIRD science goals and forecasts: constraining isotropic cosmic birefringence","2025","Institutional Repositories DataBase (IRDB)","0","excluido","sin_doi_valido",""
"https://doi.org/10.48550/arxiv.2401.11973","Planck constraints on Cosmic Birefringence and its cross-correlation with the CMB","2024","arXiv (Cornell University)","0","excluido","preprint_arxiv_sin_peer_review",""
"https://doi.org/10.5281/zenodo.18535195","TFPT v2.8 Prediction Sheet: Cosmic Birefringence (CMB Polarization Rotation β = 0.2424°)","2026","Zenodo (CERN European Organization for Nuclear Research)","0","excluido","self_publicacion_zenodo",""
"https://doi.org/10.7910/dvn/idl5mq","Scale-Dependent and Anisotropic Cosmic Birefringence: 8.5σ Isotropic and 4–5σ Directional Rotation in Planck Polarization Data (v1.0)","2026","Harvard Dataverse","0","incluido","tiene_beta_extraible","anisotropica"
"https://doi.org/10.5281/zenodo.20779504","Numerical Reconstruction of Organized Temporal-Torque Domains and Simulated Residual Cosmic Birefringence Maps","2026","Zenodo (CERN European Organization for Nuclear Research)","0","excluido","self_publicacion_zenodo",""
"https://doi.org/10.5281/zenodo.22847273","QMU-Constrained Simulation of Temporal-Torque Evolution: Numerical Chronogeometric Domains, Filament Memory, and Synthetic Birefringence Observables","2026","Zenodo (CERN European Organization for Nuclear Research)","0","excluido","self_publicacion_zenodo",""
"https://doi.org/10.5281/zenodo.17561420","Annual Modulation of Polarization: The Hidden Observable of Parity Violation","2025","Zenodo (CERN European Organization for Nuclear Research)","0","excluido","self_publicacion_zenodo",""
"https://doi.org/10.5281/zenodo.20754695","Aether Tomography: Residual Cosmic Birefringence as a Probe of Organized Five-Dimensional Chronogeometric Structure","2026","Zenodo (CERN European Organization for Nuclear Research)","0","excluido","self_publicacion_zenodo",""
"https://doi.org/10.5281/zenodo.20779503","Numerical Reconstruction of Organized Temporal-Torque Domains and Simulated Residual Cosmic Birefringence Maps","2026","Zenodo (CERN European Organization for Nuclear Research)","0","excluido","self_publicacion_zenodo",""
"https://doi.org/10.48550/arxiv.2502.07743","Cosmic Polarisation Rotation from CMB Data: a Review for GR110","2025","arXiv (Cornell University)","0","excluido","preprint_arxiv_sin_peer_review",""
"https://doi.org/10.1103/cyz7-kplp","CMB birefringence from vacuum interfaces","2026","Physical review. D/Physical review. D.","0","excluido","sin_beta_en_abstract",""
"https://doi.org/10.5281/zenodo.19205529","Dimensional Projection Kinematics: A Unified Geometric Perspective on the Hubble Tension, MOND, and Cosmic Birefringence","2026","Zenodo (CERN European Organization for Nuclear Research)","0","excluido","self_publicacion_zenodo",""
"https://doi.org/10.5281/zenodo.19944635","Falsifikationspaper: Vorhersage der kosmischen Doppelbrechung β = 0,3505◦ aus zwei Band-1-Konstanten","2026","Zenodo (CERN European Organization for Nuclear Research)","0","excluido","self_publicacion_zenodo",""
"https://doi.org/10.5281/zenodo.19176312","Technical Note: Predictive Extensions of the IKBL Lattice — Next-Phase Topological Signatures","2026","Zenodo (CERN European Organization for Nuclear Research)","0","excluido","self_publicacion_zenodo",""
"https://doi.org/10.2172/3412485","Constraining Cosmic Birefringence with Polarization Angle Calibration","2026","","0","excluido","sin_beta_en_abstract",""
"https://doi.org/10.1088/1475-7516/2026/02/079","Forecasts of constraining isotropic cosmic birefringence on AliCPT-1","2026","Journal of Cosmology and Astroparticle Physics","0","incluido","tiene_beta_extraible","forecast"
"https://doi.org/10.5281/zenodo.20806197","QMU-Constrained Simulation of Temporal-Torque Evolution: Numerical Chronogeometric Domains, Filament Memory, and Synthetic Birefringence Observables","2026","Zenodo (CERN European Organization for Nuclear Research)","0","excluido","self_publicacion_zenodo",""
"https://doi.org/10.48550/arxiv.2605.04983","Capturing statistical isotropy violation with rotational averages","2026","arXiv (Cornell University)","0","excluido","preprint_arxiv_sin_peer_review",""
"https://doi.org/10.5281/zenodo.22683974","Full-sky CMB temperature topology as evidence for large-scale differential rotation in the early universe","2026","Zenodo (CERN European Organization for Nuclear Research)","0","excluido","self_publicacion_zenodo",""
"","Limits on global cosmic birefringence using radio sources","2026","arXiv (Cornell University)","0","excluido","sin_doi_valido",""
"https://doi.org/10.48550/arxiv.2408.13612","Efficient estimation of rotation-induced bias to reconstructed CMB lensing power spectrum","2024","arXiv (Cornell University)","0","excluido","preprint_arxiv_sin_peer_review",""
"https://doi.org/10.1088/1475-7516/2025/08/081","The prospect from the upcoming CMB experiment LiteBIRD to discover axion-like particles using Milky Way","2025","Journal of Cosmology and Astroparticle Physics","0","excluido","sin_beta_en_abstract",""
"https://doi.org/10.48550/arxiv.2505.11592","The Prospect from the Upcoming CMB Experiment LiteBIRD to Discover Axion-like Particles Using Milky Way","2025","arXiv (Cornell University)","0","excluido","preprint_arxiv_sin_peer_review",""
"https://doi.org/10.5281/zenodo.21229720","ZIPPED: Elastic Spacetime Unified Framework — A Mechanical Derivation of Galactic Dynamics, Redshift and CMB from Spacetime Polarization","2026","Zenodo (CERN European Organization for Nuclear Research)","0","excluido","self_publicacion_zenodo",""
"https://doi.org/10.48550/arxiv.2509.10607","Bias in the tensor-to-scalar ratio from self-interacting dark radiation","2025","arXiv (Cornell University)","0","excluido","preprint_arxiv_sin_peer_review",""
"https://doi.org/10.7910/dvn/ddh4fo","Rotation Field of the Cosmic Microwave Background — Dependence-Aware Joint Validation of Anisotropic Cosmic Birefringence (v1.42)","2026","Harvard Dataverse","0","excluido","sin_beta_en_abstract",""
"https://doi.org/10.48550/arxiv.2108.02150","Implications of the Cosmic Birefringence Measurement for the Axion Dark Matter Search","2021","arXiv (Cornell University)","0","excluido","preprint_arxiv_sin_peer_review",""
"https://doi.org/10.48550/arxiv.2607.16191","Cosmological Evidence for Dark Axion-Dark Baryon Interactions from Apparent Phantom Crossing","2026","arXiv (Cornell University)","0","excluido","preprint_arxiv_sin_peer_review",""
"https://doi.org/10.5281/zenodo.18697655","The Greatest Accounting Fraud in Physics: Dark Matter is the Net, Not Missing Fish","2026","Zenodo (CERN European Organization for Nuclear Research)","0","excluido","self_publicacion_zenodo",""
"https://doi.org/10.5281/zenodo.21296933","Forecasting Cosmic Birefringence via CMB TB Correlations: Fisher Sensitivity and Experimental Prospects","2026","Zenodo (CERN European Organization for Nuclear Research)","0","excluido","self_publicacion_zenodo",""
"https://doi.org/10.5281/zenodo.22303936","Cosmic Recoil as a Phenomenological Link Between Baryon Asymmetry and Dynamical Dark Energy","2026","Zenodo (CERN European Organization for Nuclear Research)","0","excluido","self_publicacion_zenodo",""
"https://doi.org/10.5281/zenodo.21392358","Cosmic Birefringence: A Geometric Prediction from the Tetrahedral Substrate of Spacetime","2026","Zenodo (CERN European Organization for Nuclear Research)","0","excluido","self_publicacion_zenodo",""
"https://doi.org/10.48550/arxiv.2205.13549","Cosmological constraints on decaying axion-like particles: a global analysis","2022","arXiv (Cornell University)","0","excluido","preprint_arxiv_sin_peer_review",""
"","Pressure-Driven Gravity as a Superfluid Vacuum Theory - Ylia Callan - 3 August 2025","2025","OSF Preprints (OSF Preprints)","0","excluido","sin_doi_valido",""
"https://doi.org/10.5281/zenodo.19570323","Arithmetic Derivation of Cosmic Birefringence: A Spectral-Topological Prediction of beta = 0,35 degrees within the AToE Framework","2026","Zenodo (CERN European Organization for Nuclear Research)","0","excluido","self_publicacion_zenodo",""
"https://doi.org/10.5281/zenodo.17617149","On the uniform, achromatic rotation of CMB polarization","2025","Zenodo (CERN European Organization for Nuclear Research)","0","excluido","self_publicacion_zenodo",""
"https://doi.org/10.1103/169s-4g17","Implications of DESI data for dark matter and cosmic birefringence","2026","Physical review. D/Physical review. D.","0","excluido","sin_beta_en_abstract",""
"https://doi.org/10.5281/zenodo.18795046","Null Cross-Correlation as a Constraint Operator: Bounding Axion–Photon Coupling from Anisotropic Cosmic Birefringence Measurements","2026","Zenodo (CERN European Organization for Nuclear Research)","0","excluido","self_publicacion_zenodo",""
"https://doi.org/10.48550/arxiv.2502.08720","Flipped Rotating Axion Non-minimally Coupled to Gravity: Baryogenesis and Dark Matter","2025","arXiv (Cornell University)","0","excluido","preprint_arxiv_sin_peer_review",""
"","Aspects of Lattice Cosmology","2025","Repository of Digital Objects for Teaching Research and Culture (University of Valencia)","0","excluido","sin_doi_valido",""
"https://doi.org/10.5281/zenodo.20171033","Oscillatory H(z) as a Probe of Ultralight Axions: Joint Analysis of CC, Planck, DESI, and Pantheon+ with Microphysical Parameter Inversion","2026","Zenodo (CERN European Organization for Nuclear Research)","0","excluido","self_publicacion_zenodo",""
"https://doi.org/10.5281/zenodo.21296934","Forecasting Cosmic Birefringence via CMB TB Correlations: Fisher Sensitivity and Experimental Prospects","2026","Zenodo (CERN European Organization for Nuclear Research)","0","excluido","self_publicacion_zenodo",""
"https://doi.org/10.5281/zenodo.21977706","The Unseen Sky","2026","Zenodo (CERN European Organization for Nuclear Research)","0","excluido","self_publicacion_zenodo",""
"https://doi.org/10.5281/zenodo.19508712","Global Polarization Rotation in the CMB: Observational Evidence and Structural Compatibility","2026","Zenodo (CERN European Organization for Nuclear Research)","0","excluido","self_publicacion_zenodo",""
"https://doi.org/10.5281/zenodo.19099835","Cosmic Birefringence as a Probe of Dark-Energy Field Excursions and UV Geometry","2026","Zenodo (CERN European Organization for Nuclear Research)","0","excluido","self_publicacion_zenodo",""
"","Through a dark crystal: CMB polarization as a tool to constrain the optical properties of the Universe","2020","arXiv (Cornell University)","0","excluido","sin_doi_valido",""
"https://doi.org/10.5281/zenodo.20467338","XLG-Eccentric Collision Cosmology (ECC): A New Paradigm for the Origin of the Universe – From Impact Moment to CMB Signatures","2026","Zenodo (CERN European Organization for Nuclear Research)","0","excluido","self_publicacion_zenodo",""
"https://doi.org/10.48550/arxiv.2303.10718","Primordial Gravitational Waves in non-Minimally Coupled Chromo-Natural Inflation","2023","arXiv (Cornell University)","0","excluido","preprint_arxiv_sin_peer_review",""
"https://doi.org/10.48550/arxiv.2306.16355","Cosmic Birefringence from the Axiverse","2023","arXiv (Cornell University)","0","excluido","preprint_arxiv_sin_peer_review",""
"https://doi.org/10.5281/zenodo.20778297","Quantitative Definition of Temporal Torque Density and Chronotorsional Holonomy: A QMU Derivation of Organized Five-Dimensional Chronogeometric Structure","2026","Zenodo (CERN European Organization for Nuclear Research)","0","excluido","self_publicacion_zenodo",""
"https://doi.org/10.15168/11572_474818","Constraining physics beyond ΛCDM through the cosmic microwave background and the large scale structure of the Universe.","2026","","0","excluido","sin_beta_en_abstract",""
"https://doi.org/10.48550/arxiv.2211.06849","Stability of domain wall network with initial inflationary fluctuations, and its implications for cosmic birefringence","2022","arXiv (Cornell University)","0","excluido","preprint_arxiv_sin_peer_review",""
"https://doi.org/10.5281/zenodo.18147343","Early-Universe and Strong-Field Consistency of χ-Mediated Gravity: BBN, CMB, BAO, Gravitational Waves, and Pulsars","2026","Zenodo (CERN European Organization for Nuclear Research)","0","excluido","self_publicacion_zenodo",""
"https://doi.org/10.5281/zenodo.19026798","Geometric Origin of the Effective Axion Field in MRUV Cosmology: Emergent Chern–Simons Structure, the Coupling Parameter ε, and the Polarimetric Mirage Operator","2026","Zenodo (CERN European Organization for Nuclear Research)","0","excluido","self_publicacion_zenodo",""
"https://doi.org/10.1117/12.2630653","Testbed preparation of a small prototype polarization modulator for LiteBIRD low-frequency telescope","2022","Millimeter, Submillimeter, and Far-Infrared Detectors and Instrumentation for Astronomy XI","0","excluido","sin_beta_en_abstract",""
"https://doi.org/10.5281/zenodo.19144137","Cosmic Birefringence as D4/A3 Parity Offset: A Parameter-Free Derivation of β = 0.365◦ and the Planck–ACT Anisotropy Conjecture","2026","Zenodo (CERN European Organization for Nuclear Research)","0","excluido","self_publicacion_zenodo",""
"https://doi.org/10.5281/zenodo.19132894","Refusal CMB Resonance v1","2026","Zenodo (CERN European Organization for Nuclear Research)","0","excluido","self_publicacion_zenodo",""
"https://doi.org/10.48550/arxiv.2306.07351","Measures of non-Gaussianity in axion-string-induced CMB birefringence","2023","arXiv (Cornell University)","0","excluido","preprint_arxiv_sin_peer_review",""
"https://doi.org/10.5281/zenodo.17778214","The Polarization of Light in a Chiral Vacuum Manifold: An Experimental Test of Cosmic Vorticity","2025","Zenodo (CERN European Organization for Nuclear Research)","0","excluido","self_publicacion_zenodo",""
"https://doi.org/10.5281/zenodo.17561313","Rotation Field of the Cosmic Microwave Background — Phase Model Validation (v1.43)","2025","Zenodo (CERN European Organization for Nuclear Research)","0","excluido","self_publicacion_zenodo",""
"https://doi.org/10.5281/zenodo.18794859","TRIDENT Case Card: Cosmic Birefringence–Large-Scale Structure Cross-Correlation (Null Result as Constraint Operator)","2026","Zenodo (CERN European Organization for Nuclear Research)","0","excluido","self_publicacion_zenodo",""
"https://doi.org/10.5281/zenodo.22750887","Deterministic Resolution of the 300-TeV Photon Opacity Anomaly (GRB 221009A) via Vacuum Condensate Dynamics (VCDM)","2026","Zenodo (CERN European Organization for Nuclear Research)","0","excluido","self_publicacion_zenodo",""
"","Constraining Lorentz Violation using 21cm and CMB Cross Correlations","2026","arXiv (Cornell University)","0","excluido","sin_doi_valido",""
"https://doi.org/10.48550/arxiv.2409.10632","SpectrAx: Spectral Search of Axion-Like Particles Using Multi-Band Observations of Galaxy Clusters from SKA, SO, CMB-S4 and eROSITA","2024","arXiv (Cornell University)","0","excluido","preprint_arxiv_sin_peer_review",""
"https://doi.org/10.48550/arxiv.2506.12589","Implications of DESI for Dark Matter & Cosmic Birefringence","2025","arXiv (Cornell University)","0","excluido","preprint_arxiv_sin_peer_review",""
"","Dark Begets Light: Exploring Physics Beyond the Standard Model with Cosmology","2023","Digital Access to Scholarship at Harvard (DASH) (Harvard University)","0","excluido","sin_doi_valido",""
"https://doi.org/10.5281/zenodo.18734910","An Information-Theoretic Solution to the Strong CP Problem","2026","Zenodo (CERN European Organization for Nuclear Research)","0","excluido","self_publicacion_zenodo",""
"https://doi.org/10.5281/zenodo.22177962","PUH Theorem 354 (The Constraint Does Not Reach the Prediction) — ACT DR6 Reconstructs Anisotropic Birefringence from L = 15 Upward Against a Scale-Invariant Axion Template, While a Rebound Axis Is a Dipole at L = 1 and a Global Handedness Is the Monopole the Analysis Subtracts as a Systematic","2026","Zenodo (CERN European Organization for Nuclear Research)","0","excluido","self_publicacion_zenodo",""
"https://doi.org/10.48550/arxiv.2412.07418","Kick it like DESI: PNGB quintessence with a dynamically generated initial velocity","2024","arXiv (Cornell University)","0","excluido","preprint_arxiv_sin_peer_review",""
"https://doi.org/10.48550/arxiv.2208.04605","Primordial black holes induced stochastic axion-photon oscillations in primordial magnetic field","2022","arXiv (Cornell University)","0","excluido","preprint_arxiv_sin_peer_review",""
"https://doi.org/10.5281/zenodo.20033840","CMB and Gravitational Wave Signatures of Non-Time-Orientable Spacetime: A No-Go Theorem, Indirect Birefringence, and Effective Neutrino Species Shift","2026","Zenodo (CERN European Organization for Nuclear Research)","0","excluido","self_publicacion_zenodo",""
"https://doi.org/10.5281/zenodo.19099836","Cosmic Birefringence as a Probe of Dark-Energy Field Excursions and UV Geometry","2026","Zenodo (CERN European Organization for Nuclear Research)","0","excluido","self_publicacion_zenodo",""
"https://doi.org/10.33232/001c.147459","Probing Anisotropic Cosmic Birefringence with Foreground-Marginalised SPT B-mode Likelihoods","2025","The Open Journal of Astrophysics","0","incluido","tiene_beta_extraible","anisotropica"
"https://doi.org/10.48550/arxiv.2504.01830","Lorentz-Violating Scenarios for the Highest-Energy Photons from GRB 221009A","2025","arXiv (Cornell University)","0","excluido","preprint_arxiv_sin_peer_review",""
"https://doi.org/10.48550/arxiv.2506.18970","ALPy Cogenesis","2025","arXiv (Cornell University)","0","excluido","preprint_arxiv_sin_peer_review",""
"https://doi.org/10.5281/zenodo.20533446","RDG Cosmology: Pre-Registered Chiral Polarization Predictions for the LiteBIRD Mission","2026","Zenodo (CERN European Organization for Nuclear Research)","0","excluido","self_publicacion_zenodo",""
"https://doi.org/10.48550/arxiv.2511.15790","How light can ALP dark matter be?","2025","arXiv (Cornell University)","0","excluido","preprint_arxiv_sin_peer_review",""
"https://doi.org/10.5281/zenodo.21979205","Torsión Axial Helicoidal en Cosmología Riemann–Cartan: Fundamentos matemáticos, fenomenología y falsabilidad sistemática (2024–2026) — Teoría Helicoidal Universal THU–TBEA 4.0","2026","Zenodo (CERN European Organization for Nuclear Research)","0","excluido","self_publicacion_zenodo",""
"https://doi.org/10.48550/arxiv.2501.04158","Detecting rotation from lensing in the CMB","2025","arXiv (Cornell University)","0","excluido","preprint_arxiv_sin_peer_review",""
"https://doi.org/10.48550/arxiv.2605.11065","CMB Birefringence from Vacuum Interfaces","2026","arXiv (Cornell University)","0","excluido","preprint_arxiv_sin_peer_review",""
"https://doi.org/10.1142/s2251171719500065","Design and Characterization of a Ground-Based Absolute Polarization Calibrator for Use with Polarization Sensitive CMB Experiments","2019","Journal of Astronomical Instrumentation","0","excluido","sin_beta_en_abstract",""
"https://doi.org/10.5281/zenodo.18878931","CMB Anisotropies as Registry Initialization Patterns: Deriving Temperature Fluctuations, Acoustic Peaks, and Polarization from Discrete Hex-Bus Allocation Dynamics","2026","Zenodo (CERN European Organization for Nuclear Research)","0","excluido","self_publicacion_zenodo",""
"https://doi.org/10.48550/arxiv.2511.09503","Probing Time-Dependent Physics with Phase-Folding CMB Maps","2025","arXiv (Cornell University)","0","excluido","preprint_arxiv_sin_peer_review",""
"https://doi.org/10.48550/arxiv.2311.03536","Cosmic Birefringence from CP-Violating Axion Interactions","2023","arXiv (Cornell University)","0","excluido","preprint_arxiv_sin_peer_review",""
"https://doi.org/10.1103/hcsm-39qw","Cosmic birefringence from a joint analysis of ACT and Planck","2026","Physical review. D/Physical review. D.","0","excluido","sin_beta_en_abstract",""
"https://doi.org/10.5281/zenodo.20825890","Model Comparison and Global Phase Coherence of CMB Birefringence Rotation Field V2.33","2026","Zenodo (CERN European Organization for Nuclear Research)","0","excluido","self_publicacion_zenodo",""
"https://doi.org/10.5281/zenodo.18535196","TFPT v2.8 Prediction Sheet: Cosmic Birefringence (CMB Polarization Rotation β = 0.2424°)","2026","Zenodo (CERN European Organization for Nuclear Research)","0","excluido","self_publicacion_zenodo",""
"https://doi.org/10.5281/zenodo.20321180","Shared-Pseudoscalar Spontaneous Baryogenesis and Cosmic Birefringence","2026","Zenodo (CERN European Organization for Nuclear Research)","0","excluido","self_publicacion_zenodo",""
"https://doi.org/10.48550/arxiv.2602.12019","Is cosmic birefringence due to dark energy or dark matter? Simulation-based inference","2026","arXiv (Cornell University)","0","excluido","preprint_arxiv_sin_peer_review",""
"https://doi.org/10.5281/zenodo.18907481","Reciprocal Cosmology I: Late-time Ultralight Axion Dynamics as a Unified Explanation for Large-scale CMB Anomalies","2026","Zenodo (CERN European Organization for Nuclear Research)","0","excluido","self_publicacion_zenodo",""
"https://doi.org/10.5281/zenodo.18147342","Early-Universe and Strong-Field Consistency of χ-Mediated Gravity: BBN, CMB, BAO","2026","Zenodo (CERN European Organization for Nuclear Research)","0","excluido","self_publicacion_zenodo",""
"https://doi.org/10.48550/arxiv.2306.08875","Cosmic birefringence tomography with polarized Sunyaev Zel'dovich effect","2023","arXiv (Cornell University)","0","excluido","preprint_arxiv_sin_peer_review",""
"https://doi.org/10.5281/zenodo.18878932","CMB Anisotropies as Registry Initialization Patterns: Deriving Temperature Fluctuations, Acoustic Peaks, and Polarization from Discrete Hex-Bus Allocation Dynamics","2026","Zenodo (CERN European Organization for Nuclear Research)","0","excluido","self_publicacion_zenodo",""
"https://doi.org/10.13140/rg.2.2.25402.86720","THE FORBIDDEN ALGEBRA OF COSMIC BIREFRINGENCE","2025","","0","excluido","sin_beta_en_abstract",""
"https://doi.org/10.5281/zenodo.17566870","Rotation Field of the Cosmic Microwave Background — Prediction & Experiment Overlays (v1.7)","2025","Zenodo (CERN European Organization for Nuclear Research)","0","excluido","self_publicacion_zenodo",""
"https://doi.org/10.5281/zenodo.19871754","CMB and Gravitational Wave Signatures of Non-Time-Orientable Spacetime: A No-Go Theorem, Indirect Birefringence, and Effective Neutrino Species Shift","2026","Zenodo (CERN European Organization for Nuclear Research)","0","excluido","self_publicacion_zenodo",""
"https://doi.org/10.48550/arxiv.2307.14798","Cosmic Birefringence by Dark Photon","2023","arXiv (Cornell University)","0","excluido","preprint_arxiv_sin_peer_review",""
"https://doi.org/10.7910/dvn/920ybk","Scale-Dependent and Anisotropic Cosmic Birefringence: 8.5σ Isotropic and 4–5σ Directional Rotation in Planck Polarization Data (v1.1)","2026","Harvard Dataverse","0","incluido","tiene_beta_extraible","anisotropica"
"https://doi.org/10.48550/arxiv.2208.03673","Testbed preparation of a small prototype polarization modulator for LiteBIRD low-frequency telescope","2022","arXiv (Cornell University)","0","excluido","preprint_arxiv_sin_peer_review",""
"https://doi.org/10.48550/arxiv.2207.07126","Catastrogenesis: DM, GWs, and PBHs from ALP string-wall networks","2022","arXiv (Cornell University)","0","excluido","preprint_arxiv_sin_peer_review",""
"https://doi.org/10.5194/egusphere-egu25-6615","Investigation of seismic anisotropy in the D’’ layer and at the CMB underneath Siberia and the North Atlantic","2025","","0","excluido","sin_beta_en_abstract",""
"https://doi.org/10.48550/arxiv.2308.01334","Signatures of Primordial Energy Injection from Axion Strings","2023","arXiv (Cornell University)","0","excluido","preprint_arxiv_sin_peer_review",""
"https://doi.org/10.5281/zenodo.18907480","Reciprocal Cosmology I: Late-time Ultralight Axion Dynamics as a Unified Explanation for Large-scale CMB Anomalies","2026","Zenodo (CERN European Organization for Nuclear Research)","0","excluido","self_publicacion_zenodo",""
"https://doi.org/10.48550/arxiv.2608.05296","3-form dark energy and cosmic birefringence","2026","arXiv (Cornell University)","0","excluido","preprint_arxiv_sin_peer_review",""
"https://doi.org/10.48550/arxiv.2505.03395","A chemically etched D-band waveguide orthomode transducer for CMB measurements","2025","arXiv (Cornell University)","0","excluido","preprint_arxiv_sin_peer_review",""
"https://doi.org/10.5281/zenodo.18143900","**R⁸ Triadic Bank: A Topological Self-Trapping Explanation of Wave–Particle Duality (Z₄₈→Z₂₄ Projection)**","2026","Zenodo (CERN European Organization for Nuclear Research)","0","excluido","self_publicacion_zenodo",""
"https://doi.org/10.5281/zenodo.21483841","Global Polarization Rotation in the CMB: Observational Evidence and Structural Compatibility","2026","Zenodo (CERN European Organization for Nuclear Research)","0","excluido","self_publicacion_zenodo",""
"https://doi.org/10.5281/zenodo.22045360","Cosmic Birefringence from Finite-Response Photon Transport in an Emergent Condensate Superfluid Medium","2026","Zenodo (CERN European Organization for Nuclear Research)","0","excluido","self_publicacion_zenodo",""
"https://doi.org/10.48550/arxiv.2602.14052","Constraining Lorentz Violation using 21cm and CMB Cross Correlations","2026","arXiv (Cornell University)","0","excluido","preprint_arxiv_sin_peer_review",""
"https://doi.org/10.48550/arxiv.2604.09356","CMB signatures of gravity-mediated dark radiation in $\mathbf{ΔN_{\rm eff}}$","2026","arXiv (Cornell University)","0","excluido","preprint_arxiv_sin_peer_review",""
"https://doi.org/10.5281/zenodo.19860589","Covariant informational gravity as a falsifiable effective-source model: gravitational-wave and CMB null tests","2026","Zenodo (CERN European Organization for Nuclear Research)","0","excluido","self_publicacion_zenodo",""
"https://doi.org/10.31489/2026n2/148-155","HIGGS INFLATION AROUND THE SYMMETRIC POINT","2026","Eurasian Physical Technical Journal","0","excluido","sin_beta_en_abstract",""
"https://doi.org/10.48550/arxiv.2208.08391","Searching for axion-like particles through CMB birefringence from string-wall networks","2022","arXiv (Cornell University)","0","excluido","preprint_arxiv_sin_peer_review",""
"https://doi.org/10.21468/scipost.report.2680","Report on 2012.11584v2","2021","","0","excluido","sin_beta_en_abstract",""
"https://doi.org/10.5281/zenodo.20806198","QMU-Constrained Simulation of Temporal-Torque Evolution: Numerical Chronogeometric Domains, Filament Memory, and Synthetic Birefringence Observables","2026","Zenodo (CERN European Organization for Nuclear Research)","0","excluido","self_publicacion_zenodo",""
"https://doi.org/10.5281/zenodo.18732884","Cosmic Birefringence and the Governance of Contested Rotation Signals: A TRIDENT Case Analysis","2026","Zenodo (CERN European Organization for Nuclear Research)","0","excluido","self_publicacion_zenodo",""
"https://doi.org/10.1088/1475-7516/2026/07/008","Is cosmic birefringence due to dark energy or dark matter? Simulation-based inference","2026","Journal of Cosmology and Astroparticle Physics","0","excluido","sin_beta_en_abstract",""
"https://doi.org/10.5281/zenodo.22188198","cosmic_birefringence: Differential polarization calibration for cosmic-birefringence analyses","2026","Zenodo (CERN European Organization for Nuclear Research)","0","excluido","self_publicacion_zenodo",""
"https://doi.org/10.1140/epjc/s10052-024-13444-8","Erratum to: Generation of the CMB cosmic birefringence through axion-like particles, sterile and active neutrinos","2024","The European Physical Journal C","0","excluido","sin_beta_en_abstract",""
"https://doi.org/10.58445/rars.3653","Dark matter and its role in galaxy formation","2026","","0","excluido","sin_beta_en_abstract",""
"https://doi.org/10.5281/zenodo.20147313","A Shared-Pseudoscalar Target Surface for Cosmic Birefringence and Gravitational-Anomaly Baryogenesis","2026","Zenodo (CERN European Organization for Nuclear Research)","0","excluido","self_publicacion_zenodo",""
"https://doi.org/10.70675/ec45b855z07fdz4cb9z81ebz45994f8afe8e","Gamma-ray astronomy with axion-like particles and search for intergalactic magnetic fields","2022","","0","excluido","sin_beta_en_abstract",""
"","Misaligned ALP dark matter and misaligned density fluctuations","2020","","0","excluido","sin_doi_valido",""
"https://doi.org/10.5281/zenodo.19026799","Geometric Origin of the Effective Axion Field in MRUV Cosmology: Emergent Chern–Simons Structure, the Coupling Parameter ε, and the Polarimetric Mirage Operator","2026","Zenodo (CERN European Organization for Nuclear Research)","0","excluido","self_publicacion_zenodo",""
"https://doi.org/10.5281/zenodo.22847223","Numerical Reconstruction of Organized Temporal-Torque Domains and Simulated Residual Cosmic Birefringence Maps","2026","Zenodo (CERN European Organization for Nuclear Research)","0","excluido","self_publicacion_zenodo",""
"https://doi.org/10.48550/arxiv.2608.06480","Cosmic birefringence from a joint analysis of ACT and Planck","2026","arXiv (Cornell University)","0","excluido","preprint_arxiv_sin_peer_review",""
"https://doi.org/10.1016/j.dark.2025.101854","Gravitational waves dynamics with Higgs portal and U(1) x SU(2) interactions","2025","Physics of the Dark Universe","0","excluido","sin_beta_en_abstract",""
"https://doi.org/10.48550/arxiv.2511.18917","Improved constraints on ultralight axions using latest observations of the early and late Universe","2025","arXiv (Cornell University)","0","excluido","preprint_arxiv_sin_peer_review",""
"https://doi.org/10.5281/zenodo.22933216","Axion Sea Dark Energy × Cosmic Birefringence","2026","Zenodo (CERN European Organization for Nuclear Research)","0","excluido","self_publicacion_zenodo",""
"","v1.4 — MASTER-Calibrated Dipole & Rotation Field","2026","OSF Preprints (OSF Preprints)","0","excluido","sin_doi_valido",""
"https://doi.org/10.48550/arxiv.2411.05002","Extracting Axion String Network Parameters from Simulated CMB Birefringence Maps using Convolutional Neural Networks","2024","arXiv (Cornell University)","0","excluido","preprint_arxiv_sin_peer_review",""
"https://doi.org/10.5281/zenodo.21977962","The Unseen Sky","2026","Zenodo (CERN European Organization for Nuclear Research)","0","excluido","self_publicacion_zenodo",""
"https://doi.org/10.3929/ethz-c-000795692","The Atacama Cosmology Telescope: DR6 constraints on extended cosmological models","2025","Repository for Publications and Research Data (ETH Zurich)","0","excluido","sin_beta_en_abstract",""
"https://doi.org/10.48550/arxiv.2512.10951","Evidence of galaxy cluster rotation in the cosmic microwave background","2025","arXiv (Cornell University)","0","excluido","preprint_arxiv_sin_peer_review",""
"https://doi.org/10.22323/1.454.0016","Birefringence in CMB anisotropies due to cosmological pseudoscalar fields","2024","","0","excluido","sin_beta_en_abstract",""
"https://doi.org/10.5281/zenodo.17778213","The Polarization of Light in a Chiral Vacuum Manifold: An Experimental Test of Cosmic Vorticity","2025","Zenodo (CERN European Organization for Nuclear Research)","0","excluido","self_publicacion_zenodo",""
"https://doi.org/10.5281/zenodo.19870519","Oscillatory H(z) as a Probe of Ultralight Axions: Joint Analysis of CC, Planck, DESI, and Pantheon+ with Microphysical Parameter Inversion","2026","Zenodo (CERN European Organization for Nuclear Research)","0","excluido","self_publicacion_zenodo",""
"https://doi.org/10.48550/arxiv.2507.16714","Planck constraints on the scale dependence of isotropic cosmic birefringence","2025","arXiv (Cornell University)","0","excluido","preprint_arxiv_sin_peer_review",""
"https://doi.org/10.48550/arxiv.2409.01098","Forecasts on Anisotropic Cosmic Birefringence Constraints for CMB Experiment in the Northern Hemisphere","2024","arXiv (Cornell University)","0","excluido","preprint_arxiv_sin_peer_review",""
"https://doi.org/10.5281/zenodo.20753445","Temporal Torque Memory and Galactic-Scale Aether Organization: A Predictive Framework for Cosmic Birefringence","2026","Zenodo (CERN European Organization for Nuclear Research)","0","excluido","self_publicacion_zenodo",""
"https://doi.org/10.48550/arxiv.2405.08878","A power spectrum approach to the search for Axion-like Particles from resolved galaxy clusters using CMB as a backlight","2024","arXiv (Cornell University)","0","excluido","preprint_arxiv_sin_peer_review",""
"https://doi.org/10.5281/zenodo.18521352","The Periodic Table of Elementary Particles","2026","Zenodo (CERN European Organization for Nuclear Research)","0","excluido","self_publicacion_zenodo",""
"","Is cosmic birefringence due to dark energy or dark matter? Simulation-based inference","2026","arXiv (Cornell University)","0","excluido","sin_doi_valido",""
"https://doi.org/10.5281/zenodo.19870520","Oscillatory H(z) as a Probe of Ultralight Axions: Joint Analysis of CC, Planck, DESI, and Pantheon+ with Microphysical Parameter Inversion","2026","Zenodo (CERN European Organization for Nuclear Research)","0","excluido","self_publicacion_zenodo",""
"https://doi.org/10.5281/zenodo.21979204","Torsión Axial Helicoidal en Cosmología Riemann–Cartan: Fundamentos matemáticos, fenomenología y falsabilidad sistemática (2024–2026) — Teoría Helicoidal Universal THU–TBEA 4.0","2026","Zenodo (CERN European Organization for Nuclear Research)","0","excluido","self_publicacion_zenodo",""
"https://doi.org/10.48550/arxiv.2111.12741","Probing cosmic strings by reconstructing polarization rotation of the cosmic microwave background","2021","eScholarship (California Digital Library)","0","excluido","preprint_arxiv_sin_peer_review",""
"https://doi.org/10.5281/zenodo.20147312","A Shared-Pseudoscalar Target Surface for Cosmic Birefringence and Gravitational-Anomaly Baryogenesis","2026","Zenodo (CERN European Organization for Nuclear Research)","0","excluido","self_publicacion_zenodo",""
"https://doi.org/10.5281/zenodo.20172373","CPQ Theory: Cosmic Birefringence as a Signature of Matrix Chirality","2026","Zenodo (CERN European Organization for Nuclear Research)","0","excluido","self_publicacion_zenodo",""
"https://doi.org/10.5281/zenodo.17585144","On the uniform, achromatic rotation of CMB polarization","2025","Zenodo (CERN European Organization for Nuclear Research)","0","excluido","self_publicacion_zenodo",""
"https://doi.org/10.5281/zenodo.19508713","Global Polarization Rotation in the CMB_ Observational Evidence and Structural Compatibility","2026","Zenodo (CERN European Organization for Nuclear Research)","0","excluido","self_publicacion_zenodo",""
"https://doi.org/10.48550/arxiv.2410.05149","Tomographic constraint on anisotropic cosmic birefringence","2024","arXiv (Cornell University)","0","excluido","preprint_arxiv_sin_peer_review",""
"https://doi.org/10.48550/arxiv.2608.10633","Baryogenesis and CMB spectral distortion from Axions","2026","arXiv (Cornell University)","0","excluido","preprint_arxiv_sin_peer_review",""
"https://doi.org/10.5281/zenodo.22884894","Full-sky CMB temperature topology as evidence for large-scale differential rotation in the early universe","2026","Zenodo (CERN European Organization for Nuclear Research)","0","excluido","self_publicacion_zenodo",""
"https://doi.org/10.5281/zenodo.21436282","T₇ Matched-Arc CMB Search: a pre-registered test of a Fano-plane cosmic topology on Planck 2018","2026","Zenodo (CERN European Organization for Nuclear Research)","0","excluido","self_publicacion_zenodo",""
"https://doi.org/10.48550/arxiv.2207.14796","Improved Polarization Calibration of the BICEP3 CMB Polarimeter at the South Pole","2022","arXiv (Cornell University)","0","excluido","preprint_arxiv_sin_peer_review",""
"https://doi.org/10.48550/arxiv.2305.13976","Gravitational lensing effect on cosmic birefringence","2023","arXiv (Cornell University)","0","excluido","preprint_arxiv_sin_peer_review",""
"https://doi.org/10.48550/arxiv.2506.20824","Planck Constraints on Axion-Like Particles through Isotropic Cosmic Birefringence","2025","arXiv (Cornell University)","0","excluido","preprint_arxiv_sin_peer_review",""
"https://doi.org/10.48550/arxiv.2510.01308","Enhanced Matter Power Spectrum from Axion Kination after Big Bang Nucleosynthesis","2025","arXiv (Cornell University)","0","excluido","preprint_arxiv_sin_peer_review",""
"https://doi.org/10.5281/zenodo.21897175","From Cosmic Polarization to Earthquake Forecasting: A Unified Framework Bridging the Hubble Tension, Galactic Rotation, and Regional Seismic Precursory Signals","2026","Zenodo (CERN European Organization for Nuclear Research)","0","excluido","self_publicacion_zenodo",""
